Date,SessionTime,DriverAhead,DistanceToDriverAhead,Time,RPM,Speed,nGear,Throttle,Brake,DRS,Source,Distance,RelativeDistance,Status,X,Y,Z
2024-03-02 16:01:12.181,0 days 01:57:29.750000,,28.96333333333334,0 days 00:00:00,10885,295,7,99,False,12,interpolation,0.0027263939442650487,5.051678705675743e-07,OnTrack,-354,1403,-157
2024-03-02 16:01:12.400,0 days 01:57:29.969000,,28.96333333333334,0 days 00:00:00.219000,10618,296,8,99,False,12,car,18.01833333333333,0.0033385795549909086,OnTrack,-369,1506,-158
2024-03-02 16:01:12.519,0 days 01:57:30.088000,,28.96333333333334,0 days 00:00:00.338000,10650,297,8,99,False,12,pos,27.885030036602203,0.005166759291675563,OnTrack,-366,1584,-159
2024-03-02 16:01:12.600,0 days 01:57:30.169000,14,28.96333333333334,0 days 00:00:00.419000,10682,299,8,99,False,12,car,34.629444444444445,0.006416417827559842,OnTrack,-362,1647,-159
2024-03-02 16:01:12.739,0 days 01:57:30.308000,14,28.65222222222222,0 days 00:00:00.558000,10688,300,8,99,False,12,pos,46.24903953136229,0.008569388464566044,OnTrack,-357,1766,-159
2024-03-02 16:01:12.760,0 days 01:57:30.329000,14,28.341111111111104,0 days 00:00:00.579000,10695,301,8,99,False,12,car,48.007222222222225,0.008895158483193952,OnTrack,-356,1783,-158
2024-03-02 16:01:12.920,0 days 01:57:30.489000,14,27.674444444444426,0 days 00:00:00.739000,10741,302,8,99,False,12,car,61.42944444444445,0.011382134157617544,OnTrack,-350,1917,-158
2024-03-02 16:01:12.999,0 days 01:57:30.568000,14,27.259629629629615,0 days 00:00:00.818000,10792,303,8,99,False,12,pos,68.0970137329587,0.01261755422096704,OnTrack,-348,1984,-159
2024-03-02 16:01:13.159,0 days 01:57:30.728000,14,26.844814814814804,0 days 00:00:00.978000,10844,304,8,99,False,12,pos,81.67106882873021,0.01513266269313777,OnTrack,-342,2119,-159
2024-03-02 16:01:13.200,0 days 01:57:30.769000,14,26.429999999999993,0 days 00:00:01.019000,10896,305,8,99,False,12,car,85.15166666666667,0.015777575436503613,OnTrack,-340,2151,-158
2024-03-02 16:01:13.359,0 days 01:57:30.928000,14,25.846666666666664,0 days 00:00:01.178000,10918,305,8,99,False,12,pos,98.64974291856042,0.01827860594651827,OnTrack,-336,2289,-159
2024-03-02 16:01:13.480,0 days 01:57:31.049000,14,25.263333333333335,0 days 00:00:01.299000,10940,306,8,99,False,12,car,108.95166666666667,0.020187427998271272,OnTrack,-329,2439,-158
2024-03-02 16:01:13.619,0 days 01:57:31.188000,14,24.885555555555555,0 days 00:00:01.438000,10974,307,8,99,False,12,pos,120.84079348805456,0.022390339610476227,OnTrack,-322,2613,-159
2024-03-02 16:01:13.640,0 days 01:57:31.209000,14,24.507777777777775,0 days 00:00:01.459000,11008,308,8,99,False,12,car,122.64055555555557,0.02272381378543176,OnTrack,-321,2633,-159
2024-03-02 16:01:13.800,0 days 01:57:31.369000,14,23.7522222222222,0 days 00:00:01.619000,11041,309,8,99,False,12,car,136.3738888888889,0.025268434591381728,OnTrack,-316,2743,-159
2024-03-02 16:01:14.039,0 days 01:57:31.608000,14,23.052222222222213,0 days 00:00:01.858000,11068,309,8,99,False,12,pos,156.93778344521496,0.02907867589764789,OnTrack,-310,2871,-159
2024-03-02 16:01:14.080,0 days 01:57:31.649000,14,22.352222222222224,0 days 00:00:01.899000,11096,310,8,99,False,12,car,160.485,0.029735932284675762,OnTrack,-308,2904,-158
2024-03-02 16:01:14.219,0 days 01:57:31.788000,14,21.685555555555567,0 days 00:00:02.038000,11131,311,8,99,False,12,pos,172.56854137940388,0.03197486656649045,OnTrack,-302,3027,-159
2024-03-02 16:01:14.399,0 days 01:57:31.968000,14,21.01888888888891,0 days 00:00:02.218000,11166,312,8,99,False,12,pos,188.30157062756948,0.034890006874658035,OnTrack,-297,3144,-159
2024-03-02 16:01:14.440,0 days 01:57:32.009000,14,20.352222222222252,0 days 00:00:02.259000,11202,314,8,99,False,12,car,191.885,0.035553973059444854,OnTrack,-295,3181,-158
2024-03-02 16:01:14.640,0 days 01:57:32.209000,14,19.241111111111138,0 days 00:00:02.459000,11203,315,8,99,False,12,car,209.385,0.03879651170780343,OnTrack,-284,3439,-157
2024-03-02 16:01:14.739,0 days 01:57:32.308000,14,18.385555555555584,0 days 00:00:02.558000,11243,316,8,99,False,12,pos,218.10749820968277,0.04041268528238257,OnTrack,-280,3547,-157
2024-03-02 16:01:14.920,0 days 01:57:32.489000,14,17.53000000000003,0 days 00:00:02.739000,11283,318,8,99,False,12,car,234.1183333333333,0.04337929966415022,OnTrack,-275,3659,-157
2024-03-02 16:01:15.099,0 days 01:57:32.668000,14,16.9466666666667,0 days 00:00:02.918000,11296,318,8,99,False,12,pos,249.92731743808025,0.04630851348991755,OnTrack,-272,3759,-158
2024-03-02 16:01:15.120,0 days 01:57:32.689000,14,16.363333333333372,0 days 00:00:02.939000,11309,318,8,99,False,12,car,251.785,0.04665271963296935,OnTrack,-271,3775,-158
2024-03-02 16:01:15.359,0 days 01:57:32.928000,14,15.385555555555598,0 days 00:00:03.178000,11348,319,8,99,False,12,pos,273.0048522054923,0.050584501969470244,OnTrack,-262,4025,-158
2024-03-02 16:01:15.440,0 days 01:57:33.009000,14,14.407777777777824,0 days 00:00:03.259000,11388,320,8,99,False,12,car,280.2294444444444,0.051923131658237885,OnTrack,-258,4113,-157
2024-03-02 16:01:16.240,0 days 01:57:33.809000,14,9.074444444444453,0 days 00:00:04.059000,11517,324,8,99,False,12,car,352.2294444444444,0.06526386209719888,OnTrack,-231,4913,-156
2024-03-02 16:01:16.359,0 days 01:57:33.928000,14,8.274444444444441,0 days 00:00:04.178000,11527,324,8,99,False,12,pos,362.94144024441107,0.0672486655476244,OnTrack,-228,5001,-156
2024-03-02 16:01:16.480,0 days 01:57:34.049000,14,7.47444444444443,0 days 00:00:04.299000,11538,324,8,99,False,12,car,373.82944444444445,0.06926608122888718,OnTrack,-225,5080,-155
2024-03-02 16:01:16.680,0 days 01:57:34.249000,14,6.141111111111172,0 days 00:00:04.499000,11537,324,8,99,False,12,car,391.8294444444444,0.07260126383862742,OnTrack,-220,5211,-155
2024-03-02 16:01:16.699,0 days 01:57:34.268000,14,5.630000000000052,0 days 00:00:04.518000,11525,324,8,99,False,12,pos,393.539508446279,0.07291811804531972,OnTrack,-220,5226,-155
2024-03-02 16:01:16.919,0 days 01:57:34.488000,14,5.118888888888932,0 days 00:00:04.738000,11513,324,8,99,False,12,pos,413.33945942856667,0.0765868098336439,OnTrack,-214,5425,-153
2024-03-02 16:01:16.920,0 days 01:57:34.489000,14,4.607777777777812,0 days 00:00:04.739000,11501,324,8,99,False,12,car,413.4294444444444,0.07660348297031572,OnTrack,-213,5425,-152
2024-03-02 16:01:17.179,0 days 01:57:34.748000,14,3.541111111111121,0 days 00:00:04.998000,11503,324,8,99,False,12,pos,436.73674570069545,0.08092204440530604,OnTrack,-206,5659,-150
2024-03-02 16:01:17.240,0 days 01:57:34.809000,14,2.47444444444443,0 days 00:00:05.059000,11506,324,8,99,False,12,car,442.2294444444444,0.08193977514590012,OnTrack,-204,5711,-149
2024-03-02 16:01:17.339,0 days 01:57:34.908000,14,1.5022222222222013,0 days 00:00:05.158000,11471,324,8,99,False,12,pos,451.14812815082166,0.08359229952363807,OnTrack,-201,5803,-149
2024-03-02 16:01:17.520,0 days 01:57:35.089000,14,0.5299999999999727,0 days 00:00:05.339000,11437,324,8,99,False,12,car,467.42944444444447,0.08660903079953647,OnTrack,-194,6018,-147
2024-03-02 16:01:17.619,0 days 01:57:35.188000,14,102.11374999999998,0 days 00:00:05.438000,11459,323,8,99,False,12,pos,476.2898859108661,0.08825076359361594,OnTrack,-191,6125,-147
2024-03-02 16:01:17.720,0 days 01:57:35.289000,63,203.6975,0 days 00:00:05.539000,11482,322,8,99,False,12,car,485.31833333333327,0.089923625862303,OnTrack,-188,6205,-146
2024-03-02 16:01:17.939,0 days 01:57:35.508000,63,194.28638888888884,0 days 00:00:05.758000,11435,322,8,99,False,12,pos,504.9219640363663,0.09355594187388777,OnTrack,-185,6340,-144
2024-03-02 16:01:18.000,0 days 01:57:35.569000,63,184.87527777777768,0 days 00:00:05.819000,11389,322,8,99,False,12,car,510.36277777777775,0.09456405895017617,OnTrack,-183,6388,-143
2024-03-02 16:01:18.160,0 days 01:57:35.729000,63,174.03083333333313,0 days 00:00:05.979000,11347,320,8,99,False,12,car,524.585,0.09719926496281045,OnTrack,-180,6534,-142
2024-03-02 16:01:18.219,0 days 01:57:35.788000,63,164.77157407407387,0 days 00:00:06.038000,11328,319,8,99,False,12,pos,529.8385560927395,0.09817268545835486,OnTrack,-179,6586,-142
2024-03-02 16:01:18.359,0 days 01:57:35.928000,63,155.51231481481457,0 days 00:00:06.178000,11310,319,8,99,False,12,pos,542.3409085597862,0.10048922037662913,OnTrack,-175,6710,-141
2024-03-02 16:01:18.560,0 days 01:57:36.129000,63,146.2530555555553,0 days 00:00:06.379000,11292,319,8,99,False,12,car,560.0294444444444,0.1037666924474224,OnTrack,-167,7001,-138
2024-03-02 16:01:18.599,0 days 01:57:36.168000,63,137.15305555555528,0 days 00:00:06.418000,11087,310,8,51,False,12,pos,563.3917188733454,0.10438968129211379,OnTrack,-166,7045,-138
2024-03-02 16:01:18.840,0 days 01:57:36.409000,63,128.05305555555526,0 days 00:00:06.659000,10882,301,8,3,True,0,car,583.4405555555555,0.1081044885947821,OnTrack,-163,7146,-137
2024-03-02 16:01:18.879,0 days 01:57:36.448000,63,122.24749999999966,0 days 00:00:06.698000,10602,287,8,2,True,0,pos,586.4972051345014,0.10867084884588046,OnTrack,-163,7164,-137
2024-03-02 16:01:19.040,0 days 01:57:36.609000,63,116.44194444444406,0 days 00:00:06.859000,10322,274,8,1,True,0,car,598.6627777777778,0.11092498253017972,OnTrack,-158,7284,-135
2024-03-02 16:01:19.159,0 days 01:57:36.728000,63,112.01972222222179,0 days 00:00:06.978000,10223,268,8,0,True,0,pos,607.4505769497528,0.11255325558441642,OnTrack,-155,7382,-135
2024-03-02 16:01:19.200,0 days 01:57:36.769000,63,107.59749999999951,0 days 00:00:07.019000,10125,262,8,0,True,0,car,610.3072222222223,0.11308255745302405,OnTrack,-153,7410,-134
2024-03-02 16:01:19.479,0 days 01:57:37.048000,63,99.53083333333285,0 days 00:00:07.298000,10279,231,8,0,True,0,pos,626.512757890726,0.1160852474943084,OnTrack,-147,7595,-133
2024-03-02 16:01:19.640,0 days 01:57:37.209000,63,91.46416666666619,0 days 00:00:07.459000,10433,200,6,0,True,0,car,634.7516666666668,0.1176118177872392,OnTrack,-139,7757,-132
2024-03-02 16:01:19.679,0 days 01:57:37.248000,63,87.93083333333283,0 days 00:00:07.498000,10439,189,6,0,True,0,pos,636.7362211047373,0.11797953175668005,OnTrack,-138,7785,-132
2024-03-02 16:01:19.880,0 days 01:57:37.449000,63,84.39749999999947,0 days 00:00:07.699000,10446,179,6,0,True,0,car,646.6850000000002,0.11982292033221516,OnTrack,-135,7820,-131
2024-03-02 16:01:19.899,0 days 01:57:37.468000,63,82.5308333333328,0 days 00:00:07.718000,10334,169,6,0,True,0,pos,647.5675239079258,0.1199864413539037,OnTrack,-135,7825,-131
2024-03-02 16:01:20.040,0 days 01:57:37.609000,63,80.66416666666612,0 days 00:00:07.859000,10222,159,5,0,True,0,car,653.7516666666669,0.12113228831974282,OnTrack,-131,7884,-131
2024-03-02 16:01:20.139,0 days 01:57:37.708000,63,78.99749999999949,0 days 00:00:07.958000,10181,149,5,0,True,0,pos,657.7008244549329,0.12186401956299533,OnTrack,-128,7933,-131
2024-03-02 16:01:20.240,0 days 01:57:37.809000,63,77.33083333333286,0 days 00:00:08.059000,10141,140,4,0,True,0,car,661.5294444444446,0.12257341660790218,OnTrack,-125,7972,-130
2024-03-02 16:01:20.400,0 days 01:57:37.969000,63,75.28638888888838,0 days 00:00:08.219000,10626,132,3,0,True,0,car,667.3961111111113,0.1236604390881138,OnTrack,-121,8021,-129
2024-03-02 16:01:20.499,0 days 01:57:38.068000,63,74.73083333333284,0 days 00:00:08.318000,10346,125,3,0,True,0,pos,670.7138649745367,0.12427517880970798,OnTrack,-113,8065,-129
2024-03-02 16:01:20.560,0 days 01:57:38.129000,63,74.1752777777773,0 days 00:00:08.379000,10066,118,3,0,True,0,car,672.6405555555557,0.1246321713052727,OnTrack,-105,8098,-128
2024-03-02 16:01:20.659,0 days 01:57:38.228000,63,74.39749999999952,0 days 00:00:08.478000,9305,109,3,0,True,0,pos,675.5964237894057,0.12517985799028492,OnTrack,-93,8152,-129
2024-03-02 16:01:20.880,0 days 01:57:38.449000,63,74.61972222222175,0 days 00:00:08.699000,8544,100,2,0,True,0,car,681.5294444444446,0.1262791750631691,OnTrack,-83,8184,-129
2024-03-02 16:01:20.959,0 days 01:57:38.528000,63,76.08638888888841,0 days 00:00:08.778000,7992,94,2,0,True,0,pos,683.480253629712,0.12664063644481494,OnTrack,-79,8191,-129
2024-03-02 16:01:21.319,0 days 01:57:38.888000,63,77.55305555555508,0 days 00:00:09.138000,7440,88,2,0,True,0,pos,691.530161768374,0.1281321872022634,OnTrack,-37,8263,-128
2024-03-02 16:01:21.320,0 days 01:57:38.889000,63,79.01972222222173,0 days 00:00:09.139000,6889,82,2,0,True,0,car,691.5516666666668,0.12813617180019732,OnTrack,-36,8263,-127
2024-03-02 16:01:21.499,0 days 01:57:39.068000,63,80.8863888888884,0 days 00:00:09.318000,6716,79,2,0,True,0,pos,695.3517406450442,0.12884027961399788,OnTrack,-10,8291,-128
2024-03-02 16:01:21.659,0 days 01:57:39.228000,63,82.75305555555508,0 days 00:00:09.478000,6543,77,2,0,True,0,pos,698.6319583427013,0.12944806433740835,OnTrack,15,8312,-128
2024-03-02 16:01:21.680,0 days 01:57:39.249000,63,84.61972222222175,0 days 00:00:09.499000,6371,75,2,0,True,0,car,699.0516666666668,0.12952583122092243,OnTrack,18,8314,-128
2024-03-02 16:01:21.840,0 days 01:57:39.409000,63,87.50861111111067,0 days 00:00:09.659000,5800,70,2,0,True,0,car,702.1627777777779,0.13010228253618616,OnTrack,42,8329,-128
2024-03-02 16:01:21.919,0 days 01:57:39.488000,63,90.61972222222175,0 days 00:00:09.738000,5710,67,2,0,True,0,pos,703.6347203688522,0.13037501572131321,OnTrack,60,8336,-129
2024-03-02 16:01:22.120,0 days 01:57:39.689000,63,93.73083333333284,0 days 00:00:09.939000,5621,65,2,0,True,0,car,707.2183333333335,0.13103901592348977,OnTrack,116,8346,-129
2024-03-02 16:01:22.139,0 days 01:57:39.708000,63,97.84564814814765,0 days 00:00:09.958000,5495,63,2,2,True,0,pos,707.549459046297,0.1311003695190183,OnTrack,120,8347,-130
2024-03-02 16:01:22.379,0 days 01:57:39.948000,63,101.96046296296247,0 days 00:00:10.198000,5370,62,2,4,True,0,pos,711.6313583418404,0.1318566961604187,OnTrack,141,8345,-130
2024-03-02 16:01:22.560,0 days 01:57:40.129000,63,106.07527777777727,0 days 00:00:10.379000,5245,61,2,7,False,0,car,714.673888888889,0.13242044032542538,OnTrack,173,8337,-130
2024-03-02 16:01:22.579,0 days 01:57:40.148000,63,108.3863888888884,0 days 00:00:10.398000,5385,61,2,12,False,0,pos,714.9945149202383,0.13247984845675795,OnTrack,177,8336,-131
2024-03-02 16:01:22.720,0 days 01:57:40.289000,63,110.69749999999954,0 days 00:00:10.539000,5526,61,2,18,False,0,car,717.3850000000001,0.1329227764715838,OnTrack,206,8323,-131
2024-03-02 16:01:22.880,0 days 01:57:40.449000,63,115.54194444444397,0 days 00:00:10.699000,5606,62,2,26,False,0,car,720.1405555555557,0.13343334763653167,OnTrack,236,8306,-132
2024-03-02 16:01:22.939,0 days 01:57:40.508000,63,120.13083333333287,0 days 00:00:10.758000,5794,63,2,31,False,0,pos,721.1710304705998,0.13362428219299993,OnTrack,246,8301,-133
2024-03-02 16:01:23.160,0 days 01:57:40.729000,63,124.71972222222178,0 days 00:00:10.979000,5982,64,2,37,False,0,car,725.1183333333335,0.13435566974095367,OnTrack,268,8285,-133
2024-03-02 16:01:23.279,0 days 01:57:40.848000,63,128.36416666666625,0 days 00:00:11.098000,6173,65,2,39,False,0,pos,727.3204139130869,0.13476368867733368,OnTrack,281,8275,-134
2024-03-02 16:01:23.479,0 days 01:57:41.048000,63,132.0086111111107,0 days 00:00:11.298000,6365,67,2,41,False,0,pos,731.2310770147611,0.13548828732007018,OnTrack,309,8252,-134
2024-03-02 16:01:23.480,0 days 01:57:41.049000,63,135.65305555555517,0 days 00:00:11.299000,6557,69,2,44,False,0,car,731.2516666666668,0.1354921023339022,OnTrack,309,8251,-134
2024-03-02 16:01:23.720,0 days 01:57:41.289000,63,143.65305555555517,0 days 00:00:11.539000,7006,79,2,46,False,0,car,736.5183333333334,0.1364679520604558,OnTrack,345,8219,-135
2024-03-02 16:01:23.739,0 days 01:57:41.308000,63,149.23824074074034,0 days 00:00:11.558000,7617,84,2,53,False,0,pos,736.9661398781656,0.13655092520494758,OnTrack,349,8216,-136
2024-03-02 16:01:24.019,0 days 01:57:41.588000,63,154.82342592592548,0 days 00:00:11.838000,8228,90,2,60,False,0,pos,744.1126343701283,0.1378750843244031,OnTrack,415,8148,-138
2024-03-02 16:01:24.240,0 days 01:57:41.809000,63,160.40861111111064,0 days 00:00:12.059000,8839,96,2,67,False,0,car,750.3850000000001,0.13903727792277423,OnTrack,439,8121,-139
2024-03-02 16:01:24.379,0 days 01:57:41.948000,63,164.40861111111067,0 days 00:00:12.198000,9136,101,2,69,False,0,pos,754.5852527301479,0.13981553402622438,OnTrack,459,8101,-140
2024-03-02 16:01:24.459,0 days 01:57:42.028000,63,168.40861111111073,0 days 00:00:12.278000,9433,107,2,71,False,0,pos,757.0914326553894,0.1402798988986436,OnTrack,475,8084,-140
2024-03-02 16:01:24.640,0 days 01:57:42.209000,63,172.40861111111076,0 days 00:00:12.459000,9730,113,2,73,False,0,car,762.9405555555556,0.14136367073080292,OnTrack,501,8056,-140
2024-03-02 16:01:24.719,0 days 01:57:42.288000,63,175.3252777777774,0 days 00:00:12.538000,9359,117,2,72,False,0,pos,765.5654242108601,0.14185002719147094,OnTrack,516,8043,-141
2024-03-02 16:01:24.840,0 days 01:57:42.409000,63,178.24194444444402,0 days 00:00:12.659000,8988,121,2,72,False,0,car,769.6627777777779,0.14260921732271212,OnTrack,545,8017,-141
2024-03-02 16:01:24.939,0 days 01:57:42.508000,63,180.5752777777774,0 days 00:00:12.758000,9263,123,2,72,False,0,pos,773.0756358943923,0.14324157871382565,OnTrack,571,7996,-142
2024-03-02 16:01:25.000,0 days 01:57:42.569000,63,182.90861111111076,0 days 00:00:12.819000,9539,125,3,73,False,0,car,775.2183333333335,0.14363859467139736,OnTrack,585,7984,-142
2024-03-02 16:01:25.199,0 days 01:57:42.768000,63,185.7697222222219,0 days 00:00:13.018000,9050,128,3,72,False,0,pos,782.4588553730881,0.14498017595986573,OnTrack,646,7946,-143
2024-03-02 16:01:25.200,0 days 01:57:42.769000,63,188.63083333333304,0 days 00:00:13.019000,8561,131,3,72,False,0,car,782.4961111111112,0.14498707899817503,OnTrack,646,7945,-143
2024-03-02 16:01:25.399,0 days 01:57:42.968000,63,191.4363888888886,0 days 00:00:13.218000,8590,134,3,72,False,0,pos,790.0684551758724,0.14639014290038405,OnTrack,764,7894,-144
2024-03-02 16:01:25.400,0 days 01:57:42.969000,63,194.24194444444413,0 days 00:00:13.219000,8620,137,4,72,False,0,car,790.1072222222223,0.14639732596587385,OnTrack,764,7893,-144
2024-03-02 16:01:25.560,0 days 01:57:43.129000,63,198.6419444444441,0 days 00:00:13.379000,9152,142,4,74,False,0,car,796.4183333333334,0.1475666986339803,OnTrack,806,7876,-143
2024-03-02 16:01:25.739,0 days 01:57:43.308000,63,201.7752777777775,0 days 00:00:13.558000,9396,146,4,77,False,0,pos,803.8395429321577,0.1489417591449379,OnTrack,842,7874,-143
2024-03-02 16:01:25.800,0 days 01:57:43.369000,63,204.90861111111087,0 days 00:00:13.619000,9641,150,4,80,False,0,car,806.4183333333334,0.14941957786161378,OnTrack,868,7872,-142
2024-03-02 16:01:25.960,0 days 01:57:43.529000,63,209.08638888888845,0 days 00:00:13.779000,9801,154,4,78,False,0,car,813.2627777777778,0.15068777075519402,OnTrack,967,7867,-142
2024-03-02 16:01:26.079,0 days 01:57:43.648000,63,211.6141666666664,0 days 00:00:13.898000,9841,157,4,79,False,0,pos,818.4901533473303,0.1516563403159803,OnTrack,1031,7866,-142
2024-03-02 16:01:26.160,0 days 01:57:43.729000,63,214.14194444444433,0 days 00:00:13.979000,9881,160,4,81,False,0,car,822.1516666666666,0.15233477451309044,OnTrack,1062,7866,-141
2024-03-02 16:01:26.439,0 days 01:57:44.008000,63,218.1919444444443,0 days 00:00:14.258000,10518,167,4,90,False,0,pos,835.5115129851798,0.1548101926858853,OnTrack,1153,7881,-139
2024-03-02 16:01:26.520,0 days 01:57:44.089000,63,222.24194444444424,0 days 00:00:14.339000,11155,174,4,99,False,0,car,839.5516666666667,0.15555878436917267,OnTrack,1204,7890,-137
2024-03-02 16:01:26.679,0 days 01:57:44.248000,63,225.3974999999998,0 days 00:00:14.498000,11255,180,4,99,False,0,pos,847.6531654281946,0.157059894245966,OnTrack,1319,7912,-135
2024-03-02 16:01:26.840,0 days 01:57:44.409000,63,228.55305555555537,0 days 00:00:14.659000,11356,186,4,99,False,0,car,856.085,0.15862221135886,OnTrack,1393,7927,-132
2024-03-02 16:01:27.099,0 days 01:57:44.668000,63,231.1974999999997,0 days 00:00:14.918000,10937,191,4,99,False,0,pos,870.1545013839841,0.16122912004461443,OnTrack,1482,7953,-129
2024-03-02 16:01:27.120,0 days 01:57:44.689000,63,233.84194444444404,0 days 00:00:14.939000,10519,196,5,99,False,0,car,871.3294444444444,0.16144682280365236,OnTrack,1491,7955,-128
2024-03-02 16:01:27.259,0 days 01:57:44.828000,63,235.99009259259222,0 days 00:00:15.078000,10714,200,5,99,False,0,pos,879.2474496861308,0.1629139335473137,OnTrack,1566,7979,-127
2024-03-02 16:01:27.439,0 days 01:57:45.008000,63,238.13824074074043,0 days 00:00:15.258000,10910,204,5,99,False,0,pos,889.7458998245575,0.16485916956569735,OnTrack,1662,8012,-123
2024-03-02 16:01:27.520,0 days 01:57:45.089000,63,240.2863888888886,0 days 00:00:15.339000,11106,208,5,99,False,0,car,894.4405555555555,0.16572903257418306,OnTrack,1706,8025,-121
2024-03-02 16:01:27.579,0 days 01:57:45.148000,63,241.6641666666664,0 days 00:00:15.398000,11361,208,5,99,False,0,pos,897.8430442344873,0.16635947263372813,OnTrack,1739,8035,-121
2024-03-02 16:01:27.680,0 days 01:57:45.249000,63,243.0419444444442,0 days 00:00:15.499000,11616,208,5,99,False,0,car,903.685,0.16744191648239531,OnTrack,1795,8048,-118
2024-03-02 16:01:27.779,0 days 01:57:45.348000,63,244.6252777777775,0 days 00:00:15.598000,11670,211,5,99,False,0,pos,909.5240218966919,0.16852381672060313,OnTrack,1851,8059,-116
2024-03-02 16:01:27.880,0 days 01:57:45.449000,63,246.20861111111083,0 days 00:00:15.699000,11724,214,5,99,False,0,car,915.5738888888887,0.16964478400858177,OnTrack,1909,8066,-113
2024-03-02 16:01:28.040,0 days 01:57:45.609000,63,248.56416666666644,0 days 00:00:15.859000,10604,219,5,99,False,0,car,925.3072222222221,0.17144825312347833,OnTrack,2006,8070,-110
2024-03-02 16:01:28.099,0 days 01:57:45.668000,63,249.83453703703682,0 days 00:00:15.918000,10552,221,5,99,False,0,pos,928.9578571520217,0.17212467168638818,OnTrack,2043,8071,-110
2024-03-02 16:01:28.219,0 days 01:57:45.788000,63,251.10490740740718,0 days 00:00:16.038000,10500,223,5,99,False,0,pos,936.4872315394387,0.17351977382634026,OnTrack,2117,8070,-108
2024-03-02 16:01:28.320,0 days 01:57:45.889000,63,252.37527777777757,0 days 00:00:16.139000,10448,226,6,99,False,0,car,942.8849999999999,0.1747052030547185,OnTrack,2177,8068,-106
2024-03-02 16:01:28.459,0 days 01:57:46.028000,63,253.65305555555534,0 days 00:00:16.278000,10521,228,6,99,False,0,pos,951.7532353061503,0.17634837995317174,OnTrack,2268,8064,-103
2024-03-02 16:01:28.520,0 days 01:57:46.089000,63,254.9308333333331,0 days 00:00:16.339000,10594,230,6,99,False,0,car,955.6627777777776,0.1770727709566946,OnTrack,2316,8060,-101
2024-03-02 16:01:28.680,0 days 01:57:46.249000,63,256.9752777777776,0 days 00:00:16.499000,10716,232,6,99,False,0,car,965.9738888888887,0.17898329531585444,OnTrack,2461,8045,-97
2024-03-02 16:01:28.759,0 days 01:57:46.328000,63,258.6924999999997,0 days 00:00:16.578000,10840,234,6,99,False,0,pos,971.1234874522514,0.17993745373672507,OnTrack,2532,8037,-95
2024-03-02 16:01:28.961,0 days 01:57:46.530000,63,260.40972222222183,0 days 00:00:16.780000,10964,237,6,99,False,0,car,984.4730555555556,0.1824109674803741,OnTrack,2697,8010,-89
2024-03-02 16:01:29.179,0 days 01:57:46.748000,63,262.6656944444441,0 days 00:00:16.998000,11138,240,6,99,False,0,pos,999.1306361675288,0.185126840144703,OnTrack,2834,7984,-85
2024-03-02 16:01:29.400,0 days 01:57:46.969000,63,264.9216666666664,0 days 00:00:17.219000,11313,244,6,99,False,0,car,1014.2275,0.18792410668446263,OnTrack,2914,7966,-82
2024-03-02 16:01:29.459,0 days 01:57:47.028000,63,266.03277777777765,0 days 00:00:17.278000,11399,246,6,99,False,0,pos,1018.2941021413556,0.1886775989479394,OnTrack,2941,7961,-82
2024-03-02 16:01:29.679,0 days 01:57:47.248000,63,267.14388888888885,0 days 00:00:17.498000,11486,248,6,99,False,0,pos,1033.595312659283,0.19151272846057088,OnTrack,3076,7934,-78
2024-03-02 16:01:29.800,0 days 01:57:47.369000,63,268.2550000000001,0 days 00:00:17.619000,11573,251,6,99,False,0,car,1042.1163888888887,0.1930915809748626,OnTrack,3153,7918,-76
2024-03-02 16:01:29.899,0 days 01:57:47.468000,63,269.06981481481495,0 days 00:00:17.718000,11338,253,6,99,False,0,pos,1049.1466803885842,0.19439420908326202,OnTrack,3226,7904,-75
2024-03-02 16:01:30.179,0 days 01:57:47.748000,63,269.88462962962984,0 days 00:00:17.998000,11103,255,6,99,False,0,pos,1069.265749819955,0.19812202966613224,OnTrack,3478,7853,-70
2024-03-02 16:01:30.200,0 days 01:57:47.769000,63,270.6994444444447,0 days 00:00:18.019000,10868,258,6,99,False,0,car,1070.7830555555552,0.1984031680940785,OnTrack,3492,7849,-69
2024-03-02 16:01:30.539,0 days 01:57:48.108000,63,271.19944444444457,0 days 00:00:18.358000,10747,260,6,99,False,0,pos,1095.4245365965946,0.20296893692998516,OnTrack,3676,7813,-66
2024-03-02 16:01:30.600,0 days 01:57:48.169000,63,271.69944444444445,0 days 00:00:18.419000,10627,262,7,99,False,0,car,1099.8941666666665,0.20379710540118934,OnTrack,3726,7802,-65
2024-03-02 16:01:30.760,0 days 01:57:48.329000,63,271.655,0 days 00:00:18.579000,10624,265,7,99,False,0,car,1111.6719444444443,0.20597938538040209,OnTrack,3884,7770,-62
2024-03-02 16:01:30.799,0 days 01:57:48.368000,63,270.41055555555556,0 days 00:00:18.618000,10700,266,7,99,False,0,pos,1114.5529924490304,0.20651320878055332,OnTrack,3921,7763,-62
2024-03-02 16:01:31.080,0 days 01:57:48.649000,63,269.16611111111115,0 days 00:00:18.899000,10776,267,7,99,False,0,car,1135.4052777777777,0.21037688541398553,OnTrack,4137,7718,-57
2024-03-02 16:01:31.239,0 days 01:57:48.808000,63,266.7938888888891,0 days 00:00:19.058000,10823,268,7,99,False,0,pos,1147.2489679764874,0.212571378168757,OnTrack,4257,7695,-55
2024-03-02 16:01:31.360,0 days 01:57:48.929000,63,264.4216666666671,0 days 00:00:19.179000,10870,269,7,99,False,0,car,1156.3274999999996,0.21425352050913418,OnTrack,4357,7675,-52
2024-03-02 16:01:31.520,0 days 01:57:49.089000,63,261.17722222222255,0 days 00:00:19.339000,10944,273,7,99,False,0,car,1168.460833333333,0.21650168063866282,OnTrack,4495,7648,-50
2024-03-02 16:01:31.539,0 days 01:57:49.108000,63,256.8661111111114,0 days 00:00:19.358000,10990,274,7,99,False,0,pos,1169.908966454634,0.2167700022165935,OnTrack,4511,7645,-50
2024-03-02 16:01:31.840,0 days 01:57:49.409000,63,252.5550000000003,0 days 00:00:19.659000,11037,276,7,99,False,0,car,1192.9941666666664,0.22104741101045694,OnTrack,4750,7597,-45
2024-03-02 16:01:32.039,0 days 01:57:49.608000,63,244.85500000000025,0 days 00:00:19.858000,11110,277,7,99,False,0,pos,1208.3150013898394,0.22388617665131422,OnTrack,4871,7573,-43
2024-03-02 16:01:32.280,0 days 01:57:49.849000,63,237.1550000000002,0 days 00:00:20.099000,11184,278,7,99,False,0,car,1226.9719444444443,0.227343082875016,OnTrack,4971,7553,-41
2024-03-02 16:01:32.319,0 days 01:57:49.888000,63,231.7846296296299,0 days 00:00:20.138000,11214,279,7,99,False,0,pos,1230.009109831804,0.22790583294072864,OnTrack,4992,7549,-41
2024-03-02 16:01:32.619,0 days 01:57:50.188000,63,226.41425925925964,0 days 00:00:20.438000,11245,280,7,99,False,0,pos,1253.5131522338907,0.2322608481339529,OnTrack,5222,7504,-37
2024-03-02 16:01:32.680,0 days 01:57:50.249000,63,221.04388888888934,0 days 00:00:20.499000,11276,282,7,99,False,0,car,1258.3052777777775,0.23314877112160087,OnTrack,5276,7493,-35
2024-03-02 16:01:32.879,0 days 01:57:50.448000,63,215.0938888888893,0 days 00:00:20.698000,11290,282,7,99,False,0,pos,1273.9500187783244,0.2360475526837628,OnTrack,5453,7460,-32
2024-03-02 16:01:32.960,0 days 01:57:50.529000,63,209.14388888888925,0 days 00:00:20.779000,11305,283,7,99,False,0,car,1280.3163888888887,0.2372271641770919,OnTrack,5510,7449,-30
2024-03-02 16:01:33.139,0 days 01:57:50.708000,63,202.1661111111115,0 days 00:00:20.958000,11311,283,7,99,False,0,pos,1294.3743850671908,0.23983194108718456,OnTrack,5623,7428,-29
2024-03-02 16:01:33.280,0 days 01:57:50.849000,63,195.18833333333373,0 days 00:00:21.099000,11318,283,7,99,False,0,car,1305.4719444444443,0.24188818481193874,OnTrack,5730,7408,-26
2024-03-02 16:01:33.359,0 days 01:57:50.928000,63,181.23277777777813,0 days 00:00:21.178000,11275,281,7,73,False,0,pos,1311.709860799609,0.24304399537575874,OnTrack,5793,7397,-25
2024-03-02 16:01:34.199,0 days 01:57:51.768000,63,167.27722222222255,0 days 00:00:22.018000,11232,280,7,47,False,0,pos,1376.9386175883683,0.2551300962255836,OnTrack,6444,7277,-13
2024-03-02 16:01:34.240,0 days 01:57:51.809000,63,153.32166666666694,0 days 00:00:22.059000,11189,279,7,21,True,0,car,1379.8719444444444,0.2556736062655318,OnTrack,6474,7271,-12
2024-03-02 16:01:34.399,0 days 01:57:51.968000,63,148.21055555555586,0 days 00:00:22.218000,10837,261,7,12,True,0,pos,1390.9556252715317,0.2577272784625547,OnTrack,6593,7250,-10
2024-03-02 16:01:34.560,0 days 01:57:52.129000,63,143.09944444444477,0 days 00:00:22.379000,10485,243,7,4,True,0,car,1401.4719444444443,0.25967582539722006,OnTrack,6705,7229,-8
2024-03-02 16:01:34.679,0 days 01:57:52.248000,63,139.85500000000036,0 days 00:00:22.498000,10223,225,7,4,True,0,pos,1408.6346872903684,0.26100299514042935,OnTrack,6782,7216,-7
2024-03-02 16:01:34.880,0 days 01:57:52.449000,63,136.61055555555595,0 days 00:00:22.699000,9962,208,6,5,True,0,car,1419.960833333333,0.2631015932136446,OnTrack,6897,7194,-4
2024-03-02 16:01:34.919,0 days 01:57:52.488000,63,135.25500000000034,0 days 00:00:22.738000,9851,202,6,5,True,0,pos,1422.1301854207773,0.26350354795566944,OnTrack,6924,7189,-4
2024-03-02 16:01:35.040,0 days 01:57:52.609000,63,133.89944444444473,0 days 00:00:22.859000,9740,196,6,5,True,0,car,1428.6719444444443,0.2647156568963831,OnTrack,7017,7166,-2
2024-03-02 16:01:35.199,0 days 01:57:52.768000,63,133.2327777777781,0 days 00:00:23.018000,9839,182,6,4,True,0,pos,1436.2549789343905,0.2661207016052681,OnTrack,7125,7138,0
2024-03-02 16:01:35.280,0 days 01:57:52.849000,63,132.56611111111147,0 days 00:00:23.099000,9939,168,5,4,True,0,car,1439.8719444444441,0.2667908816313326,OnTrack,7148,7131,0
2024-03-02 16:01:35.439,0 days 01:57:53.008000,63,132.49944444444475,0 days 00:00:23.258000,9851,161,5,4,True,0,pos,1446.7194768697377,0.2680596466904699,OnTrack,7166,7123,0
2024-03-02 16:01:35.440,0 days 01:57:53.009000,63,132.43277777777803,0 days 00:00:23.259000,9764,155,4,4,True,0,car,1446.760833333333,0.2680673095437023,OnTrack,7166,7122,0
2024-03-02 16:01:35.721,0 days 01:57:53.290000,63,134.38416666666694,0 days 00:00:23.540000,8946,139,4,5,True,0,car,1457.6105555555553,0.2700776320368172,OnTrack,7274,7070,1
2024-03-02 16:01:35.759,0 days 01:57:53.328000,63,135.54666666666694,0 days 00:00:23.578000,8588,136,4,5,True,0,pos,1459.0285669853333,0.2703403724290954,OnTrack,7289,7063,2
2024-03-02 16:01:35.979,0 days 01:57:53.548000,63,136.7091666666669,0 days 00:00:23.798000,8230,134,4,5,True,0,pos,1467.0933405128042,0.27183467756355734,OnTrack,7356,7018,3
2024-03-02 16:01:36.000,0 days 01:57:53.569000,63,137.8716666666669,0 days 00:00:23.819000,7872,132,4,5,True,0,car,1467.8405555555553,0.27197312748668623,OnTrack,7362,7013,3
2024-03-02 16:01:36.199,0 days 01:57:53.768000,63,141.7605555555557,0 days 00:00:24.018000,7624,127,4,5,True,0,pos,1474.696620918024,0.27324347359602785,OnTrack,7416,6964,5
2024-03-02 16:01:36.400,0 days 01:57:53.969000,63,145.6494444444445,0 days 00:00:24.219000,7376,122,4,5,False,0,car,1481.396111111111,0.2744848082174783,OnTrack,7451,6917,6
2024-03-02 16:01:36.559,0 days 01:57:54.128000,63,147.76055555555558,0 days 00:00:24.378000,7389,120,4,5,False,0,pos,1486.6632677484076,0.27546074872967213,OnTrack,7471,6877,7
2024-03-02 16:01:36.600,0 days 01:57:54.169000,63,149.87166666666667,0 days 00:00:24.419000,7403,119,4,6,False,0,car,1488.007222222222,0.27570976726241375,OnTrack,7475,6864,7
2024-03-02 16:01:36.719,0 days 01:57:54.288000,63,152.87166666666667,0 days 00:00:24.538000,7384,117,4,17,False,0,pos,1491.8636979661228,0.27642432564218833,OnTrack,7486,6828,7
2024-03-02 16:01:36.840,0 days 01:57:54.409000,63,155.87166666666667,0 days 00:00:24.659000,7366,116,4,28,False,0,car,1495.7405555555554,0.27714266053178366,OnTrack,7493,6791,7
2024-03-02 16:01:36.919,0 days 01:57:54.488000,63,158.005,0 days 00:00:24.738000,7438,115,4,32,False,0,pos,1498.2603371530925,0.27760954562980866,OnTrack,7496,6763,8
2024-03-02 16:01:37.000,0 days 01:57:54.569000,63,160.13833333333332,0 days 00:00:24.819000,7511,115,4,36,False,0,car,1500.8516666666665,0.2780896876925741,OnTrack,7496,6725,8
2024-03-02 16:01:37.199,0 days 01:57:54.768000,63,164.62722222222226,0 days 00:00:25.018000,7530,116,4,40,False,0,pos,1507.32682760724,0.2792894568128113,OnTrack,7490,6626,8
2024-03-02 16:01:37.320,0 days 01:57:54.889000,63,169.1161111111112,0 days 00:00:25.139000,7550,118,4,44,False,0,car,1511.3405555555553,0.28003315212689184,OnTrack,7485,6587,8
2024-03-02 16:01:37.640,0 days 01:57:55.209000,63,178.27166666666676,0 days 00:00:25.459000,7657,122,4,51,False,0,car,1522.1849999999997,0.2820424967115255,OnTrack,7466,6527,8
2024-03-02 16:01:37.659,0 days 01:57:55.228000,63,179.85685185185193,0 days 00:00:25.478000,7703,122,4,51,False,0,pos,1522.8317592332298,0.28216233338637875,OnTrack,7465,6522,8
2024-03-02 16:01:37.759,0 days 01:57:55.328000,63,181.44203703703707,0 days 00:00:25.578000,7750,122,4,51,False,0,pos,1526.2403476796699,0.2827939036591747,OnTrack,7453,6490,7
2024-03-02 16:01:37.800,0 days 01:57:55.369000,63,183.02722222222224,0 days 00:00:25.619000,7797,123,4,51,False,0,car,1527.6516666666664,0.28305540402263174,OnTrack,7447,6477,6
2024-03-02 16:01:37.939,0 days 01:57:55.508000,63,189.50499999999988,0 days 00:00:25.758000,8196,126,4,59,False,0,pos,1532.5178297377904,0.28395704526990795,OnTrack,7428,6434,7
2024-03-02 16:01:38.240,0 days 01:57:55.809000,63,195.98277777777753,0 days 00:00:26.059000,8595,130,4,67,False,0,car,1543.5405555555553,0.2859994232398716,OnTrack,7370,6339,3
2024-03-02 16:01:38.259,0 days 01:57:55.828000,63,198.85685185185162,0 days 00:00:26.078000,8771,133,4,70,False,0,pos,1544.2624718019197,0.2861331856015696,OnTrack,7368,6336,3
2024-03-02 16:01:38.479,0 days 01:57:56.048000,63,201.7309259259257,0 days 00:00:26.298000,8948,137,4,73,False,0,pos,1552.8401002978917,0.287722516567824,OnTrack,7344,6306,2
2024-03-02 16:01:38.560,0 days 01:57:56.129000,63,204.6049999999998,0 days 00:00:26.379000,9125,141,4,76,False,0,car,1556.0738888888886,0.2883216985385056,OnTrack,7315,6275,1
2024-03-02 16:01:38.699,0 days 01:57:56.268000,63,207.6049999999999,0 days 00:00:26.518000,9399,144,4,78,False,0,pos,1561.7036821914664,0.2893648312451272,OnTrack,7257,6213,-1
2024-03-02 16:01:38.800,0 days 01:57:56.369000,63,210.60500000000002,0 days 00:00:26.619000,9674,148,4,80,False,0,car,1565.9405555555552,0.29014987270977055,OnTrack,7232,6188,-2
2024-03-02 16:01:38.959,0 days 01:57:56.528000,63,213.1827777777777,0 days 00:00:26.778000,10056,155,4,88,False,0,pos,1572.9687596418303,0.2914521140456733,OnTrack,7207,6167,-4
2024-03-02 16:01:39.120,0 days 01:57:56.689000,63,215.76055555555536,0 days 00:00:26.939000,10439,163,4,96,False,0,car,1580.429444444444,0.29283448883514174,OnTrack,7163,6129,-4
2024-03-02 16:01:39.279,0 days 01:57:56.848000,63,216.79388888888874,0 days 00:00:27.098000,10783,167,4,97,False,0,pos,1588.0348652215478,0.29424368145267255,OnTrack,7096,6076,-5
2024-03-02 16:01:39.459,0 days 01:57:57.028000,63,217.8272222222221,0 days 00:00:27.278000,11127,171,4,98,False,0,pos,1596.8846680127513,0.2958834430287199,OnTrack,6994,6003,-6
2024-03-02 16:01:39.480,0 days 01:57:57.049000,63,218.8605555555555,0 days 00:00:27.299000,11472,175,4,99,False,0,car,1597.929444444444,0.2960770274835003,OnTrack,6984,5996,-6
2024-03-02 16:01:39.739,0 days 01:57:57.308000,63,219.48277777777764,0 days 00:00:27.558000,11250,179,4,99,False,0,pos,1611.0705839623497,0.29851192192751647,OnTrack,6911,5946,-7
2024-03-02 16:01:39.800,0 days 01:57:57.369000,63,220.1049999999998,0 days 00:00:27.619000,11029,184,4,99,False,0,car,1614.2849999999996,0.29910751439802974,OnTrack,6889,5931,-7
2024-03-02 16:01:40.040,0 days 01:57:57.609000,63,219.97166666666635,0 days 00:00:27.859000,10818,197,5,99,False,0,car,1627.418333333333,0.3015409624503217,OnTrack,6781,5854,-8
2024-03-02 16:01:40.059,0 days 01:57:57.628000,63,219.43833333333316,0 days 00:00:27.878000,10845,200,5,99,False,0,pos,1628.4796180887656,0.3017376056981162,OnTrack,6772,5848,-9
2024-03-02 16:01:40.280,0 days 01:57:57.849000,63,218.90499999999997,0 days 00:00:28.099000,10872,204,5,99,False,0,car,1641.018333333333,0.3040608781999032,OnTrack,6655,5763,-9
2024-03-02 16:01:40.339,0 days 01:57:57.908000,63,218.37166666666656,0 days 00:00:28.158000,11041,207,5,99,False,0,pos,1644.4345708697706,0.3046938657566959,OnTrack,6627,5742,-10
2024-03-02 16:01:40.440,0 days 01:57:58.009000,63,217.83833333333314,0 days 00:00:28.259000,11211,210,5,99,False,0,car,1650.3516666666662,0.3057902321456944,OnTrack,6583,5709,-10
2024-03-02 16:01:40.719,0 days 01:57:58.288000,63,216.37166666666644,0 days 00:00:28.538000,11402,213,5,99,False,0,pos,1667.1289794690335,0.30889886558439594,OnTrack,6469,5619,-12
2024-03-02 16:01:40.760,0 days 01:57:58.329000,63,214.90499999999975,0 days 00:00:28.579000,11594,217,5,99,False,0,car,1669.6405555555552,0.30936423030032967,OnTrack,6447,5601,-12
2024-03-02 16:01:40.920,0 days 01:57:58.489000,63,213.17166666666662,0 days 00:00:28.739000,11864,223,5,99,False,0,car,1679.5516666666663,0.3112006394903842,OnTrack,6358,5524,-13
2024-03-02 16:01:40.959,0 days 01:57:58.528000,63,211.6161111111111,0 days 00:00:28.778000,11504,225,5,99,False,0,pos,1681.9981864715708,0.31165395006303426,OnTrack,6339,5508,-14
2024-03-02 16:01:41.199,0 days 01:57:58.768000,63,210.06055555555562,0 days 00:00:29.018000,11144,227,5,99,False,0,pos,1697.3095869725269,0.3144909676564541,OnTrack,6248,5421,-16
2024-03-02 16:01:41.320,0 days 01:57:58.889000,63,208.5050000000001,0 days 00:00:29.139000,10785,230,6,99,False,0,car,1705.1072222222217,0.31593577529433636,OnTrack,6197,5368,-16
2024-03-02 16:01:41.459,0 days 01:57:59.028000,63,207.59388888888884,0 days 00:00:29.278000,10779,231,6,99,False,0,pos,1714.0983253878742,0.31760171812325105,OnTrack,6137,5300,-18
2024-03-02 16:01:41.480,0 days 01:57:59.049000,63,206.68277777777757,0 days 00:00:29.299000,10773,233,6,99,False,0,car,1715.4627777777773,0.3178545346722857,OnTrack,6128,5289,-18
2024-03-02 16:01:41.680,0 days 01:57:59.249000,63,204.57166666666672,0 days 00:00:29.499000,10895,236,6,99,False,0,car,1728.5738888888884,0.3202838652151829,OnTrack,6045,5188,-20
2024-03-02 16:01:41.779,0 days 01:57:59.348000,63,203.83092592592592,0 days 00:00:29.598000,10935,237,6,99,False,0,pos,1735.1738965194593,0.3215067669192736,OnTrack,6008,5139,-21
2024-03-02 16:01:41.879,0 days 01:57:59.448000,63,203.0901851851851,0 days 00:00:29.698000,10976,239,6,99,False,0,pos,1741.8954194597707,0.3227521839426902,OnTrack,5969,5085,-22
2024-03-02 16:01:41.880,0 days 01:57:59.449000,63,202.34944444444432,0 days 00:00:29.699000,11017,241,6,99,False,0,car,1741.9627777777775,0.32276466462551445,OnTrack,5968,5084,-22
2024-03-02 16:01:42.040,0 days 01:57:59.609000,63,200.527222222222,0 days 00:00:29.859000,11137,243,6,99,False,0,car,1752.7627777777775,0.32476577419135855,OnTrack,5866,4933,-24
2024-03-02 16:01:42.099,0 days 01:57:59.668000,63,199.04416666666646,0 days 00:00:29.918000,11000,242,6,68,False,0,pos,1756.738379467787,0.3255024051702349,OnTrack,5833,4883,-25
2024-03-02 16:01:42.321,0 days 01:57:59.890000,63,197.5611111111109,0 days 00:00:30.140000,10863,241,6,37,True,0,car,1771.5741666666663,0.3282512973628743,OnTrack,5774,4787,-26
2024-03-02 16:01:42.479,0 days 01:58:00.048000,63,196.2762499999999,0 days 00:00:30.298000,10485,236,6,27,True,0,pos,1781.9001085872096,0.33016456969190666,OnTrack,5743,4734,-27
2024-03-02 16:01:42.640,0 days 01:58:00.209000,63,194.99138888888888,0 days 00:00:30.459000,10107,232,6,17,True,0,car,1792.1319444444441,0.3320604053039492,OnTrack,5688,4645,-28
2024-03-02 16:01:42.679,0 days 01:58:00.248000,63,194.79138888888892,0 days 00:00:30.498000,10344,226,6,18,True,0,pos,1794.5543001022254,0.33250923855197356,OnTrack,5676,4626,-29
2024-03-02 16:01:42.839,0 days 01:58:00.408000,63,194.59138888888893,0 days 00:00:30.658000,10581,221,6,19,True,0,pos,1804.2636657364815,0.33430826674169467,OnTrack,5628,4556,-30
2024-03-02 16:01:43.000,0 days 01:58:00.569000,63,194.39138888888897,0 days 00:00:30.819000,10818,216,6,20,True,0,car,1813.731944444444,0.3360626244356375,OnTrack,5529,4442,-31
2024-03-02 16:01:43.079,0 days 01:58:00.648000,63,194.50249999999994,0 days 00:00:30.898000,10727,211,6,20,True,0,pos,1818.2834801826875,0.33690596903795966,OnTrack,5484,4394,-32
2024-03-02 16:01:43.160,0 days 01:58:00.729000,63,194.6136111111109,0 days 00:00:30.979000,10637,206,5,21,True,0,car,1822.8874999999996,0.3377590383062708,OnTrack,5450,4360,-32
2024-03-02 16:01:43.400,0 days 01:58:00.969000,63,195.81361111111073,0 days 00:00:31.219000,10289,199,5,22,True,0,car,1836.1541666666665,0.3402171914149313,OnTrack,5400,4323,-33
2024-03-02 16:01:43.439,0 days 01:58:01.008000,63,197.28027777777754,0 days 00:00:31.258000,10196,194,5,22,True,0,pos,1838.2512584273456,0.34060575719111164,OnTrack,5390,4317,-34
2024-03-02 16:01:43.720,0 days 01:58:01.289000,63,198.74694444444435,0 days 00:00:31.539000,10103,189,5,22,False,0,car,1852.9541666666664,0.3433300285173555,OnTrack,5266,4245,-35
2024-03-02 16:01:43.739,0 days 01:58:01.308000,63,200.5802777777776,0 days 00:00:31.558000,10004,187,5,33,False,0,pos,1853.934079956673,0.343511594615349,OnTrack,5254,4241,-36
2024-03-02 16:01:43.999,0 days 01:58:01.568000,63,202.41361111111087,0 days 00:00:31.818000,9905,185,5,45,False,0,pos,1867.219303845588,0.345973186153172,OnTrack,5055,4192,-40
2024-03-02 16:01:44.160,0 days 01:58:01.729000,63,204.24694444444413,0 days 00:00:31.979000,9806,184,5,57,False,0,car,1875.4430555555552,0.34749694802483344,OnTrack,4966,4182,-41
2024-03-02 16:01:44.399,0 days 01:58:01.968000,63,206.46916666666652,0 days 00:00:32.218000,9985,185,5,68,False,0,pos,1887.7482109277682,0.34977694470303095,OnTrack,4878,4185,-44
2024-03-02 16:01:44.560,0 days 01:58:02.129000,63,208.69138888888892,0 days 00:00:32.379000,10164,186,5,79,False,0,car,1896.1097222222218,0.35132623176194255,OnTrack,4818,4186,-45
2024-03-02 16:01:44.720,0 days 01:58:02.289000,63,210.24694444444413,0 days 00:00:32.539000,10210,189,5,83,False,0,car,1904.5097222222219,0.3528826503131547,OnTrack,4751,4187,-46
2024-03-02 16:01:44.739,0 days 01:58:02.308000,63,210.35064814814777,0 days 00:00:32.558000,10365,191,5,88,False,0,pos,1905.5231851375086,0.35307043275152583,OnTrack,4742,4188,-47
2024-03-02 16:01:44.959,0 days 01:58:02.528000,63,210.45435185185138,0 days 00:00:32.778000,10520,194,5,93,False,0,pos,1917.542882722442,0.3552975375492818,OnTrack,4623,4190,-50
2024-03-02 16:01:45.000,0 days 01:58:02.569000,63,210.55805555555503,0 days 00:00:32.819000,10675,197,5,99,False,0,car,1919.8319444444442,0.3557216730408287,OnTrack,4602,4190,-50
2024-03-02 16:01:45.259,0 days 01:58:02.828000,63,209.17287037036976,0 days 00:00:33.078000,10674,200,5,89,False,0,pos,1934.6136286778858,0.35846054060738686,OnTrack,4457,4185,-55
2024-03-02 16:01:45.439,0 days 01:58:03.008000,63,207.7876851851845,0 days 00:00:33.258000,10673,203,5,79,False,0,pos,1945.0736543914315,0.3603986570439009,OnTrack,4297,4161,-60
2024-03-02 16:01:45.440,0 days 01:58:03.009000,63,206.40249999999924,0 days 00:00:33.259000,10672,207,5,70,False,0,car,1945.1319444444441,0.36040945748674136,OnTrack,4296,4160,-60
2024-03-02 16:01:45.680,0 days 01:58:03.249000,63,201.8024999999991,0 days 00:00:33.499000,9843,211,5,78,False,0,car,1959.198611111111,0.36301584093361244,OnTrack,4190,4138,-64
2024-03-02 16:01:45.880,0 days 01:58:03.449000,63,197.4136111111104,0 days 00:00:33.699000,10027,214,6,76,False,0,car,1971.0874999999996,0.36521870845979887,OnTrack,4117,4108,-65
2024-03-02 16:01:45.899,0 days 01:58:03.468000,63,194.45064814814728,0 days 00:00:33.718000,10042,214,6,76,False,0,pos,1972.22110164796,0.36542875115439055,OnTrack,4107,4104,-66
2024-03-02 16:01:45.919,0 days 01:58:03.488000,63,191.48768518518418,0 days 00:00:33.738000,10058,215,6,76,False,0,pos,1973.414852989502,0.3656499388607608,OnTrack,4095,4099,-66
2024-03-02 16:01:46.200,0 days 01:58:03.769000,63,188.52472222222104,0 days 00:00:34.019000,10074,216,6,76,False,0,car,1990.2874999999997,0.36877623657685515,OnTrack,3955,4035,-71
2024-03-02 16:01:46.279,0 days 01:58:03.848000,63,186.01361111110987,0 days 00:00:34.098000,10109,217,6,78,False,0,pos,1995.0938474568593,0.36966679471321556,OnTrack,3902,4002,-75
2024-03-02 16:01:46.439,0 days 01:58:04.008000,63,183.5024999999987,0 days 00:00:34.258000,10144,218,6,80,False,0,pos,2004.8928472745374,0.37148243103459155,OnTrack,3773,3911,-82
2024-03-02 16:01:46.440,0 days 01:58:04.009000,63,180.9913888888875,0 days 00:00:34.259000,10179,220,6,83,False,0,car,2004.9541666666664,0.37149379277738426,OnTrack,3772,3910,-82
2024-03-02 16:01:46.640,0 days 01:58:04.209000,63,174.324722222221,0 days 00:00:34.459000,10317,222,6,89,False,0,car,2017.2875,0.37377901049146556,OnTrack,3703,3857,-86
2024-03-02 16:01:46.799,0 days 01:58:04.368000,63,169.11361111111012,0 days 00:00:34.618000,10481,226,6,94,False,0,pos,2027.3784280729099,0.37564873759284945,OnTrack,3656,3800,-91
2024-03-02 16:01:46.920,0 days 01:58:04.489000,63,163.90249999999924,0 days 00:00:34.739000,10645,230,6,99,False,0,car,2035.1763888888884,0.37709360555423205,OnTrack,3583,3711,-96
2024-03-02 16:01:47.039,0 days 01:58:04.608000,63,157.36916666666593,0 days 00:00:34.858000,10723,232,6,99,False,0,pos,2042.8941327355674,0.3785236102800029,OnTrack,3509,3619,-103
2024-03-02 16:01:47.240,0 days 01:58:04.809000,63,150.83583333333263,0 days 00:00:35.059000,10801,235,6,99,False,0,car,2056.0652777777773,0.3809640643852886,OnTrack,3434,3519,-109
2024-03-02 16:01:47.520,0 days 01:58:05.089000,63,138.70249999999896,0 days 00:00:35.339000,11072,240,6,99,False,0,car,2074.731944444444,0.38442277227687105,OnTrack,3375,3418,-114
2024-03-02 16:01:47.539,0 days 01:58:05.108000,63,134.23027777777656,0 days 00:00:35.358000,11111,241,6,99,False,0,pos,2076.0043295758123,0.3846585298748173,OnTrack,3369,3408,-115
2024-03-02 16:01:47.720,0 days 01:58:05.289000,63,129.75805555555417,0 days 00:00:35.539000,11150,242,6,99,False,0,car,2088.1763888888886,0.38691386546068945,OnTrack,3300,3293,-121
2024-03-02 16:01:47.759,0 days 01:58:05.328000,63,123.07657407407275,0 days 00:00:35.578000,10904,241,6,67,False,0,pos,2090.82719389478,0.38740502761388174,OnTrack,3286,3270,-123
2024-03-02 16:01:48.059,0 days 01:58:05.628000,63,116.39509259259133,0 days 00:00:35.878000,10659,240,6,35,False,0,pos,2111.2417748895996,0.39118760292049604,OnTrack,3190,3107,-131
2024-03-02 16:01:48.160,0 days 01:58:05.729000,63,109.71361111110991,0 days 00:00:35.979000,10414,240,6,3,True,0,car,2117.5097222222216,0.3923489778617476,OnTrack,3148,3037,-134
2024-03-02 16:01:48.359,0 days 01:58:05.928000,63,103.43583333333231,0 days 00:00:36.178000,10992,216,6,2,True,0,pos,2128.5485573379146,0.3943943406900615,OnTrack,3061,2898,-140
2024-03-02 16:01:48.560,0 days 01:58:06.129000,63,97.15805555555471,0 days 00:00:36.379000,11571,192,5,2,True,0,car,2138.8430555555547,0.39630178688069895,OnTrack,3003,2812,-143
2024-03-02 16:01:48.721,0 days 01:58:06.290000,63,92.55166666666582,0 days 00:00:36.540000,10745,182,5,3,True,0,car,2146.982499999999,0.3978099276342577,OnTrack,2970,2771,-144
2024-03-02 16:01:48.780,0 days 01:58:06.349000,63,90.05166666666582,0 days 00:00:36.599000,10995,169,5,3,True,0,pos,2149.7256151985744,0.39831819375130223,OnTrack,2959,2756,-145
2024-03-02 16:01:48.961,0 days 01:58:06.530000,63,87.55166666666582,0 days 00:00:36.780000,11245,157,4,4,True,0,car,2157.449166666666,0.39974927455918075,OnTrack,2922,2710,-146
2024-03-02 16:01:49.059,0 days 01:58:06.628000,63,86.17388888888809,0 days 00:00:36.878000,10891,152,4,3,True,0,pos,2161.5261527571565,0.4005046908430228,OnTrack,2901,2683,-147
2024-03-02 16:01:49.121,0 days 01:58:06.690000,63,84.79611111111035,0 days 00:00:36.940000,10538,147,4,3,True,0,car,2163.982499999999,0.4009598223212346,OnTrack,2885,2664,-147
2024-03-02 16:01:49.259,0 days 01:58:06.828000,63,83.37833333333242,0 days 00:00:37.078000,9714,134,4,3,True,0,pos,2168.9118835861573,0.4018731775664176,OnTrack,2850,2622,-148
2024-03-02 16:01:49.440,0 days 01:58:07.009000,63,81.96055555555449,0 days 00:00:37.259000,8891,122,3,3,True,0,car,2174.793055555555,0.4029628877040413,OnTrack,2810,2578,-149
2024-03-02 16:01:49.559,0 days 01:58:07.128000,63,81.37722222222123,0 days 00:00:37.378000,8430,119,3,3,True,0,pos,2178.7124701521025,0.403689107893084,OnTrack,2785,2554,-150
2024-03-02 16:01:49.640,0 days 01:58:07.209000,63,80.79388888888798,0 days 00:00:37.459000,7969,117,3,3,True,0,car,2181.293055555555,0.4041672592020031,OnTrack,2766,2537,-150
2024-03-02 16:01:49.719,0 days 01:58:07.288000,63,80.86055555555458,0 days 00:00:37.538000,7751,110,3,3,True,0,pos,2183.6761751041777,0.40460882247286406,OnTrack,2747,2523,-150
2024-03-02 16:01:49.880,0 days 01:58:07.449000,63,80.92722222222119,0 days 00:00:37.699000,7533,104,3,3,True,0,car,2188.2263888888883,0.4054519221331623,OnTrack,2707,2499,-150
2024-03-02 16:01:49.959,0 days 01:58:07.528000,63,81.24203703703581,0 days 00:00:37.778000,7391,101,3,3,True,0,pos,2190.387383186634,0.405852328277695,OnTrack,2688,2490,-151
2024-03-02 16:01:50.079,0 days 01:58:07.648000,63,81.55685185185045,0 days 00:00:37.898000,7250,99,3,3,True,0,pos,2193.588995233228,0.4064455483233025,OnTrack,2658,2477,-151
2024-03-02 16:01:50.080,0 days 01:58:07.649000,63,81.87166666666508,0 days 00:00:37.899000,7109,97,3,3,True,0,car,2193.6152777777775,0.40645041816138705,OnTrack,2657,2476,-151
2024-03-02 16:01:50.379,0 days 01:58:07.948000,63,83.51611111110947,0 days 00:00:38.198000,6783,94,3,2,True,0,pos,2201.1914390499524,0.40785418934602846,OnTrack,2583,2459,-152
2024-03-02 16:01:50.400,0 days 01:58:07.969000,63,85.16055555555386,0 days 00:00:38.219000,6458,91,3,2,True,0,car,2201.7041666666664,0.4079491915810728,OnTrack,2575,2458,-152
2024-03-02 16:01:50.579,0 days 01:58:08.148000,63,87.41611111110933,0 days 00:00:38.398000,6236,88,3,1,True,0,pos,2205.976811756373,0.40874086111444957,OnTrack,2504,2461,-153
2024-03-02 16:01:50.680,0 days 01:58:08.249000,63,89.6716666666648,0 days 00:00:38.499000,6015,85,3,0,True,0,car,2208.3152777777777,0.4091741506260083,OnTrack,2480,2463,-153
2024-03-02 16:01:50.880,0 days 01:58:08.449000,63,93.6716666666648,0 days 00:00:38.699000,5952,81,3,0,False,0,car,2212.8152777777777,0.41000794627844334,OnTrack,2466,2473,-154
2024-03-02 16:01:50.959,0 days 01:58:08.528000,63,96.24944444444236,0 days 00:00:38.778000,5854,80,3,0,False,0,pos,2214.5683717873812,0.4103327734258916,OnTrack,2457,2481,-154
2024-03-02 16:01:51.099,0 days 01:58:08.668000,63,98.82722222221992,0 days 00:00:38.918000,5757,79,3,0,False,0,pos,2217.6479162406094,0.4109033758206878,OnTrack,2433,2501,-153
2024-03-02 16:01:51.200,0 days 01:58:08.769000,63,101.40499999999747,0 days 00:00:39.019000,5660,79,3,0,False,0,car,2219.8375,0.4113090792471816,OnTrack,2417,2517,-152
2024-03-02 16:01:51.319,0 days 01:58:08.888000,63,103.58277777777516,0 days 00:00:39.138000,5870,78,3,9,False,0,pos,2222.3828792367235,0.4117807072785991,OnTrack,2402,2538,-153
2024-03-02 16:01:51.360,0 days 01:58:08.929000,63,105.76055555555286,0 days 00:00:39.179000,6080,77,3,18,False,0,car,2223.2597222222225,0.4119431756939717,OnTrack,2396,2545,-153
2024-03-02 16:01:51.519,0 days 01:58:09.088000,63,109.80499999999734,0 days 00:00:39.338000,6061,77,3,25,False,0,pos,2226.6826505912322,0.4125774029812333,OnTrack,2378,2575,-153
2024-03-02 16:01:51.640,0 days 01:58:09.209000,63,113.84944444444181,0 days 00:00:39.459000,6042,78,3,32,False,0,car,2229.326388888889,0.413067255758736,OnTrack,2365,2598,-153
2024-03-02 16:01:51.719,0 days 01:58:09.288000,63,117.25685185184936,0 days 00:00:39.538000,6151,79,3,34,False,0,pos,2231.076180971115,0.41339147109891927,OnTrack,2357,2614,-153
2024-03-02 16:01:51.919,0 days 01:58:09.488000,63,120.6642592592569,0 days 00:00:39.738000,6260,80,3,37,False,0,pos,2235.5878386424074,0.41422742677705243,OnTrack,2338,2655,-152
2024-03-02 16:01:51.960,0 days 01:58:09.529000,63,124.07166666666444,0 days 00:00:39.779000,6369,81,3,40,False,0,car,2236.526388888889,0.4144013288026321,OnTrack,2334,2663,-151
2024-03-02 16:01:52.119,0 days 01:58:09.688000,63,127.9049999999977,0 days 00:00:39.938000,6514,82,3,43,False,0,pos,2240.2109995966616,0.41508404266686694,OnTrack,2322,2698,-152
2024-03-02 16:01:52.200,0 days 01:58:09.769000,63,131.73833333333096,0 days 00:00:40.019000,6660,84,3,47,False,0,car,2242.126388888889,0.4154389411701068,OnTrack,2316,2715,-151
2024-03-02 16:01:52.339,0 days 01:58:09.908000,63,134.98833333333096,0 days 00:00:40.158000,6853,86,3,49,False,0,pos,2245.4891070761714,0.4160620122378669,OnTrack,2308,2748,-151
2024-03-02 16:01:52.400,0 days 01:58:09.969000,63,138.23833333333096,0 days 00:00:40.219000,7047,88,3,52,False,0,car,2247.015277777778,0.4163447932369499,OnTrack,2304,2762,-150
2024-03-02 16:01:52.560,0 days 01:58:10.129000,63,143.5272222222202,0 days 00:00:40.379000,7287,94,3,57,False,0,car,2251.1930555555555,0.41711888500316113,OnTrack,2296,2803,-151
2024-03-02 16:01:52.579,0 days 01:58:10.148000,63,146.86055555555345,0 days 00:00:40.398000,7452,96,3,59,False,0,pos,2251.7036997434234,0.41721350120400236,OnTrack,2296,2808,-151
2024-03-02 16:01:52.760,0 days 01:58:10.329000,63,150.1938888888867,0 days 00:00:40.579000,7617,99,3,62,False,0,car,2256.6930555555555,0.41813796857835955,OnTrack,2291,2856,-150
2024-03-02 16:01:52.799,0 days 01:58:10.368000,63,152.72722222222,0 days 00:00:40.618000,7876,101,3,64,False,0,pos,2257.7877291609825,0.418340798376813,OnTrack,2291,2867,-150
2024-03-02 16:01:52.979,0 days 01:58:10.548000,63,155.2605555555533,0 days 00:00:40.798000,8135,103,3,66,False,0,pos,2263.032249156058,0.4193125445925914,OnTrack,2289,2919,-149
2024-03-02 16:01:53.000,0 days 01:58:10.569000,63,157.7938888888866,0 days 00:00:40.819000,8394,105,3,68,False,0,car,2263.6930555555555,0.41943498403770296,OnTrack,2288,2925,-148
2024-03-02 16:01:53.840,0 days 01:58:11.409000,63,179.72722222222,0 days 00:00:41.659000,10809,145,3,99,False,0,car,2297.5263888888885,0.42570389209119613,OnTrack,2319,3230,-141
2024-03-02 16:01:53.859,0 days 01:58:11.428000,63,182.11611111110892,0 days 00:00:41.678000,10960,150,3,99,False,0,pos,2298.3388152176385,0.4258544248780486,OnTrack,2320,3237,-141
2024-03-02 16:01:54.040,0 days 01:58:11.609000,63,184.50499999999784,0 days 00:00:41.859000,11111,155,3,99,False,0,car,2306.1375,0.42729942698165835,OnTrack,2329,3294,-139
2024-03-02 16:01:54.099,0 days 01:58:11.668000,63,186.6994444444424,0 days 00:00:41.918000,10691,159,3,99,False,0,pos,2308.7691065412,0.4277870318912077,OnTrack,2335,3320,-139
2024-03-02 16:01:54.240,0 days 01:58:11.809000,63,188.89388888888698,0 days 00:00:42.059000,10271,164,3,99,False,0,car,2315.2486111111107,0.42898760583350215,OnTrack,2352,3404,-135
2024-03-02 16:01:54.480,0 days 01:58:12.049000,63,193.82722222221992,0 days 00:00:42.299000,10972,173,4,99,False,0,car,2326.781944444444,0.43112459320937274,OnTrack,2382,3552,-130
2024-03-02 16:01:54.499,0 days 01:58:12.068000,63,195.48648148147913,0 days 00:00:42.318000,11215,176,4,99,False,0,pos,2327.7247142133283,0.4312992770614934,OnTrack,2384,3558,-130
2024-03-02 16:01:54.739,0 days 01:58:12.308000,63,197.14574074073835,0 days 00:00:42.558000,11458,180,4,99,False,0,pos,2339.9937523065996,0.4335725816441001,OnTrack,2390,3582,-130
2024-03-02 16:01:54.760,0 days 01:58:12.329000,63,198.80499999999756,0 days 00:00:42.579000,11702,184,4,99,False,0,car,2341.093055555555,0.43377626925958596,OnTrack,2391,3587,-129
2024-03-02 16:01:55.000,0 days 01:58:12.569000,63,201.80499999999756,0 days 00:00:42.819000,11007,192,4,99,False,0,car,2353.8930555555553,0.43614795467095685,OnTrack,2418,3715,-124
2024-03-02 16:01:55.039,0 days 01:58:12.608000,63,202.55499999999756,0 days 00:00:42.858000,11023,194,4,99,False,0,pos,2356.0023384887304,0.43653877932416507,OnTrack,2423,3736,-124
2024-03-02 16:01:55.200,0 days 01:58:12.769000,63,203.30499999999756,0 days 00:00:43.019000,11040,197,5,99,False,0,car,2364.8374999999996,0.4381758280478668,OnTrack,2439,3810,-121
2024-03-02 16:01:55.279,0 days 01:58:12.848000,63,203.37194444444208,0 days 00:00:43.098000,10973,202,5,99,False,0,pos,2369.3092234047567,0.4390043843887064,OnTrack,2451,3865,-120
2024-03-02 16:01:55.441,0 days 01:58:13.010000,63,203.4388888888866,0 days 00:00:43.260000,10907,207,5,99,False,0,car,2378.6949999999997,0.4407434554375599,OnTrack,2485,4028,-115
2024-03-02 16:01:55.459,0 days 01:58:13.028000,63,202.62222222221976,0 days 00:00:43.278000,11170,209,5,99,False,0,pos,2379.744929907799,0.4409379947692231,OnTrack,2489,4045,-115
2024-03-02 16:01:55.721,0 days 01:58:13.290000,63,201.80555555555293,0 days 00:00:43.540000,11434,212,5,99,False,0,car,2395.1838888888888,0.44379864740845776,OnTrack,2517,4169,-112
2024-03-02 16:01:55.879,0 days 01:58:13.448000,63,200.93888888888637,0 days 00:00:43.698000,11521,214,5,99,False,0,pos,2404.705906691071,0.4455629623075396,OnTrack,2530,4218,-112
2024-03-02 16:01:55.881,0 days 01:58:13.450000,63,200.0722222222198,0 days 00:00:43.700000,11609,217,5,99,False,0,car,2404.8283333333334,0.4455856464857754,OnTrack,2530,4218,-111
2024-03-02 16:01:56.119,0 days 01:58:13.688000,63,196.79018518518282,0 days 00:00:43.938000,11427,221,5,99,False,0,pos,2419.795147878017,0.448358816463144,OnTrack,2561,4350,-109
2024-03-02 16:01:56.279,0 days 01:58:13.848000,63,193.5081481481458,0 days 00:00:44.098000,11246,225,5,99,False,0,pos,2430.1585313863343,0.4502790262662001,OnTrack,2600,4522,-107
2024-03-02 16:01:56.360,0 days 01:58:13.929000,63,190.22611111110882,0 days 00:00:44.179000,11065,230,5,99,False,0,car,2435.431111111111,0.45125597161100817,OnTrack,2616,4596,-106
2024-03-02 16:01:56.720,0 days 01:58:14.289000,63,179.82611111110919,0 days 00:00:44.539000,10906,237,6,99,False,0,car,2459.131111111111,0.4556472953804995,OnTrack,2657,4797,-105
2024-03-02 16:01:56.759,0 days 01:58:14.328000,63,174.22611111110928,0 days 00:00:44.578000,11023,240,6,99,False,0,pos,2461.7394837841257,0.45613059533487516,OnTrack,2661,4816,-105
2024-03-02 16:01:57.040,0 days 01:58:14.609000,63,168.62611111110937,0 days 00:00:44.859000,11140,243,6,99,False,0,car,2480.7311111111107,0.4596495145121877,OnTrack,2684,4947,-103
2024-03-02 16:01:57.159,0 days 01:58:14.728000,63,162.1816666666648,0 days 00:00:44.978000,11215,244,6,99,False,0,pos,2488.8004303218595,0.46114466190686165,OnTrack,2696,5015,-104
2024-03-02 16:01:57.360,0 days 01:58:14.929000,63,155.73722222222023,0 days 00:00:45.179000,11290,245,6,99,False,0,car,2502.5088888888886,0.463684673719034,OnTrack,2717,5149,-104
2024-03-02 16:01:57.379,0 days 01:58:14.948000,63,150.9964814814795,0 days 00:00:45.198000,11329,246,6,99,False,0,pos,2503.815950104044,0.46392685637651476,OnTrack,2719,5163,-105
2024-03-02 16:01:57.539,0 days 01:58:15.108000,63,146.2557407407388,0 days 00:00:45.358000,11368,248,6,99,False,0,pos,2514.901683334597,0.46598090885911253,OnTrack,2733,5272,-105
2024-03-02 16:01:57.680,0 days 01:58:15.249000,63,141.51499999999805,0 days 00:00:45.499000,11408,250,6,99,False,0,car,2524.7311111111107,0.467802183113775,OnTrack,2743,5368,-105
2024-03-02 16:01:57.699,0 days 01:58:15.268000,63,136.90388888888697,0 days 00:00:45.518000,11460,250,6,99,False,0,pos,2526.0570305163524,0.4680478599661239,OnTrack,2745,5382,-106
2024-03-02 16:01:57.880,0 days 01:58:15.449000,63,132.29277777777588,0 days 00:00:45.699000,11513,251,6,99,False,0,car,2538.675555555555,0.470385920258975,OnTrack,2753,5512,-107
2024-03-02 16:01:57.999,0 days 01:58:15.568000,63,126.79277777777588,0 days 00:00:45.818000,11333,249,6,56,False,0,pos,2546.8969049661496,0.4719092370135757,OnTrack,2755,5597,-109
2024-03-02 16:01:58.120,0 days 01:58:15.689000,63,121.29277777777588,0 days 00:00:45.939000,11154,247,6,14,True,0,car,2555.142222222222,0.4734369947204781,OnTrack,2752,5679,-110
2024-03-02 16:01:58.159,0 days 01:58:15.728000,63,117.22240740740547,0 days 00:00:45.978000,10944,243,6,9,True,0,pos,2557.765843347785,0.47392312002895165,OnTrack,2751,5706,-111
2024-03-02 16:01:58.319,0 days 01:58:15.888000,63,113.15203703703507,0 days 00:00:46.138000,10734,239,6,5,True,0,pos,2568.322136304091,0.47587907362290705,OnTrack,2739,5811,-113
2024-03-02 16:01:58.400,0 days 01:58:15.969000,63,109.08166666666466,0 days 00:00:46.219000,10524,235,6,1,True,0,car,2573.4199999999996,0.47682364619765266,OnTrack,2729,5862,-114
2024-03-02 16:01:58.539,0 days 01:58:16.108000,63,104.34092592592394,0 days 00:00:46.358000,10940,224,6,0,True,0,pos,2581.7035473346077,0.4783584874763941,OnTrack,2708,5947,-116
2024-03-02 16:01:58.699,0 days 01:58:16.268000,63,99.60018518518321,0 days 00:00:46.518000,11356,213,6,0,True,0,pos,2590.58622287263,0.48000433997541503,OnTrack,2678,6038,-118
2024-03-02 16:01:58.800,0 days 01:58:16.369000,63,94.85944444444249,0 days 00:00:46.619000,11772,203,5,0,True,0,car,2595.9755555555553,0.4810029182333148,OnTrack,2657,6092,-119
2024-03-02 16:01:58.959,0 days 01:58:16.528000,63,90.65944444444244,0 days 00:00:46.778000,11621,192,5,0,True,0,pos,2604.145156086219,0.4825166465454478,OnTrack,2622,6172,-122
2024-03-02 16:01:59.080,0 days 01:58:16.649000,63,86.4594444444424,0 days 00:00:46.899000,11471,181,5,0,True,0,car,2610.0533333333333,0.48361136043488334,OnTrack,2594,6226,-123
2024-03-02 16:01:59.159,0 days 01:58:16.728000,63,84.00018518518316,0 days 00:00:46.978000,11485,174,5,0,True,0,pos,2613.747630479278,0.48429586907912603,OnTrack,2575,6260,-125
2024-03-02 16:01:59.399,0 days 01:58:16.968000,63,81.5409259259239,0 days 00:00:47.218000,11500,167,5,0,True,0,pos,2624.233901478815,0.4862388484501637,OnTrack,2514,6350,-128
2024-03-02 16:01:59.400,0 days 01:58:16.969000,63,79.08166666666466,0 days 00:00:47.219000,11515,160,4,0,True,0,car,2624.2755555555555,0.48624656644751757,OnTrack,2513,6350,-128
2024-03-02 16:01:59.559,0 days 01:58:17.128000,63,76.98166666666475,0 days 00:00:47.378000,11123,152,4,0,True,0,pos,2630.6983076606907,0.4874366248435019,OnTrack,2471,6403,-130
2024-03-02 16:01:59.640,0 days 01:58:17.209000,63,74.88166666666484,0 days 00:00:47.459000,10731,144,3,0,True,0,car,2633.8755555555554,0.4880253305060457,OnTrack,2439,6435,-131
2024-03-02 16:01:59.779,0 days 01:58:17.348000,63,73.72611111110928,0 days 00:00:47.598000,10871,141,3,0,True,0,pos,2639.2228691173736,0.48901612312827913,OnTrack,2383,6490,-134
2024-03-02 16:01:59.800,0 days 01:58:17.369000,63,72.57055555555371,0 days 00:00:47.619000,11011,138,3,0,True,0,car,2640.0088888888886,0.4891617630989942,OnTrack,2376,6496,-134
2024-03-02 16:02:00.099,0 days 01:58:17.668000,63,71.1816666666648,0 days 00:00:47.918000,10349,130,3,0,True,0,pos,2650.419247342037,0.4910906767919999,OnTrack,2322,6537,-135
2024-03-02 16:02:00.200,0 days 01:58:17.769000,63,69.79277777777588,0 days 00:00:48.019000,9688,122,2,0,True,0,car,2653.5644444444442,0.4916734438297863,OnTrack,2298,6550,-135
2024-03-02 16:02:00.440,0 days 01:58:18.009000,63,69.9927777777757,0 days 00:00:48.259000,8665,101,2,0,True,0,car,2660.297777777778,0.49292104917639284,OnTrack,2232,6586,-136
2024-03-02 16:02:00.459,0 days 01:58:18.028000,63,70.64092592592381,0 days 00:00:48.278000,8353,97,2,0,True,0,pos,2660.798826047508,0.49301388736949525,OnTrack,2227,6589,-137
2024-03-02 16:02:00.619,0 days 01:58:18.188000,63,71.28907407407193,0 days 00:00:48.438000,8042,94,2,0,True,0,pos,2664.8678487859383,0.4937678281403758,OnTrack,2187,6603,-137
2024-03-02 16:02:00.720,0 days 01:58:18.289000,63,71.93722222222004,0 days 00:00:48.539000,7731,91,2,0,True,0,car,2667.375555555556,0.4942324759186179,OnTrack,2162,6609,-137
2024-03-02 16:02:00.799,0 days 01:58:18.368000,63,72.96499999999787,0 days 00:00:48.618000,7553,89,2,0,True,0,pos,2669.3287791301955,0.49459438465745525,OnTrack,2144,6613,-138
2024-03-02 16:02:00.920,0 days 01:58:18.489000,63,73.9927777777757,0 days 00:00:48.739000,7376,88,2,0,True,0,car,2672.2644444444445,0.4951383279854609,OnTrack,2118,6616,-138
2024-03-02 16:02:01.039,0 days 01:58:18.608000,63,76.15944444444237,0 days 00:00:48.858000,7190,85,2,0,True,0,pos,2675.017074932818,0.4956483571707868,OnTrack,2089,6613,-139
2024-03-02 16:02:01.279,0 days 01:58:18.848000,63,78.32611111110903,0 days 00:00:49.098000,7004,82,2,0,True,0,pos,2680.24321602693,0.49661669799818287,OnTrack,2012,6585,-140
2024-03-02 16:02:01.280,0 days 01:58:18.849000,63,80.4927777777757,0 days 00:00:49.099000,6819,80,2,0,True,0,car,2680.2644444444445,0.4966206313675677,OnTrack,2011,6584,-140
2024-03-02 16:02:01.520,0 days 01:58:19.089000,63,85.4927777777757,0 days 00:00:49.339000,6558,75,2,0,True,0,car,2685.2644444444445,0.4975470709813844,OnTrack,1993,6572,-139
2024-03-02 16:02:01.539,0 days 01:58:19.108000,63,87.9927777777757,0 days 00:00:49.358000,6467,74,2,0,True,0,pos,2685.6567760216753,0.49761976528436386,OnTrack,1992,6570,-140
2024-03-02 16:02:01.720,0 days 01:58:19.289000,63,90.4927777777757,0 days 00:00:49.539000,6377,74,2,0,False,0,car,2689.375555555556,0.49830881021941154,OnTrack,1957,6526,-140
2024-03-02 16:02:01.839,0 days 01:58:19.408000,63,95.12944444444224,0 days 00:00:49.658000,6419,73,2,13,False,0,pos,2691.784905107611,0.4987552335931226,OnTrack,1936,6498,-141
2024-03-02 16:02:02.041,0 days 01:58:19.610000,63,99.76611111110878,0 days 00:00:49.860000,6461,73,2,27,False,0,car,2695.8847222222225,0.4995148801899986,OnTrack,1920,6474,-141
2024-03-02 16:02:02.239,0 days 01:58:19.808000,63,104.1605555555534,0 days 00:00:50.058000,6647,74,2,31,False,0,pos,2700.0532297136133,0.5002872542841019,OnTrack,1911,6444,-142
2024-03-02 16:02:02.321,0 days 01:58:19.890000,63,108.55499999999802,0 days 00:00:50.140000,6834,76,2,36,False,0,car,2701.7958333333336,0.5006101376889998,OnTrack,1902,6418,-142
2024-03-02 16:02:02.419,0 days 01:58:19.988000,63,111.19944444444263,0 days 00:00:50.238000,6916,76,2,38,False,0,pos,2703.879195423885,0.5009961595231218,OnTrack,1892,6387,-142
2024-03-02 16:02:02.481,0 days 01:58:20.050000,63,113.84388888888725,0 days 00:00:50.300000,6998,77,2,41,False,0,car,2705.2180555555556,0.5012442341357898,OnTrack,1886,6370,-141
2024-03-02 16:02:02.760,0 days 01:58:20.329000,63,123.37638888888705,0 days 00:00:50.579000,7741,83,2,51,False,0,car,2711.6505555555555,0.502436098698965,OnTrack,1875,6330,-142
2024-03-02 16:02:02.899,0 days 01:58:20.468000,63,129.3263888888871,0 days 00:00:50.718000,8046,89,2,55,False,0,pos,2715.2330409981314,0.5030998899849498,OnTrack,1871,6306,-142
2024-03-02 16:02:03.120,0 days 01:58:20.689000,63,135.27638888888714,0 days 00:00:50.939000,8351,95,2,59,False,0,car,2721.1505555555555,0.5041963339652168,OnTrack,1860,6250,-141
2024-03-02 16:02:03.139,0 days 01:58:20.708000,63,139.03935185185023,0 days 00:00:50.958000,8811,95,2,63,False,0,pos,2721.6449614846415,0.5042879414128191,OnTrack,1860,6246,-142
2024-03-02 16:02:03.259,0 days 01:58:20.828000,63,142.8023148148133,0 days 00:00:51.078000,9272,95,2,67,False,0,pos,2724.7094671695763,0.504855757305477,OnTrack,1855,6215,-142
2024-03-02 16:02:03.440,0 days 01:58:21.009000,63,146.56527777777637,0 days 00:00:51.259000,9733,95,2,72,False,0,car,2729.595,0.5057609875352184,OnTrack,1846,6165,-141
2024-03-02 16:02:03.499,0 days 01:58:21.068000,63,149.53749999999854,0 days 00:00:51.318000,9903,105,2,73,False,0,pos,2731.3861785431,0.5060928712867677,OnTrack,1845,6153,-141
2024-03-02 16:02:03.640,0 days 01:58:21.209000,63,152.50972222222072,0 days 00:00:51.459000,10073,115,2,74,False,0,car,2735.983888888889,0.5069447714862065,OnTrack,1843,6134,-141
2024-03-02 16:02:03.679,0 days 01:58:21.248000,63,155.42638888888746,0 days 00:00:51.498000,9863,119,2,78,False,0,pos,2737.3005543492054,0.5071887336943228,OnTrack,1842,6124,-141
2024-03-02 16:02:03.840,0 days 01:58:21.409000,63,158.3430555555542,0 days 00:00:51.659000,9653,124,2,82,False,0,car,2742.8727777777776,0.5082211993985762,OnTrack,1831,6042,-140
2024-03-02 16:02:03.959,0 days 01:58:21.528000,63,160.7430555555543,0 days 00:00:51.778000,9908,126,2,84,False,0,pos,2747.0515439832484,0.5089954743085016,OnTrack,1823,5978,-140
2024-03-02 16:02:04.000,0 days 01:58:21.569000,63,163.14305555555438,0 days 00:00:51.819000,10163,128,2,86,False,0,car,2748.5616666666665,0.5092752818036299,OnTrack,1820,5961,-139
2024-03-02 16:02:04.240,0 days 01:58:21.809000,63,169.54305555555447,0 days 00:00:52.059000,10965,144,3,93,False,0,car,2758.1616666666664,0.511054045862158,OnTrack,1814,5906,-139
2024-03-02 16:02:04.359,0 days 01:58:21.928000,63,172.90972222222103,0 days 00:00:52.178000,11213,144,3,96,False,0,pos,2762.8407179568267,0.511921017556215,OnTrack,1812,5876,-139
2024-03-02 16:02:04.480,0 days 01:58:22.049000,63,176.2763888888876,0 days 00:00:52.299000,11461,144,3,99,False,0,car,2767.7616666666663,0.5128328099206861,OnTrack,1807,5829,-138
2024-03-02 16:02:04.499,0 days 01:58:22.068000,63,179.2023148148137,0 days 00:00:52.318000,11310,153,3,99,False,0,pos,2768.5792693468984,0.5129843018229522,OnTrack,1807,5820,-139
2024-03-02 16:02:04.759,0 days 01:58:22.328000,63,182.12824074073978,0 days 00:00:52.578000,11159,163,3,99,False,0,pos,2780.903964640013,0.5152679190125046,OnTrack,1790,5636,-139
2024-03-02 16:02:04.880,0 days 01:58:22.449000,63,185.05416666666588,0 days 00:00:52.699000,11008,173,4,99,False,0,car,2786.9838888888885,0.5163944555471371,OnTrack,1786,5591,-138
2024-03-02 16:02:05.079,0 days 01:58:22.648000,63,187.3874999999989,0 days 00:00:52.898000,11384,179,4,99,False,0,pos,2797.1754407446992,0.5182828270202351,OnTrack,1783,5547,-139
2024-03-02 16:02:05.120,0 days 01:58:22.689000,63,189.72083333333194,0 days 00:00:52.939000,11760,185,4,99,False,0,car,2799.317222222222,0.5186796732612184,OnTrack,1781,5530,-139
2024-03-02 16:02:05.319,0 days 01:58:22.888000,63,192.92083333333198,0 days 00:00:53.138000,11069,190,4,99,False,0,pos,2809.9476053258118,0.5206493548646612,OnTrack,1774,5423,-139
2024-03-02 16:02:05.480,0 days 01:58:23.049000,63,196.12083333333203,0 days 00:00:53.299000,10378,196,4,99,False,0,car,2818.917222222222,0.5223113165473801,OnTrack,1768,5335,-138
2024-03-02 16:02:05.539,0 days 01:58:23.108000,63,199.82453703703595,0 days 00:00:53.358000,10832,204,4,99,False,0,pos,2822.302673291745,0.522938599743669,OnTrack,1766,5303,-139
2024-03-02 16:02:06.179,0 days 01:58:23.748000,63,203.52824074073988,0 days 00:00:53.998000,11287,212,4,99,False,0,pos,2861.6987106536426,0.5302382096715621,OnTrack,1744,4931,-139
2024-03-02 16:02:06.280,0 days 01:58:23.849000,63,207.2319444444438,0 days 00:00:54.099000,11742,221,5,99,False,0,car,2868.0283333333327,0.5314110123097577,OnTrack,1740,4869,-138
2024-03-02 16:02:06.419,0 days 01:58:23.988000,63,208.8319444444437,0 days 00:00:54.238000,11788,223,5,99,False,0,pos,2876.723569761156,0.5330221346054053,OnTrack,1735,4783,-139
2024-03-02 16:02:06.520,0 days 01:58:24.089000,63,210.43194444444362,0 days 00:00:54.339000,11835,225,5,99,False,0,car,2883.0283333333327,0.5341903311512078,OnTrack,1731,4716,-139
2024-03-02 16:02:06.760,0 days 01:58:24.329000,63,213.7652777777771,0 days 00:00:54.579000,10435,225,6,99,False,0,car,2898.0283333333327,0.5369696499926581,OnTrack,1722,4556,-139
2024-03-02 16:02:06.779,0 days 01:58:24.348000,63,215.80972222222158,0 days 00:00:54.598000,10502,228,6,99,False,0,pos,2899.2307622094027,0.5371924455413756,OnTrack,1722,4544,-139
2024-03-02 16:02:07.080,0 days 01:58:24.649000,63,217.85416666666606,0 days 00:00:54.899000,10570,232,6,99,False,0,car,2918.650555555555,0.5407906987109778,OnTrack,1713,4360,-138
2024-03-02 16:02:07.119,0 days 01:58:24.688000,63,218.76527777777733,0 days 00:00:54.938000,10786,235,6,99,False,0,pos,2921.210234134378,0.5412649762377898,OnTrack,1712,4337,-139
2024-03-02 16:02:07.240,0 days 01:58:24.809000,63,219.6763888888886,0 days 00:00:55.059000,11003,238,6,99,False,0,car,2929.2283333333326,0.5427506331828745,OnTrack,1708,4261,-139
2024-03-02 16:02:07.359,0 days 01:58:24.928000,63,221.07638888888846,0 days 00:00:55.178000,11141,242,6,99,False,0,pos,2937.273312397148,0.5442412706422836,OnTrack,1704,4178,-139
2024-03-02 16:02:07.520,0 days 01:58:25.089000,63,222.47638888888832,0 days 00:00:55.339000,11279,246,6,99,False,0,car,2948.3616666666658,0.5462958087717465,OnTrack,1698,4042,-138
2024-03-02 16:02:07.579,0 days 01:58:25.148000,63,223.3374999999994,0 days 00:00:55.398000,11380,248,6,99,False,0,pos,2952.463864273081,0.5470558964450041,OnTrack,1696,3994,-139
2024-03-02 16:02:07.720,0 days 01:58:25.289000,63,224.1986111111105,0 days 00:00:55.539000,11482,251,6,99,False,0,car,2962.3061111111106,0.5488795459169465,OnTrack,1691,3889,-139
2024-03-02 16:02:07.919,0 days 01:58:25.488000,63,225.2652777777771,0 days 00:00:55.738000,11561,251,6,99,False,0,pos,2976.151503780904,0.5514449299645753,OnTrack,1685,3771,-139
2024-03-02 16:02:07.960,0 days 01:58:25.529000,63,226.3319444444437,0 days 00:00:55.779000,11640,251,6,99,False,0,car,2979.039444444444,0.5519800304911866,OnTrack,1683,3750,-138
2024-03-02 16:02:08.259,0 days 01:58:25.828000,63,227.4819444444438,0 days 00:00:56.078000,11044,255,6,99,False,0,pos,3000.6045898711664,0.5559757914913935,OnTrack,1677,3614,-139
2024-03-02 16:02:08.320,0 days 01:58:25.889000,63,228.6319444444439,0 days 00:00:56.139000,10449,260,6,99,False,0,car,3005.039444444444,0.5567975164830337,OnTrack,1675,3578,-139
2024-03-02 16:02:08.481,0 days 01:58:26.050000,63,229.52638888888896,0 days 00:00:56.300000,10688,262,7,99,False,0,car,3016.7566666666658,0.5589685762491456,OnTrack,1670,3463,-139
2024-03-02 16:02:08.599,0 days 01:58:26.168000,63,230.00046296296296,0 days 00:00:56.418000,10683,263,7,99,False,0,pos,3025.421212153674,0.5605740118841218,OnTrack,1665,3353,-139
2024-03-02 16:02:08.799,0 days 01:58:26.368000,63,230.47453703703695,0 days 00:00:56.618000,10679,264,7,99,False,0,pos,3040.2521627573146,0.5633220079140762,OnTrack,1655,3131,-139
2024-03-02 16:02:08.801,0 days 01:58:26.370000,63,230.94861111111095,0 days 00:00:56.620000,10675,266,7,99,False,0,car,3040.4011111111104,0.5633496062451502,OnTrack,1654,3129,-139
2024-03-02 16:02:09.201,0 days 01:58:26.770000,63,231.28194444444352,0 days 00:00:57.020000,10897,270,7,99,False,0,car,3070.401111111111,0.5689082439280506,OnTrack,1645,2916,-139
2024-03-02 16:02:09.219,0 days 01:58:26.788000,63,231.0884722222213,0 days 00:00:57.038000,10890,271,7,99,False,0,pos,3071.7569067856034,0.5691594564922691,OnTrack,1645,2907,-139
2024-03-02 16:02:09.400,0 days 01:58:26.969000,63,230.89499999999907,0 days 00:00:57.219000,10883,272,7,99,False,0,car,3085.436666666666,0.5716941507845323,OnTrack,1639,2781,-138
2024-03-02 16:02:09.439,0 days 01:58:27.008000,63,229.0949999999992,0 days 00:00:57.258000,10950,273,7,99,False,0,pos,3088.408771872501,0.5722448459843557,OnTrack,1638,2741,-139
2024-03-02 16:02:09.579,0 days 01:58:27.148000,63,227.2949999999993,0 days 00:00:57.398000,11017,275,7,99,False,0,pos,3099.161205584984,0.5742371420915922,OnTrack,1630,2558,-139
2024-03-02 16:02:09.760,0 days 01:58:27.329000,63,225.49499999999944,0 days 00:00:57.579000,11084,277,7,99,False,0,car,3113.136666666666,0.5768266262450771,OnTrack,1620,2347,-138
2024-03-02 16:02:09.960,0 days 01:58:27.529000,63,221.6061111111103,0 days 00:00:57.779000,11158,278,7,99,False,0,car,3128.5811111111107,0.5796882952744221,OnTrack,1611,2171,-138
2024-03-02 16:02:10.039,0 days 01:58:27.608000,63,216.27277777777704,0 days 00:00:57.858000,11228,280,7,99,False,0,pos,3134.7258605844495,0.5808268431402381,OnTrack,1609,2118,-139
2024-03-02 16:02:10.360,0 days 01:58:27.929000,63,210.93944444444378,0 days 00:00:58.179000,11299,282,7,99,False,0,car,3159.9144444444437,0.585493983521007,OnTrack,1600,1959,-139
2024-03-02 16:02:10.379,0 days 01:58:27.948000,63,207.99499999999966,0 days 00:00:58.198000,11302,282,7,99,False,0,pos,3161.407266003781,0.585770585326793,OnTrack,1600,1947,-139
2024-03-02 16:02:10.560,0 days 01:58:28.129000,63,205.05055555555555,0 days 00:00:58.379000,11306,283,7,99,False,0,car,3175.6366666666654,0.5884071214177862,OnTrack,1593,1806,-138
2024-03-02 16:02:10.579,0 days 01:58:28.148000,63,202.56166666666627,0 days 00:00:58.398000,11332,283,7,99,False,0,pos,3177.133342153356,0.5886844373097658,OnTrack,1593,1791,-139
2024-03-02 16:02:10.720,0 days 01:58:28.289000,63,200.072777777777,0 days 00:00:58.539000,11359,284,7,99,False,0,car,3188.258888888888,0.5907458667539992,OnTrack,1587,1679,-139
2024-03-02 16:02:10.759,0 days 01:58:28.328000,63,195.90611111111033,0 days 00:00:58.578000,11373,284,7,99,False,0,pos,3191.340020893657,0.5913167633029224,OnTrack,1586,1649,-139
2024-03-02 16:02:10.999,0 days 01:58:28.568000,63,191.73944444444365,0 days 00:00:58.818000,11388,284,7,99,False,0,pos,3210.333826894719,0.5948360861622293,OnTrack,1576,1459,-139
2024-03-02 16:02:11.080,0 days 01:58:28.649000,63,187.572777777777,0 days 00:00:58.899000,11403,285,7,99,False,0,car,3216.758888888888,0.5960265725527546,OnTrack,1572,1394,-139
2024-03-02 16:02:11.240,0 days 01:58:28.809000,63,181.88388888888858,0 days 00:00:59.059000,11432,286,7,99,False,0,car,3229.469999999999,0.5983817879265464,OnTrack,1566,1267,-139
2024-03-02 16:02:11.279,0 days 01:58:28.848000,63,178.88388888888858,0 days 00:00:59.098000,11428,286,7,99,False,0,pos,3232.5697579397383,0.5989561356362699,OnTrack,1565,1237,-139
2024-03-02 16:02:11.339,0 days 01:58:28.908000,63,175.88388888888858,0 days 00:00:59.158000,11425,286,7,99,False,0,pos,3237.3390801833257,0.5998398334477733,OnTrack,1563,1190,-139
2024-03-02 16:02:11.480,0 days 01:58:29.049000,63,172.88388888888858,0 days 00:00:59.299000,11422,286,7,99,False,0,car,3248.5366666666655,0.6019146109872342,OnTrack,1557,1078,-139
2024-03-02 16:02:11.619,0 days 01:58:29.188000,63,168.45055555555518,0 days 00:00:59.438000,11438,285,7,99,False,0,pos,3259.54524297301,0.6039543672236185,OnTrack,1551,968,-139
2024-03-02 16:02:11.720,0 days 01:58:29.289000,63,164.0172222222218,0 days 00:00:59.539000,11454,285,7,99,False,0,car,3267.5366666666655,0.6054350815197378,OnTrack,1546,887,-138
2024-03-02 16:02:11.859,0 days 01:58:29.428000,63,160.26722222222202,0 days 00:00:59.678000,11428,285,7,99,False,0,pos,3278.5373242256987,0.607473370507882,OnTrack,1541,778,-139
2024-03-02 16:02:11.920,0 days 01:58:29.489000,63,156.51722222222224,0 days 00:00:59.739000,11403,285,7,99,False,0,car,3283.3699999999985,0.6083688069634907,OnTrack,1538,729,-139
2024-03-02 16:02:12.119,0 days 01:58:29.688000,63,150.65055555555546,0 days 00:00:59.938000,11258,285,7,71,False,0,pos,3299.162081966522,0.6112948890271763,OnTrack,1529,573,-139
2024-03-02 16:02:12.240,0 days 01:58:29.809000,63,144.78388888888867,0 days 00:01:00.059000,11113,285,7,43,True,0,car,3308.703333333332,0.6130627676734955,OnTrack,1524,477,-138
2024-03-02 16:02:12.299,0 days 01:58:29.868000,63,142.07277777777745,0 days 00:01:00.118000,11194,282,7,27,True,0,pos,3313.3233067373985,0.613918792948757,OnTrack,1522,431,-139
2024-03-02 16:02:12.400,0 days 01:58:29.969000,63,139.36166666666622,0 days 00:01:00.219000,11275,279,7,12,True,0,car,3321.103333333332,0.6153603379157611,OnTrack,1518,354,-139
2024-03-02 16:02:12.539,0 days 01:58:30.108000,63,136.61166666666622,0 days 00:01:00.358000,11275,269,7,7,True,0,pos,3331.295856574753,0.617248889374881,OnTrack,1517,237,-139
2024-03-02 16:02:12.600,0 days 01:58:30.169000,63,133.86166666666622,0 days 00:01:00.419000,11275,260,7,2,True,0,car,3335.5477777777764,0.6180367190223427,OnTrack,1517,174,-138
2024-03-02 16:02:12.719,0 days 01:58:30.288000,63,131.9727777777773,0 days 00:01:00.538000,11363,247,7,2,True,0,pos,3343.4254629065313,0.6194963589360334,OnTrack,1521,52,-139
2024-03-02 16:02:12.800,0 days 01:58:30.369000,63,130.0838888888884,0 days 00:01:00.619000,11452,234,7,3,True,0,car,3348.5477777777764,0.6204454620182662,OnTrack,1524,-6,-139
2024-03-02 16:02:13.000,0 days 01:58:30.569000,63,127.63944444444314,0 days 00:01:00.819000,11133,215,7,2,True,0,car,3360.4922222222212,0.6226586233179396,OnTrack,1534,-77,-139
2024-03-02 16:02:13.119,0 days 01:58:30.688000,63,127.07277777777676,0 days 00:01:00.938000,11488,203,7,2,True,0,pos,3366.9545371323575,0.6238560122238812,OnTrack,1544,-122,-139
2024-03-02 16:02:13.240,0 days 01:58:30.809000,63,126.50611111111039,0 days 00:01:01.059000,11844,192,6,2,True,0,car,3373.292222222221,0.6250303087293104,OnTrack,1556,-183,-138
2024-03-02 16:02:13.319,0 days 01:58:30.888000,63,126.43944444444355,0 days 00:01:01.138000,11505,190,6,2,True,0,pos,3377.4638199439123,0.6258032554057669,OnTrack,1567,-225,-139
2024-03-02 16:02:13.480,0 days 01:58:31.049000,63,126.37277777777672,0 days 00:01:01.299000,11166,188,4,3,True,0,car,3385.8255555555543,0.6273525840279444,OnTrack,1592,-301,-139
2024-03-02 16:02:13.519,0 days 01:58:31.088000,63,126.86166666666577,0 days 00:01:01.338000,10963,182,4,3,True,0,pos,3387.7535342167985,0.6277098151892182,OnTrack,1599,-318,-139
2024-03-02 16:02:13.599,0 days 01:58:31.168000,63,127.35055555555482,0 days 00:01:01.418000,10761,176,4,3,True,0,pos,3391.581630024123,0.6284191151094967,OnTrack,1613,-352,-138
2024-03-02 16:02:13.720,0 days 01:58:31.289000,63,127.83944444444387,0 days 00:01:01.539000,10559,171,4,3,True,0,car,3397.2255555555544,0.6294648663474465,OnTrack,1651,-412,-137
2024-03-02 16:02:13.899,0 days 01:58:31.468000,63,128.75611111111016,0 days 00:01:01.718000,10419,168,4,3,True,0,pos,3405.495058833087,0.6309971054320251,OnTrack,1724,-499,-137
2024-03-02 16:02:13.920,0 days 01:58:31.489000,63,129.67277777777645,0 days 00:01:01.739000,10280,166,4,3,True,0,car,3406.4477777777765,0.631173632746264,OnTrack,1731,-506,-136
2024-03-02 16:02:14.120,0 days 01:58:31.689000,63,132.00611111110948,0 days 00:01:01.939000,10066,160,4,3,False,0,car,3415.3366666666657,0.6328206365041605,OnTrack,1782,-546,-135
2024-03-02 16:02:14.299,0 days 01:58:31.868000,63,133.80611111110943,0 days 00:01:02.118000,9964,159,4,5,False,0,pos,3423.225764922753,0.6342823911325068,OnTrack,1829,-569,-135
2024-03-02 16:02:14.360,0 days 01:58:31.929000,63,135.60611111110939,0 days 00:01:02.179000,9862,158,4,7,False,0,car,3425.869999999999,0.6347723359572678,OnTrack,1849,-578,-134
2024-03-02 16:02:14.519,0 days 01:58:32.088000,63,138.09499999999844,0 days 00:01:02.338000,9745,155,4,27,False,0,pos,3432.6063595130554,0.6360205020184291,OnTrack,1920,-610,-134
2024-03-02 16:02:14.640,0 days 01:58:32.209000,63,140.5838888888875,0 days 00:01:02.459000,9628,152,4,48,False,0,car,3437.692222222221,0.6369628509552699,OnTrack,2001,-637,-132
2024-03-02 16:02:14.719,0 days 01:58:32.288000,63,144.14374999999882,0 days 00:01:02.538000,9792,153,4,58,False,0,pos,3441.035151538825,0.6375822553842885,OnTrack,2052,-652,-131
2024-03-02 16:02:15.001,0 days 01:58:32.570000,63,147.70361111111015,0 days 00:01:02.820000,9957,154,4,69,False,0,car,3453.134999999999,0.6398242111714104,OnTrack,2147,-670,-129
2024-03-02 16:02:15.159,0 days 01:58:32.728000,63,149.67583333333255,0 days 00:01:02.978000,10003,156,4,70,False,0,pos,3460.0563476331663,0.6411066532970828,OnTrack,2196,-670,-129
2024-03-02 16:02:15.201,0 days 01:58:32.770000,63,151.64805555555495,0 days 00:01:03.020000,10049,158,4,71,False,0,car,3461.9127777777767,0.6414506273823332,OnTrack,2212,-669,-128
2024-03-02 16:02:15.339,0 days 01:58:32.908000,63,153.675833333333,0 days 00:01:03.158000,10250,159,4,74,False,0,pos,3468.053666576774,0.6425884599118201,OnTrack,2276,-668,-128
2024-03-02 16:02:15.401,0 days 01:58:32.970000,63,155.70361111111106,0 days 00:01:03.220000,10451,160,4,77,False,0,car,3470.8016666666654,0.6430976311402296,OnTrack,2304,-665,-127
2024-03-02 16:02:15.561,0 days 01:58:33.130000,63,159.12583333333305,0 days 00:01:03.380000,10690,160,4,82,False,0,car,3477.9127777777767,0.6444152341465467,OnTrack,2376,-652,-125
2024-03-02 16:02:15.579,0 days 01:58:33.148000,63,160.61472222222187,0 days 00:01:03.398000,10859,166,4,83,False,0,pos,3478.74648477721,0.6445697099846649,OnTrack,2384,-651,-125
2024-03-02 16:02:15.721,0 days 01:58:33.290000,63,162.1036111111107,0 days 00:01:03.540000,11029,172,4,85,False,0,car,3485.557222222221,0.6458316573783376,OnTrack,2441,-638,-124
2024-03-02 16:02:15.819,0 days 01:58:33.388000,63,163.61472222222164,0 days 00:01:03.638000,11091,173,4,85,False,0,pos,3490.2995516560945,0.6467103537481996,OnTrack,2485,-625,-124
2024-03-02 16:02:15.881,0 days 01:58:33.450000,63,165.1258333333326,0 days 00:01:03.700000,11154,175,4,86,False,0,car,3493.3349999999987,0.6472727856664969,OnTrack,2517,-613,-123
2024-03-02 16:02:16.039,0 days 01:58:33.608000,63,168.31694444444406,0 days 00:01:03.858000,11654,180,4,92,False,0,pos,3501.2764836425176,0.6487442466742783,OnTrack,2604,-579,-121
2024-03-02 16:02:16.240,0 days 01:58:33.809000,63,171.50805555555553,0 days 00:01:04.059000,12155,185,4,99,False,0,car,3511.7836111111096,0.6506910904971435,OnTrack,2686,-539,-118
2024-03-02 16:02:16.399,0 days 01:58:33.968000,63,173.95249999999965,0 days 00:01:04.218000,11392,191,4,99,False,0,pos,3520.39343985149,0.6522863877797966,OnTrack,2749,-502,-117
2024-03-02 16:02:16.560,0 days 01:58:34.129000,63,176.39694444444376,0 days 00:01:04.379000,10629,197,5,99,False,0,car,3529.294722222221,0.6539356879001995,OnTrack,2823,-451,-114
2024-03-02 16:02:16.679,0 days 01:58:34.248000,63,177.7580555555553,0 days 00:01:04.498000,10779,199,5,99,False,0,pos,3535.937761575049,0.6551665628627202,OnTrack,2874,-414,-113
2024-03-02 16:02:16.760,0 days 01:58:34.329000,63,179.11916666666684,0 days 00:01:04.579000,10930,202,5,99,False,0,car,3540.5169444444427,0.6560150301445437,OnTrack,2901,-391,-111
2024-03-02 16:02:16.859,0 days 01:58:34.428000,63,180.28583333333358,0 days 00:01:04.678000,11050,205,5,99,False,0,pos,3546.1983990293984,0.6570677350628644,OnTrack,2933,-362,-110
2024-03-02 16:02:16.960,0 days 01:58:34.529000,63,181.45250000000033,0 days 00:01:04.779000,11171,208,5,99,False,0,car,3552.0724999999984,0.658156135029809,OnTrack,2973,-323,-108
2024-03-02 16:02:17.059,0 days 01:58:34.628000,63,182.6191666666664,0 days 00:01:04.878000,11323,210,5,99,False,0,pos,3557.8885313759765,0.6592337754021905,OnTrack,3015,-281,-107
2024-03-02 16:02:17.200,0 days 01:58:34.769000,63,183.78583333333245,0 days 00:01:05.019000,11476,213,5,99,False,0,car,3566.272499999999,0.6607872235330486,OnTrack,3070,-218,-105
2024-03-02 16:02:17.239,0 days 01:58:34.808000,63,184.2673148148142,0 days 00:01:05.058000,11542,214,5,99,False,0,pos,3568.612603484855,0.6612208164468089,OnTrack,3085,-200,-105
2024-03-02 16:02:17.399,0 days 01:58:34.968000,63,184.74879629629595,0 days 00:01:05.218000,11608,216,5,99,False,0,pos,3578.3222569609775,0.6630198979701517,OnTrack,3142,-123,-101
2024-03-02 16:02:17.400,0 days 01:58:34.969000,63,185.2302777777777,0 days 00:01:05.219000,11674,218,5,99,False,0,car,3578.3836111111095,0.6630312661531824,OnTrack,3142,-122,-100
2024-03-02 16:02:17.559,0 days 01:58:35.128000,63,185.65249999999946,0 days 00:01:05.378000,11770,220,5,99,False,0,pos,3588.2324374204545,0.6648561347216978,OnTrack,3196,-40,-97
2024-03-02 16:02:17.560,0 days 01:58:35.129000,63,186.07472222222123,0 days 00:01:05.379000,11866,223,5,99,False,0,car,3588.2947222222215,0.664867675343237,OnTrack,3196,-39,-96
2024-03-02 16:02:17.800,0 days 01:58:35.369000,63,187.07472222222214,0 days 00:01:05.619000,11166,226,5,99,False,0,car,3603.3613888888876,0.6676593467128714,OnTrack,3268,92,-90
2024-03-02 16:02:17.839,0 days 01:58:35.408000,63,187.3413888888887,0 days 00:01:05.658000,11066,228,5,99,False,0,pos,3605.846003542177,0.6681197158008468,OnTrack,3279,115,-90
2024-03-02 16:02:17.999,0 days 01:58:35.568000,63,187.6080555555553,0 days 00:01:05.818000,10967,230,5,99,False,0,pos,3616.1612052287687,0.6700309980942403,OnTrack,3322,208,-87
2024-03-02 16:02:18.160,0 days 01:58:35.729000,63,187.87472222222186,0 days 00:01:05.979000,10868,233,6,99,False,0,car,3626.661388888888,0.6719765553132574,OnTrack,3362,304,-83
2024-03-02 16:02:18.319,0 days 01:58:35.888000,63,187.9858333333325,0 days 00:01:06.138000,10835,235,6,99,False,0,pos,3637.1091759200735,0.6739124040697394,OnTrack,3401,402,-79
2024-03-02 16:02:18.360,0 days 01:58:35.929000,63,188.09694444444312,0 days 00:01:06.179000,10803,237,6,99,False,0,car,3639.828055555555,0.6744161796296415,OnTrack,3410,427,-78
2024-03-02 16:02:18.539,0 days 01:58:36.108000,63,188.09694444444344,0 days 00:01:06.358000,10906,239,6,99,False,0,pos,3651.8465210099525,0.6766430561284897,OnTrack,3453,539,-74
2024-03-02 16:02:18.639,0 days 01:58:36.208000,63,188.09694444444372,0 days 00:01:06.458000,11009,241,6,99,False,0,pos,3658.635667250309,0.6779010029327021,OnTrack,3478,602,-72
2024-03-02 16:02:18.680,0 days 01:58:36.249000,63,188.09694444444403,0 days 00:01:06.499000,11113,243,6,99,False,0,car,3661.4280555555542,0.6784183987613297,OnTrack,3488,627,-71
2024-03-02 16:02:18.899,0 days 01:58:36.468000,63,188.03027777777697,0 days 00:01:06.718000,11222,245,6,99,False,0,pos,3676.4427321041508,0.6812004369899826,OnTrack,3552,762,-66
2024-03-02 16:02:18.920,0 days 01:58:36.489000,63,187.9636111111099,0 days 00:01:06.739000,11332,247,6,99,False,0,car,3677.8947222222214,0.6814694732228329,OnTrack,3558,774,-65
2024-03-02 16:02:19.059,0 days 01:58:36.628000,63,187.7136111111099,0 days 00:01:06.878000,11456,249,6,99,False,0,pos,3687.567051657712,0.6832616390522177,OnTrack,3606,857,-62
2024-03-02 16:02:19.280,0 days 01:58:36.849000,63,187.4636111111099,0 days 00:01:07.099000,11581,252,6,99,False,0,car,3703.094722222221,0.6861387288764692,OnTrack,3689,986,-58
2024-03-02 16:02:19.339,0 days 01:58:36.908000,63,187.23027777777648,0 days 00:01:07.158000,11506,252,6,94,False,0,pos,3707.2507672980114,0.6869087938354731,OnTrack,3714,1020,-57
2024-03-02 16:02:19.559,0 days 01:58:37.128000,63,186.99694444444307,0 days 00:01:07.378000,11431,253,6,89,False,0,pos,3722.77703540531,0.6897856238013413,OnTrack,3810,1140,-51
2024-03-02 16:02:19.640,0 days 01:58:37.209000,63,186.76361111110964,0 days 00:01:07.459000,11356,254,6,85,False,0,car,3728.4947222222213,0.6908450421146582,OnTrack,3841,1178,-48
2024-03-02 16:02:19.739,0 days 01:58:37.308000,63,186.73398148148044,0 days 00:01:07.558000,10979,254,6,82,False,0,pos,3735.4811845541008,0.6921395492075966,OnTrack,3896,1232,-46
2024-03-02 16:02:19.899,0 days 01:58:37.468000,63,186.70435185185124,0 days 00:01:07.718000,10602,254,6,79,False,0,pos,3746.7691490099046,0.6942310726938389,OnTrack,4046,1353,-39
2024-03-02 16:02:19.960,0 days 01:58:37.529000,63,186.67472222222204,0 days 00:01:07.779000,10225,254,7,77,False,0,car,3751.0724999999984,0.6950284316597151,OnTrack,4087,1384,-37
2024-03-02 16:02:20.120,0 days 01:58:37.689000,63,186.58583333333308,0 days 00:01:07.939000,10234,254,7,82,False,0,car,3762.361388888887,0.6971201264322435,OnTrack,4131,1410,-34
2024-03-02 16:02:20.259,0 days 01:58:37.828000,63,186.4524999999992,0 days 00:01:08.078000,10220,254,7,82,False,0,pos,3772.1713060865677,0.6989377856122821,OnTrack,4180,1432,-33
2024-03-02 16:02:20.280,0 days 01:58:37.849000,63,186.3191666666653,0 days 00:01:08.099000,10207,254,7,82,False,0,car,3773.650277777777,0.6992118212047721,OnTrack,4191,1437,-32
2024-03-02 16:02:20.419,0 days 01:58:37.988000,63,186.20805555555467,0 days 00:01:08.238000,10203,253,7,82,False,0,pos,3783.4176675142235,0.7010216005598583,OnTrack,4282,1481,-30
2024-03-02 16:02:20.440,0 days 01:58:38.009000,63,186.09694444444403,0 days 00:01:08.259000,10199,253,7,83,False,0,car,3784.894722222221,0.701295280958511,OnTrack,4296,1487,-29
2024-03-02 16:02:20.720,0 days 01:58:38.289000,63,183.06361111111073,0 days 00:01:08.539000,10224,254,7,84,False,0,car,3804.6502777777764,0.7049557468104357,OnTrack,4480,1556,-23
2024-03-02 16:02:20.759,0 days 01:58:38.328000,63,181.3265740740735,0 days 00:01:08.578000,10238,254,7,85,False,0,pos,3807.398662121756,0.7054649892364869,OnTrack,4507,1564,-23
2024-03-02 16:02:20.999,0 days 01:58:38.568000,63,179.58953703703628,0 days 00:01:08.818000,10252,254,7,86,False,0,pos,3824.3347391120815,0.7086030397617846,OnTrack,4671,1601,-19
2024-03-02 16:02:21.000,0 days 01:58:38.569000,63,177.85249999999905,0 days 00:01:08.819000,10266,254,7,88,False,0,car,3824.405833333332,0.7086162126623605,OnTrack,4671,1601,-18
2024-03-02 16:02:21.159,0 days 01:58:38.728000,63,175.28583333333268,0 days 00:01:08.978000,10329,256,7,93,False,0,pos,3835.7794665106717,0.7107236095280622,OnTrack,4783,1613,-17
2024-03-02 16:02:21.240,0 days 01:58:38.809000,63,172.7191666666663,0 days 00:01:09.059000,10393,258,7,99,False,0,car,3841.6058333333317,0.7118031649338901,OnTrack,4840,1615,-15
2024-03-02 16:02:21.419,0 days 01:58:38.988000,63,160.05601851851785,0 days 00:01:09.238000,10444,259,7,99,False,0,pos,3854.525869675235,0.7141970916297083,OnTrack,4968,1611,-13
2024-03-02 16:02:22.199,0 days 01:58:39.768000,63,147.39287037036942,0 days 00:01:10.018000,10495,260,7,99,False,0,pos,3911.369487704212,0.7247295275366508,OnTrack,5517,1438,-6
2024-03-02 16:02:22.361,0 days 01:58:39.930000,63,134.72972222222097,0 days 00:01:10.180000,10546,262,7,99,False,0,car,3923.1897222222215,0.7269196742370682,OnTrack,5615,1389,-5
2024-03-02 16:02:22.499,0 days 01:58:40.068000,63,130.49638888888785,0 days 00:01:10.318000,10558,262,7,99,False,0,pos,3933.2546327954196,0.728784580609975,OnTrack,5700,1346,-5
2024-03-02 16:02:22.601,0 days 01:58:40.170000,63,126.26305555555473,0 days 00:01:10.420000,10571,263,7,99,False,0,car,3940.7230555555543,0.7301683891495188,OnTrack,5765,1313,-4
2024-03-02 16:02:22.639,0 days 01:58:40.208000,63,121.38055555555502,0 days 00:01:10.458000,10352,262,7,60,False,0,pos,3943.51712167568,0.7306860958569802,OnTrack,5792,1300,-4
2024-03-02 16:02:22.880,0 days 01:58:40.449000,63,116.49805555555531,0 days 00:01:10.699000,10133,262,7,22,True,0,car,3961.028055555554,0.7339306604212285,OnTrack,5994,1203,-3
2024-03-02 16:02:22.979,0 days 01:58:40.548000,63,112.40916666666612,0 days 00:01:10.798000,10213,247,7,14,True,0,pos,3967.7553136877223,0.7351771401064306,OnTrack,6064,1171,-4
2024-03-02 16:02:23.200,0 days 01:58:40.769000,63,108.32027777777694,0 days 00:01:11.019000,10293,232,7,7,True,0,car,3981.650277777777,0.7377517091395482,OnTrack,6157,1124,-4
2024-03-02 16:02:23.279,0 days 01:58:40.848000,63,106.00916666666626,0 days 00:01:11.098000,10157,215,7,8,True,0,pos,3986.2518185025674,0.7386043190619558,OnTrack,6189,1108,-5
2024-03-02 16:02:23.520,0 days 01:58:41.089000,63,103.69805555555558,0 days 00:01:11.339000,10022,198,7,9,True,0,car,3999.2502777777763,0.741012776580183,OnTrack,6305,1040,-4
2024-03-02 16:02:23.579,0 days 01:58:41.148000,63,103.15361111111118,0 days 00:01:11.398000,10082,190,7,9,True,0,pos,4002.2525190644974,0.7415690556318338,OnTrack,6333,1023,-5
2024-03-02 16:02:23.679,0 days 01:58:41.248000,63,102.60916666666678,0 days 00:01:11.498000,10143,182,7,9,True,0,pos,4007.186932825141,0.7424833429075985,OnTrack,6375,994,-6
2024-03-02 16:02:23.800,0 days 01:58:41.369000,63,102.06472222222237,0 days 00:01:11.619000,10204,175,5,9,True,0,car,4012.8613888888876,0.743534751084462,OnTrack,6421,958,-6
2024-03-02 16:02:23.859,0 days 01:58:41.428000,63,102.75731481481489,0 days 00:01:11.678000,9872,166,5,9,True,0,pos,4015.504244092589,0.7440244402353202,OnTrack,6442,941,-7
2024-03-02 16:02:24.059,0 days 01:58:41.628000,63,103.44990740740741,0 days 00:01:11.878000,9541,158,5,9,True,0,pos,4023.8763691304125,0.7455756938926933,OnTrack,6506,880,-7
2024-03-02 16:02:24.240,0 days 01:58:41.809000,63,104.14249999999993,0 days 00:01:12.059000,9210,150,4,9,True,0,car,4031.1947222222207,0.7469316963351234,OnTrack,6554,822,-7
2024-03-02 16:02:24.259,0 days 01:58:41.828000,63,105.30916666666644,0 days 00:01:12.078000,9069,147,4,9,True,0,pos,4031.9642492655585,0.7470742804024935,OnTrack,6559,816,-8
2024-03-02 16:02:24.480,0 days 01:58:42.049000,63,106.47583333333296,0 days 00:01:12.299000,8929,145,4,10,True,0,car,4040.8613888888876,0.7487228129218357,OnTrack,6603,742,-8
2024-03-02 16:02:24.539,0 days 01:58:42.108000,63,109.07583333333287,0 days 00:01:12.358000,8758,141,4,5,True,0,pos,4043.173525078633,0.7491512238335797,OnTrack,6613,720,-9
2024-03-02 16:02:24.840,0 days 01:58:42.409000,63,111.67583333333278,0 days 00:01:12.659000,8587,138,4,0,False,0,car,4054.661388888888,0.7512797862559699,OnTrack,6650,592,-10
2024-03-02 16:02:24.859,0 days 01:58:42.428000,63,113.28694444444409,0 days 00:01:12.678000,8577,138,4,5,False,0,pos,4055.389364540541,0.751414671352287,OnTrack,6652,585,-11
2024-03-02 16:02:25.040,0 days 01:58:42.609000,63,114.8980555555554,0 days 00:01:12.859000,8568,138,4,11,False,0,car,4062.328055555554,0.7527003269971555,OnTrack,6661,520,-12
2024-03-02 16:02:25.200,0 days 01:58:42.769000,63,117.92027777777685,0 days 00:01:13.019000,8324,135,4,23,False,0,car,4068.3280555555543,0.7538120545337357,OnTrack,6664,468,-13
2024-03-02 16:02:25.259,0 days 01:58:42.828000,63,119.58694444444397,0 days 00:01:13.078000,8379,134,4,28,False,0,pos,4070.5254369159375,0.75421920276152,OnTrack,6665,448,-14
2024-03-02 16:02:25.419,0 days 01:58:42.988000,63,121.25361111111108,0 days 00:01:13.238000,8435,134,4,33,False,0,pos,4076.4770428862103,0.7553219634688576,OnTrack,6663,389,-15
2024-03-02 16:02:25.440,0 days 01:58:43.009000,63,122.92027777777821,0 days 00:01:13.259000,8491,134,4,38,False,0,car,4077.2613888888873,0.7554672933104215,OnTrack,6662,381,-15
2024-03-02 16:02:25.499,0 days 01:58:43.068000,63,124.67583333333369,0 days 00:01:13.318000,8456,134,4,39,False,0,pos,4079.4700894250327,0.7558765388447701,OnTrack,6659,360,-16
2024-03-02 16:02:25.600,0 days 01:58:43.169000,63,126.43138888888916,0 days 00:01:13.419000,8422,135,4,40,False,0,car,4083.2613888888873,0.7565790208470016,OnTrack,6652,324,-16
2024-03-02 16:02:25.699,0 days 01:58:43.268000,63,129.26472222222196,0 days 00:01:13.518000,8497,135,4,44,False,0,pos,4086.977663822263,0.7572676017098241,OnTrack,6643,287,-17
2024-03-02 16:02:25.840,0 days 01:58:43.409000,63,132.09805555555477,0 days 00:01:13.659000,8573,135,4,49,False,0,car,4092.2613888888877,0.7582466121518718,OnTrack,6616,220,-18
2024-03-02 16:02:25.999,0 days 01:58:43.568000,63,134.098055555555,0 days 00:01:13.818000,8599,135,4,52,False,0,pos,4098.223370818703,0.7593512953992,OnTrack,6582,150,-20
2024-03-02 16:02:26.000,0 days 01:58:43.569000,63,136.09805555555522,0 days 00:01:13.819000,8626,135,4,55,False,0,car,4098.261388888887,0.7593583396884518,OnTrack,6581,149,-20
2024-03-02 16:02:26.280,0 days 01:58:43.849000,63,143.25361111111033,0 days 00:01:14.099000,9058,141,4,68,False,0,car,4109.228055555554,0.7613903305747566,OnTrack,6540,88,-21
2024-03-02 16:02:26.319,0 days 01:58:43.888000,63,145.18694444444372,0 days 00:01:14.138000,9236,143,4,72,False,0,pos,4110.793063878374,0.761680307715999,OnTrack,6533,79,-22
2024-03-02 16:02:26.440,0 days 01:58:44.009000,63,147.12027777777712,0 days 00:01:14.259000,9415,146,4,76,False,0,car,4115.7169444444435,0.762592643318021,OnTrack,6503,43,-22
2024-03-02 16:02:26.559,0 days 01:58:44.128000,63,149.53694444444363,0 days 00:01:14.378000,9602,149,4,77,False,0,pos,4120.709412911844,0.7635176874298071,OnTrack,6469,6,-24
2024-03-02 16:02:26.640,0 days 01:58:44.209000,63,151.95361111111015,0 days 00:01:14.459000,9789,152,4,78,False,0,car,4124.161388888888,0.7641572968880226,OnTrack,6444,-18,-24
2024-03-02 16:02:26.800,0 days 01:58:44.369000,63,155.77583333333314,0 days 00:01:14.619000,9789,155,4,78,False,0,car,4131.0502777777765,0.7654337248003923,OnTrack,6394,-64,-26
2024-03-02 16:02:26.899,0 days 01:58:44.468000,63,159.19805555555558,0 days 00:01:14.718000,10311,158,4,88,False,0,pos,4135.365543288859,0.7662332913831129,OnTrack,6361,-92,-28
2024-03-02 16:02:27.080,0 days 01:58:44.649000,63,162.62027777777803,0 days 00:01:14.899000,10833,161,4,99,False,0,car,4143.572499999998,0.7677539413443287,OnTrack,6296,-141,-29
2024-03-02 16:02:27.099,0 days 01:58:44.668000,63,164.9869444444445,0 days 00:01:14.918000,10965,168,4,99,False,0,pos,4144.480931601475,0.7679222627487391,OnTrack,6290,-146,-30
2024-03-02 16:02:27.279,0 days 01:58:44.848000,63,167.353611111111,0 days 00:01:15.098000,11097,175,4,99,False,0,pos,4153.541825057426,0.7696011368755722,OnTrack,6223,-191,-32
2024-03-02 16:02:27.440,0 days 01:58:45.009000,63,169.72027777777748,0 days 00:01:15.259000,11229,183,4,99,False,0,car,4161.872499999999,0.771144710330898,OnTrack,6152,-232,-33
2024-03-02 16:02:27.499,0 days 01:58:45.068000,63,171.2980555555555,0 days 00:01:15.318000,11211,184,4,99,False,0,pos,4164.896039438237,0.7717049356728023,OnTrack,6128,-247,-34
2024-03-02 16:02:27.600,0 days 01:58:45.169000,63,172.8758333333335,0 days 00:01:15.419000,11194,185,4,99,False,0,car,4170.09472222222,0.7726681888069522,OnTrack,6090,-268,-34
2024-03-02 16:02:27.739,0 days 01:58:45.308000,63,174.73694444444436,0 days 00:01:15.558000,10844,189,4,99,False,0,pos,4177.479639144626,0.7740365247232845,OnTrack,5992,-322,-36
2024-03-02 16:02:27.800,0 days 01:58:45.369000,63,176.59805555555522,0 days 00:01:15.619000,10494,193,5,99,False,0,car,4180.816944444443,0.7746548870899148,OnTrack,5909,-365,-36
2024-03-02 16:02:27.819,0 days 01:58:45.388000,63,179.22027777777703,0 days 00:01:15.638000,10806,199,5,99,False,0,pos,4181.869220692022,0.7748498611700019,OnTrack,5886,-378,-37
2024-03-02 16:02:28.120,0 days 01:58:45.689000,63,181.84249999999884,0 days 00:01:15.939000,11118,206,5,99,False,0,car,4199.128055555554,0.7780477148311814,OnTrack,5792,-426,-38
2024-03-02 16:02:28.179,0 days 01:58:45.748000,63,183.11708333333218,0 days 00:01:15.998000,11155,207,5,99,False,0,pos,4202.5396438847,0.7786798409460126,OnTrack,5776,-435,-39
2024-03-02 16:02:28.281,0 days 01:58:45.850000,63,184.39166666666551,0 days 00:01:16.100000,11192,209,5,99,False,0,car,4208.4749999999985,0.779779590751477,OnTrack,5723,-462,-38
2024-03-02 16:02:28.379,0 days 01:58:45.948000,63,185.56944444444252,0 days 00:01:16.198000,11332,212,5,99,False,0,pos,4214.294633432979,0.7808578985415182,OnTrack,5662,-495,-39
2024-03-02 16:02:28.441,0 days 01:58:46.010000,63,186.74722222221953,0 days 00:01:16.260000,11473,215,5,99,False,0,car,4218.030555555555,0.7815501197912158,OnTrack,5625,-513,-39
2024-03-02 16:02:28.679,0 days 01:58:46.248000,63,188.69166666666433,0 days 00:01:16.498000,11661,218,5,99,False,0,pos,4232.687245531736,0.7842658274314888,OnTrack,5501,-578,-41
2024-03-02 16:02:28.721,0 days 01:58:46.290000,63,190.63611111110913,0 days 00:01:16.540000,11849,222,5,99,False,0,car,4235.2972222222215,0.7847494245909296,OnTrack,5480,-588,-41
2024-03-02 16:02:28.881,0 days 01:58:46.450000,63,192.81388888888705,0 days 00:01:16.700000,11149,225,5,99,False,0,car,4245.2972222222215,0.786602303818563,OnTrack,5400,-630,-40
2024-03-02 16:02:28.899,0 days 01:58:46.468000,63,193.79166666666515,0 days 00:01:16.718000,10971,227,5,99,False,0,pos,4246.437393065222,0.7868135637056579,OnTrack,5391,-635,-41
2024-03-02 16:02:29.079,0 days 01:58:46.648000,63,194.76944444444325,0 days 00:01:16.898000,10793,229,5,99,False,0,pos,4258.028045374724,0.7889611715955576,OnTrack,5290,-688,-42
2024-03-02 16:02:29.121,0 days 01:58:46.690000,63,195.74722222222135,0 days 00:01:16.940000,10616,232,5,99,False,0,car,4260.763888888888,0.7894680903573027,OnTrack,5266,-700,-42
2024-03-02 16:02:29.319,0 days 01:58:46.888000,63,197.147222222221,0 days 00:01:17.138000,10767,234,5,99,False,0,pos,4273.778722714297,0.791879581881923,OnTrack,5153,-761,-42
2024-03-02 16:02:29.361,0 days 01:58:46.930000,63,198.54722222222063,0 days 00:01:17.180000,10919,237,6,99,False,0,car,4276.563888888888,0.7923956395369636,OnTrack,5128,-773,-41
2024-03-02 16:02:29.479,0 days 01:58:47.048000,63,199.87499999999864,0 days 00:01:17.298000,10979,239,6,99,False,0,pos,4284.434301332696,0.7938539319099676,OnTrack,5060,-810,-41
2024-03-02 16:02:29.600,0 days 01:58:47.169000,63,201.20277777777665,0 days 00:01:17.419000,11040,241,6,99,False,0,car,4292.56361111111,0.7953601948323097,OnTrack,4988,-848,-41
2024-03-02 16:02:29.659,0 days 01:58:47.228000,63,202.28611111111013,0 days 00:01:17.478000,11130,242,6,99,False,0,pos,4296.545064100163,0.7960979099862311,OnTrack,4954,-867,-41
2024-03-02 16:02:29.800,0 days 01:58:47.369000,63,203.36944444444362,0 days 00:01:17.619000,11220,244,6,99,False,0,car,4306.1191666666655,0.7978718755631017,OnTrack,4869,-912,-40
2024-03-02 16:02:29.879,0 days 01:58:47.448000,63,204.34166666666533,0 days 00:01:17.698000,11296,246,6,99,False,0,pos,4311.5326374359975,0.7988749263168913,OnTrack,4822,-939,-40
2024-03-02 16:02:30.000,0 days 01:58:47.569000,63,205.31388888888705,0 days 00:01:17.819000,11372,248,6,99,False,0,car,4319.896944444444,0.8004247313878413,OnTrack,4746,-979,-39
2024-03-02 16:02:30.159,0 days 01:58:47.728000,63,206.41388888888787,0 days 00:01:17.978000,11505,250,6,99,False,0,pos,4331.0288944619515,0.8024873472828906,OnTrack,4652,-1031,-40
2024-03-02 16:02:30.240,0 days 01:58:47.809000,63,207.5138888888887,0 days 00:01:18.059000,11638,253,6,99,False,0,car,4336.76361111111,0.8035499210184496,OnTrack,4608,-1054,-39
2024-03-02 16:02:30.359,0 days 01:58:47.928000,63,208.58796296296228,0 days 00:01:18.178000,11352,255,6,99,False,0,pos,4345.268428489711,0.8051257609640123,OnTrack,4545,-1089,-40
2024-03-02 16:02:30.519,0 days 01:58:48.088000,63,209.6620370370359,0 days 00:01:18.338000,11066,257,6,99,False,0,pos,4356.823935211824,0.8072668568010306,OnTrack,4445,-1145,-41
2024-03-02 16:02:30.640,0 days 01:58:48.209000,63,210.7361111111095,0 days 00:01:18.459000,10780,259,6,99,False,0,car,4365.541388888888,0.8088820956846393,OnTrack,4369,-1186,-41
2024-03-02 16:02:30.719,0 days 01:58:48.288000,63,211.42499999999882,0 days 00:01:18.538000,10775,259,6,99,False,0,pos,4371.212273399227,0.809932842095791,OnTrack,4319,-1214,-42
2024-03-02 16:02:30.800,0 days 01:58:48.369000,63,212.11388888888814,0 days 00:01:18.619000,10770,259,6,99,False,0,car,4377.052499999999,0.8110149655511152,OnTrack,4265,-1243,-42
2024-03-02 16:02:30.960,0 days 01:58:48.529000,63,213.26944444444416,0 days 00:01:18.779000,10516,264,7,99,False,0,car,4388.7858333333315,0.8131890105115382,OnTrack,4154,-1305,-43
2024-03-02 16:02:31.059,0 days 01:58:48.628000,63,214.0361111111109,0 days 00:01:18.878000,10602,266,7,99,False,0,pos,4396.149650395519,0.8145534368786,OnTrack,4090,-1342,-45
2024-03-02 16:02:31.319,0 days 01:58:48.888000,63,214.8027777777776,0 days 00:01:19.138000,10689,268,7,99,False,0,pos,4415.710594063907,0.8181778434982067,OnTrack,3935,-1428,-48
2024-03-02 16:02:31.320,0 days 01:58:48.889000,63,215.56944444444434,0 days 00:01:19.139000,10776,270,7,99,False,0,car,4415.7858333333315,0.8181917844261487,OnTrack,3934,-1428,-48
2024-03-02 16:02:31.520,0 days 01:58:49.089000,63,216.79166666666697,0 days 00:01:19.339000,10823,271,7,99,False,0,car,4430.841388888887,0.8209813970410857,OnTrack,3804,-1499,-49
2024-03-02 16:02:31.639,0 days 01:58:49.208000,63,217.4250000000005,0 days 00:01:19.458000,10897,272,7,99,False,0,pos,4439.854262143873,0.8226513736046315,OnTrack,3725,-1544,-52
2024-03-02 16:02:31.719,0 days 01:58:49.288000,63,218.058333333334,0 days 00:01:19.538000,10972,273,7,99,False,0,pos,4445.941451554553,0.8237792562860033,OnTrack,3672,-1574,-54
2024-03-02 16:02:31.880,0 days 01:58:49.449000,63,218.69166666666752,0 days 00:01:19.699000,11047,274,7,99,False,0,car,4458.241388888887,0.8260582861248014,OnTrack,3564,-1633,-56
2024-03-02 16:02:32.019,0 days 01:58:49.588000,63,219.13611111111155,0 days 00:01:19.838000,11070,275,7,99,False,0,pos,4468.908728709284,0.8280348153615333,OnTrack,3472,-1685,-59
2024-03-02 16:02:32.179,0 days 01:58:49.748000,63,219.5805555555556,0 days 00:01:19.998000,11093,276,7,99,False,0,pos,4481.240988632151,0.8303198341856193,OnTrack,3364,-1745,-63
2024-03-02 16:02:32.200,0 days 01:58:49.769000,63,220.02499999999964,0 days 00:01:20.019000,11116,277,7,99,False,0,car,4482.86361111111,0.8306204865341746,OnTrack,3349,-1752,-63
2024-03-02 16:02:32.400,0 days 01:58:49.969000,63,220.63611111111186,0 days 00:01:20.219000,11219,279,7,99,False,0,car,4498.363611111109,0.8334924493370064,OnTrack,3211,-1829,-68
2024-03-02 16:02:32.499,0 days 01:58:50.068000,63,220.86944444444453,0 days 00:01:20.318000,11304,280,7,99,False,0,pos,4506.06673597211,0.8349197453412878,OnTrack,3147,-1866,-71
2024-03-02 16:02:32.640,0 days 01:58:50.209000,63,221.1027777777772,0 days 00:01:20.459000,11389,281,7,99,False,0,car,4517.096944444444,0.8369635097567732,OnTrack,3056,-1916,-74
2024-03-02 16:02:32.679,0 days 01:58:50.248000,63,220.56944444444434,0 days 00:01:20.498000,11406,283,7,99,False,0,pos,4520.166704354353,0.8375322991938625,OnTrack,3024,-1935,-76
2024-03-02 16:02:32.880,0 days 01:58:50.449000,63,220.0361111111115,0 days 00:01:20.699000,11423,285,7,99,False,0,car,4536.096944444444,0.8404839802892768,OnTrack,2794,-2063,-85
2024-03-02 16:02:32.919,0 days 01:58:50.488000,63,217.22500000000036,0 days 00:01:20.738000,11472,286,7,99,False,0,pos,4539.201101864267,0.8410591431695262,OnTrack,2757,-2084,-87
2024-03-02 16:02:33.319,0 days 01:58:50.888000,63,214.41388888888923,0 days 00:01:21.138000,11521,287,7,99,False,0,pos,4571.216651376727,0.8469912378348171,OnTrack,2576,-2185,-93
2024-03-02 16:02:33.320,0 days 01:58:50.889000,63,211.6027777777781,0 days 00:01:21.139000,11571,288,7,99,False,0,car,4571.296944444443,0.8470061151705467,OnTrack,2575,-2185,-93
2024-03-02 16:02:33.499,0 days 01:58:51.068000,63,208.00277777777774,0 days 00:01:21.318000,11593,289,7,99,False,0,pos,4585.686971330436,0.849672413360761,OnTrack,2450,-2255,-97
2024-03-02 16:02:33.640,0 days 01:58:51.209000,63,204.40277777777737,0 days 00:01:21.459000,11615,290,7,99,False,0,car,4597.074722222222,0.8517824260684463,OnTrack,2358,-2305,-99
2024-03-02 16:02:33.679,0 days 01:58:51.248000,63,200.49166666666648,0 days 00:01:21.498000,11634,291,7,99,False,0,pos,4600.236474996098,0.8523682606722092,OnTrack,2323,-2325,-100
2024-03-02 16:02:33.879,0 days 01:58:51.448000,63,196.5805555555556,0 days 00:01:21.698000,11653,292,7,99,False,0,pos,4616.519432895584,0.8553852961178481,OnTrack,2083,-2459,-105
2024-03-02 16:02:33.960,0 days 01:58:51.529000,63,192.6694444444447,0 days 00:01:21.779000,11673,293,7,99,False,0,car,4623.1191666666655,0.8566081470790827,OnTrack,2024,-2491,-106
2024-03-02 16:02:34.199,0 days 01:58:51.768000,63,186.31388888888887,0 days 00:01:22.018000,11706,293,7,99,False,0,pos,4642.572220686309,0.8602125630497857,OnTrack,1956,-2531,-107
2024-03-02 16:02:34.280,0 days 01:58:51.849000,63,179.95833333333303,0 days 00:01:22.099000,11739,293,7,99,False,0,car,4649.16361111111,0.8614338680897193,OnTrack,1911,-2555,-107
2024-03-02 16:02:34.539,0 days 01:58:52.108000,63,172.7433333333332,0 days 00:01:22.358000,11733,293,7,99,False,0,pos,4670.245217198432,0.8653400350901543,OnTrack,1714,-2667,-110
2024-03-02 16:02:34.759,0 days 01:58:52.328000,63,165.52833333333334,0 days 00:01:22.578000,11728,293,7,99,False,0,pos,4688.1489666650195,0.8686573836384938,OnTrack,1559,-2755,-110
2024-03-02 16:02:34.761,0 days 01:58:52.330000,63,158.3133333333335,0 days 00:01:22.580000,11723,293,7,99,False,0,car,4688.311666666666,0.8686875299838323,OnTrack,1557,-2755,-109
2024-03-02 16:02:34.939,0 days 01:58:52.508000,63,150.8466666666668,0 days 00:01:22.758000,11715,293,7,99,False,0,pos,4702.789513858058,0.8713701002160105,OnTrack,1417,-2836,-110
2024-03-02 16:02:35.081,0 days 01:58:52.650000,63,143.3800000000001,0 days 00:01:22.900000,11707,293,7,99,False,0,car,4714.35611111111,0.8735132509944689,OnTrack,1276,-2916,-109
2024-03-02 16:02:35.179,0 days 01:58:52.748000,63,136.69111111111124,0 days 00:01:22.998000,11685,292,7,99,False,0,pos,4722.35677565104,0.8749956775077989,OnTrack,1192,-2965,-109
2024-03-02 16:02:35.361,0 days 01:58:52.930000,63,130.00222222222237,0 days 00:01:23.180000,11664,292,7,99,False,0,car,4737.067222222221,0.8777213455958941,OnTrack,1103,-3016,-108
2024-03-02 16:02:35.479,0 days 01:58:53.048000,63,122.15222222222201,0 days 00:01:23.298000,11267,284,7,55,False,0,pos,4746.305063800611,0.8794330060727709,OnTrack,1051,-3046,-108
2024-03-02 16:02:35.721,0 days 01:58:53.290000,63,114.30222222222164,0 days 00:01:23.540000,10870,276,7,12,True,0,car,4764.667222222221,0.8828352922641626,OnTrack,890,-3136,-107
2024-03-02 16:02:35.759,0 days 01:58:53.328000,63,111.12444444444418,0 days 00:01:23.578000,10738,270,7,6,True,0,pos,4767.513328816254,0.8833626414429339,OnTrack,865,-3151,-107
2024-03-02 16:02:35.881,0 days 01:58:53.450000,63,107.94666666666672,0 days 00:01:23.700000,10607,265,7,1,True,0,car,4776.444999999999,0.8850175722433753,OnTrack,785,-3196,-106
2024-03-02 16:02:35.939,0 days 01:58:53.508000,63,105.01333333333362,0 days 00:01:23.758000,10627,252,7,1,True,0,pos,4780.442426782856,0.8857582471483696,OnTrack,749,-3217,-107
2024-03-02 16:02:36.179,0 days 01:58:53.748000,63,102.08000000000054,0 days 00:01:23.998000,10647,239,7,1,True,0,pos,4795.28649564356,0.8885086738329253,OnTrack,610,-3295,-108
2024-03-02 16:02:36.201,0 days 01:58:53.770000,63,99.14666666666744,0 days 00:01:24.020000,10667,226,7,2,True,0,car,4796.533888888887,0.888739800736221,OnTrack,598,-3301,-108
2024-03-02 16:02:36.359,0 days 01:58:53.928000,63,96.9029166666669,0 days 00:01:24.178000,10547,204,7,2,True,0,pos,4804.967139665234,0.8903023802547125,OnTrack,518,-3346,-108
2024-03-02 16:02:36.560,0 days 01:58:54.129000,63,94.65916666666635,0 days 00:01:24.379000,10427,183,5,2,True,0,car,4814.783055555555,0.89212115092005,OnTrack,407,-3402,-108
2024-03-02 16:02:36.599,0 days 01:58:54.168000,63,94.0480555555555,0 days 00:01:24.418000,10238,175,5,2,True,0,pos,4816.635725494956,0.8924644282846877,OnTrack,388,-3412,-109
2024-03-02 16:02:36.760,0 days 01:58:54.329000,63,93.43694444444463,0 days 00:01:24.579000,10049,167,5,2,True,0,car,4824.060833333332,0.8938402110923543,OnTrack,321,-3440,-109
2024-03-02 16:02:36.920,0 days 01:58:54.489000,63,93.21472222222201,0 days 00:01:24.739000,9577,155,4,2,True,0,car,4830.949722222222,0.8951166390047242,OnTrack,267,-3457,-109
2024-03-02 16:02:36.959,0 days 01:58:54.528000,63,93.51472222222264,0 days 00:01:24.778000,9197,150,4,2,True,0,pos,4832.568108882291,0.8954165065071964,OnTrack,254,-3462,-110
2024-03-02 16:02:37.160,0 days 01:58:54.729000,63,93.81472222222328,0 days 00:01:24.979000,8817,145,4,2,True,0,car,4840.616388888888,0.8969077555914364,OnTrack,180,-3482,-110
2024-03-02 16:02:37.219,0 days 01:58:54.788000,63,94.67583333333414,0 days 00:01:25.038000,8655,142,4,2,True,0,pos,4842.91986475586,0.8973345618499631,OnTrack,151,-3487,-111
2024-03-02 16:02:37.360,0 days 01:58:54.929000,63,95.536944444445,0 days 00:01:25.179000,8493,139,4,2,True,0,car,4848.33861111111,0.898338590106109,OnTrack,63,-3496,-112
2024-03-02 16:02:37.439,0 days 01:58:55.008000,63,97.67027777777867,0 days 00:01:25.258000,8411,136,4,2,True,0,pos,4851.330342839403,0.8988929218635094,OnTrack,22,-3500,-113
2024-03-02 16:02:37.680,0 days 01:58:55.249000,63,99.80361111111233,0 days 00:01:25.499000,8330,134,4,2,False,0,car,4860.249722222221,0.9005455751416901,OnTrack,-28,-3498,-112
2024-03-02 16:02:37.719,0 days 01:58:55.288000,63,101.0480555555564,0 days 00:01:25.538000,8284,131,4,2,False,0,pos,4861.6602866847725,0.9008069357008801,OnTrack,-36,-3498,-113
2024-03-02 16:02:37.840,0 days 01:58:55.409000,63,102.29250000000047,0 days 00:01:25.659000,8239,129,4,3,False,0,car,4865.9830555555545,0.9016078925655333,OnTrack,-66,-3495,-114
2024-03-02 16:02:38.059,0 days 01:58:55.628000,63,106.45916666666744,0 days 00:01:25.878000,8112,127,4,8,False,0,pos,4873.642663828089,0.9030271254715321,OnTrack,-149,-3471,-118
2024-03-02 16:02:38.240,0 days 01:58:55.809000,63,110.62583333333441,0 days 00:01:26.059000,7986,125,4,14,False,0,car,4879.871944444443,0.9041813359372465,OnTrack,-238,-3411,-119
2024-03-02 16:02:38.259,0 days 01:58:55.828000,63,113.89250000000129,0 days 00:01:26.078000,7943,124,4,28,False,0,pos,4880.523019442041,0.9043019722711145,OnTrack,-246,-3406,-120
2024-03-02 16:02:38.520,0 days 01:58:56.089000,63,117.15916666666817,0 days 00:01:26.339000,7900,124,4,42,False,0,car,4889.516388888887,0.905968335014564,OnTrack,-297,-3359,-120
2024-03-02 16:02:38.679,0 days 01:58:56.248000,63,123.89990740740905,0 days 00:01:26.498000,8251,129,4,51,False,0,pos,4895.252719968859,0.9070312078846547,OnTrack,-315,-3335,-121
2024-03-02 16:02:39.279,0 days 01:58:56.848000,63,130.64064814814992,0 days 00:01:27.098000,8602,134,4,61,False,0,pos,4918.7252404537085,0.9113803824473128,OnTrack,-436,-3153,-125
2024-03-02 16:02:39.320,0 days 01:58:56.889000,63,137.3813888888908,0 days 00:01:27.139000,8954,139,4,71,False,0,car,4920.405277777776,0.911691673073254,OnTrack,-444,-3137,-125
2024-03-02 16:02:39.559,0 days 01:58:57.128000,63,141.0073148148167,0 days 00:01:27.378000,9249,143,4,75,False,0,pos,4930.372504628057,0.9135384798320535,OnTrack,-483,-3054,-128
2024-03-02 16:02:39.759,0 days 01:58:57.328000,63,144.63324074074262,0 days 00:01:27.578000,9545,147,4,79,False,0,pos,4938.939707174355,0.91512587899575,OnTrack,-496,-3018,-129
2024-03-02 16:02:39.760,0 days 01:58:57.329000,63,148.25916666666853,0 days 00:01:27.579000,9841,152,4,83,False,0,car,4938.983055555554,0.9151339109272575,OnTrack,-496,-3017,-129
2024-03-02 16:02:39.919,0 days 01:58:57.488000,63,150.64805555555768,0 days 00:01:27.738000,10005,155,4,90,False,0,pos,4945.962003979456,0.916427025783795,OnTrack,-517,-2953,-130
2024-03-02 16:02:39.960,0 days 01:58:57.529000,63,153.03694444444682,0 days 00:01:27.779000,10169,159,4,98,False,0,car,4947.816388888887,0.9167706209116671,OnTrack,-522,-2935,-130
2024-03-02 16:02:40.139,0 days 01:58:57.708000,63,155.99250000000256,0 days 00:01:27.958000,10648,165,4,98,False,0,pos,4956.245480058393,0.9183324297052478,OnTrack,-542,-2858,-133
2024-03-02 16:02:40.240,0 days 01:58:57.809000,63,158.9480555555583,0 days 00:01:28.059000,11127,172,4,99,False,0,car,4961.194166666664,0.9192493615673011,OnTrack,-553,-2795,-134
2024-03-02 16:02:40.379,0 days 01:58:57.948000,63,161.6313888888917,0 days 00:01:28.198000,11305,178,4,99,False,0,pos,4968.1942618820185,0.9205463946688998,OnTrack,-566,-2706,-137
2024-03-02 16:02:40.520,0 days 01:58:58.089000,63,164.3147222222251,0 days 00:01:28.339000,11484,184,4,99,False,0,car,4975.5052777777755,0.9219010376175144,OnTrack,-573,-2639,-138
2024-03-02 16:02:40.779,0 days 01:58:58.348000,63,167.11472222222469,0 days 00:01:28.598000,11195,188,4,99,False,0,pos,4989.449074256985,0.924484654702582,OnTrack,-576,-2541,-140
2024-03-02 16:02:40.979,0 days 01:58:58.548000,63,169.91472222222424,0 days 00:01:28.798000,10906,193,4,99,False,0,pos,5000.698471998961,0.9265690322425315,OnTrack,-577,-2432,-142
2024-03-02 16:02:41.000,0 days 01:58:58.569000,63,172.71472222222383,0 days 00:01:28.819000,10618,198,4,99,False,0,car,5001.905277777776,0.9267926387784668,OnTrack,-576,-2420,-142
2024-03-02 16:02:41.179,0 days 01:58:58.748000,63,174.83805555555713,0 days 00:01:28.998000,10890,203,4,99,False,0,pos,5012.389545262963,0.9287352469224923,OnTrack,-574,-2319,-144
2024-03-02 16:02:41.420,0 days 01:58:58.989000,63,176.9613888888904,0 days 00:01:29.239000,11163,208,4,99,False,0,pos,5026.85708041491,0.9314159064583023,OnTrack,-564,-2108,-148
2024-03-02 16:02:41.441,0 days 01:58:59.010000,63,179.08472222222372,0 days 00:01:29.260000,11436,214,5,99,False,0,car,5028.120277777776,0.931649961673708,OnTrack,-563,-2094,-148
2024-03-02 16:02:41.641,0 days 01:58:59.210000,63,181.862500000002,0 days 00:01:29.460000,11727,218,5,99,False,0,car,5040.231388888887,0.9338940042938417,OnTrack,-558,-2016,-149
2024-03-02 16:02:41.739,0 days 01:58:59.308000,63,183.41805555555766,0 days 00:01:29.558000,11379,222,5,99,False,0,pos,5046.336712284333,0.9350252469835825,OnTrack,-556,-1975,-150
2024-03-02 16:02:41.939,0 days 01:58:59.508000,63,184.9736111111133,0 days 00:01:29.758000,11032,226,5,99,False,0,pos,5059.162348689823,0.9374016825112736,OnTrack,-549,-1851,-151
2024-03-02 16:02:42.041,0 days 01:58:59.610000,63,186.52916666666897,0 days 00:01:29.860000,10685,230,6,99,False,0,car,5065.786944444442,0.938629140097794,OnTrack,-545,-1793,-152
2024-03-02 16:02:42.119,0 days 01:58:59.688000,63,188.07731481481733,0 days 00:01:29.938000,10792,232,6,99,False,0,pos,5070.878468386185,0.9395725379926594,OnTrack,-542,-1749,-153
2024-03-02 16:02:42.339,0 days 01:58:59.908000,63,189.62546296296568,0 days 00:01:30.158000,10899,235,6,99,False,0,pos,5085.3685198180765,0.9422573695232085,OnTrack,-534,-1606,-154
2024-03-02 16:02:42.481,0 days 01:59:00.050000,63,191.17361111111404,0 days 00:01:30.300000,11007,238,6,99,False,0,car,5094.875833333331,0.9440189598955099,OnTrack,-528,-1512,-154
2024-03-02 16:02:42.619,0 days 01:59:00.188000,63,192.39583333333576,0 days 00:01:30.438000,11105,241,6,99,False,0,pos,5104.247090554208,0.9457553406796473,OnTrack,-523,-1422,-155
2024-03-02 16:02:42.859,0 days 01:59:00.428000,63,193.61805555555748,0 days 00:01:30.678000,11203,244,6,99,False,0,pos,5120.794094528602,0.9488213006740195,OnTrack,-514,-1259,-157
2024-03-02 16:02:42.881,0 days 01:59:00.450000,63,194.8402777777792,0 days 00:01:30.700000,11302,247,6,99,False,0,car,5122.320277777776,0.9491040839980153,OnTrack,-513,-1244,-157
2024-03-02 16:02:42.919,0 days 01:59:00.488000,63,196.16944444444607,0 days 00:01:30.738000,11436,249,6,99,False,0,pos,5124.959883942423,0.949593171141176,OnTrack,-512,-1218,-157
2024-03-02 16:02:43.200,0 days 01:59:00.769000,63,197.49861111111295,0 days 00:01:31.019000,11570,252,6,99,False,0,car,5144.650277777776,0.9532415633133208,OnTrack,-497,-956,-157
2024-03-02 16:02:43.239,0 days 01:59:00.808000,63,198.3986111111135,0 days 00:01:31.058000,11667,254,6,99,False,0,pos,5147.416637553373,0.9537541363697571,OnTrack,-496,-925,-158
2024-03-02 16:02:43.440,0 days 01:59:01.009000,63,199.29861111111404,0 days 00:01:31.259000,11765,257,6,99,False,0,car,5161.783611111109,0.9564161630566661,OnTrack,-489,-804,-158
2024-03-02 16:02:43.640,0 days 01:59:01.209000,63,200.74305555555748,0 days 00:01:31.459000,10785,259,6,99,False,0,car,5176.172499999998,0.9590822503897609,OnTrack,-484,-706,-158
2024-03-02 16:02:43.679,0 days 01:59:01.248000,63,201.38194444444662,0 days 00:01:31.498000,10721,260,6,99,False,0,pos,5178.999083995452,0.9596059822667946,OnTrack,-483,-682,-158
2024-03-02 16:02:43.839,0 days 01:59:01.408000,63,202.02083333333576,0 days 00:01:31.658000,10658,261,6,99,False,0,pos,5190.6785452421445,0.9617700453801894,OnTrack,-477,-566,-158
2024-03-02 16:02:44.019,0 days 01:59:01.588000,63,202.6597222222249,0 days 00:01:31.838000,10594,262,6,99,False,0,pos,5203.950117339084,0.964229107405835,OnTrack,-469,-435,-159
2024-03-02 16:02:44.040,0 days 01:59:01.609000,63,203.29861111111404,0 days 00:01:31.859000,10531,264,7,99,False,0,car,5205.505833333331,0.964517362790819,OnTrack,-468,-419,-159
2024-03-02 16:02:44.179,0 days 01:59:01.748000,63,204.07638888889173,0 days 00:01:31.998000,10628,265,7,99,False,0,pos,5215.84206241185,0.9664325412059839,OnTrack,-463,-318,-159
2024-03-02 16:02:44.419,0 days 01:59:01.988000,63,204.85416666666939,0 days 00:01:32.238000,10726,267,7,99,False,0,pos,5233.817220051954,0.9697631208264624,OnTrack,-453,-140,-159
2024-03-02 16:02:44.440,0 days 01:59:02.009000,63,205.63194444444707,0 days 00:01:32.259000,10824,269,7,99,False,0,car,5235.3947222222205,0.9700554129267459,OnTrack,-452,-124,-159
2024-03-02 16:02:44.639,0 days 01:59:02.208000,63,206.18750000000227,0 days 00:01:32.458000,10854,270,7,99,False,0,pos,5250.374899377498,0.9728310588344742,OnTrack,-444,29,-159
2024-03-02 16:02:44.640,0 days 01:59:02.209000,63,206.74305555555748,0 days 00:01:32.459000,10884,271,7,99,False,0,car,5250.450277777776,0.972845025541683,OnTrack,-443,29,-158
2024-03-02 16:02:44.800,0 days 01:59:02.369000,63,207.63194444444798,0 days 00:01:32.619000,10956,272,7,99,False,0,car,5262.539166666665,0.975084950652422,OnTrack,-437,147,-158
2024-03-02 16:02:44.959,0 days 01:59:02.528000,63,208.43194444444816,0 days 00:01:32.778000,11022,274,7,99,False,0,pos,5274.687373632176,0.9773358666863605,OnTrack,-431,272,-159
2024-03-02 16:02:45.120,0 days 01:59:02.689000,63,209.23194444444835,0 days 00:01:32.939000,11089,276,7,99,False,0,car,5287.0724999999975,0.979630681024216,OnTrack,-423,418,-159
2024-03-02 16:02:45.159,0 days 01:59:02.728000,63,209.94305555555957,0 days 00:01:32.978000,11134,277,7,99,False,0,pos,5290.074749199677,0.9801869615420428,OnTrack,-422,455,-159
2024-03-02 16:02:45.440,0 days 01:59:03.009000,63,210.6541666666708,0 days 00:01:33.259000,11180,278,7,99,False,0,car,5311.783611111109,0.9842093514711682,OnTrack,-408,716,-158
2024-03-02 16:02:45.499,0 days 01:59:03.068000,63,211.19861111111504,0 days 00:01:33.318000,11239,280,7,99,False,0,pos,5316.3822459843595,0.98506142297438,OnTrack,-406,759,-159
2024-03-02 16:02:45.720,0 days 01:59:03.289000,63,211.7430555555593,0 days 00:01:33.539000,11298,282,7,99,False,0,car,5333.716944444443,0.9882733332437776,OnTrack,-400,869,-159
2024-03-02 16:02:45.819,0 days 01:59:03.388000,63,212.32083333333685,0 days 00:01:33.638000,11291,282,7,99,False,0,pos,5341.504529783873,0.9897162787546632,OnTrack,-397,928,-159
2024-03-02 16:02:46.199,0 days 01:59:03.768000,63,212.8986111111144,0 days 00:01:34.018000,11284,283,7,99,False,0,pos,5371.504403657358,0.9952748930678436,OnTrack,-380,1270,-159
2024-03-02 16:02:46.200,0 days 01:59:03.769000,63,213.47638888889196,0 days 00:01:34.019000,11277,284,7,99,False,0,car,5371.583611111109,0.9952895692524164,OnTrack,-379,1270,-159
2024-03-02 16:02:46.271,0 days 01:59:03.840000,63,213.47638888889196,0 days 00:01:34.090000,11335,284,7,99,False,0,interpolation,5377.211398925477,0.9963323303662868,OnTrack,-333,1289,-159
