Date,SessionTime,DriverAhead,DistanceToDriverAhead,Time,RPM,Speed,nGear,Throttle,Brake,DRS,Source,Distance,RelativeDistance,Status,X,Y,Z
2024-03-02 16:05:28.388,0 days 02:01:45.957000,,,0 days 00:00:00,11261,284,7,100,False,0,interpolation,0.01262759707966496,2.3456403378510133e-06,OnTrack,-377,1321,-158
2024-03-02 16:05:28.521,0 days 02:01:46.090000,,,0 days 00:00:00.133000,11259,285,7,100,False,0,car,10.544166666666666,0.0019586325495122435,OnTrack,-371,1455,-159
2024-03-02 16:05:28.599,0 days 02:01:46.168000,,,0 days 00:00:00.211000,11306,285,7,100,False,0,pos,16.731408811467674,0.0031079442248323607,OnTrack,-369,1516,-159
2024-03-02 16:05:28.801,0 days 02:01:46.370000,,,0 days 00:00:00.413000,11353,286,7,100,False,0,car,32.78861111111111,0.006090651163409883,OnTrack,-364,1610,-158
2024-03-02 16:05:28.961,0 days 02:01:46.530000,,,0 days 00:00:00.573000,11357,287,7,100,False,0,car,45.54416666666666,0.008460060438512025,OnTrack,-358,1718,-157
2024-03-02 16:05:28.979,0 days 02:01:46.548000,,,0 days 00:00:00.591000,11373,287,7,100,False,0,pos,46.983963833710085,0.00872751008012114,OnTrack,-358,1738,-158
2024-03-02 16:05:29.139,0 days 02:01:46.708000,,,0 days 00:00:00.751000,11389,288,7,100,False,0,pos,59.82862572149595,0.011113471309321813,OnTrack,-349,1946,-159
2024-03-02 16:05:29.161,0 days 02:01:46.730000,,,0 days 00:00:00.773000,11406,289,7,100,False,0,car,61.599722222222226,0.011442461486005577,OnTrack,-347,1970,-159
2024-03-02 16:05:29.559,0 days 02:01:47.128000,,,0 days 00:00:01.171000,11447,290,7,100,False,0,pos,93.77196413328676,0.017418618937783938,OnTrack,-339,2204,-159
2024-03-02 16:05:29.601,0 days 02:01:47.170000,,,0 days 00:00:01.213000,11489,291,7,100,False,0,car,97.16638888888889,0.01804915058844631,OnTrack,-337,2235,-158
2024-03-02 16:05:29.719,0 days 02:01:47.288000,,,0 days 00:00:01.331000,11518,291,7,100,False,0,pos,106.69832658993066,0.01981975646289664,OnTrack,-334,2333,-159
2024-03-02 16:05:29.761,0 days 02:01:47.330000,,,0 days 00:00:01.373000,11547,291,7,100,False,0,car,110.09972222222221,0.020451582989333843,OnTrack,-332,2366,-159
2024-03-02 16:05:29.961,0 days 02:01:47.530000,,,0 days 00:00:01.573000,11554,293,7,100,False,0,car,126.37749999999998,0.023475262944059137,OnTrack,-325,2522,-159
2024-03-02 16:05:30.059,0 days 02:01:47.628000,,,0 days 00:00:01.671000,11279,293,7,100,False,0,pos,134.35585565924424,0.02495728305809828,OnTrack,-322,2609,-159
2024-03-02 16:05:30.161,0 days 02:01:47.730000,,,0 days 00:00:01.773000,11005,293,7,100,False,0,car,142.65527777777777,0.026498942898784437,OnTrack,-317,2711,-158
2024-03-02 16:05:30.259,0 days 02:01:47.828000,,,0 days 00:00:01.871000,10662,293,7,100,False,0,pos,150.62744240399113,0.027979812996971894,OnTrack,-313,2804,-158
2024-03-02 16:05:30.401,0 days 02:01:47.970000,,,0 days 00:00:02.013000,10320,293,7,100,False,0,car,162.1886111111111,0.03012735884445479,OnTrack,-308,2900,-158
2024-03-02 16:05:30.479,0 days 02:01:48.048000,,,0 days 00:00:02.091000,10385,293,7,100,False,0,pos,168.55260407552754,0.03130950288286209,OnTrack,-306,2950,-159
2024-03-02 16:05:30.561,0 days 02:01:48.130000,,,0 days 00:00:02.173000,10450,294,8,100,False,0,car,175.2552777777778,0.03255455858968138,OnTrack,-303,3005,-159
2024-03-02 16:05:30.721,0 days 02:01:48.290000,,,0 days 00:00:02.333000,10530,295,8,100,False,0,car,188.3663888888889,0.034990014116354315,OnTrack,-297,3128,-159
2024-03-02 16:05:30.859,0 days 02:01:48.428000,,,0 days 00:00:02.471000,10535,295,8,100,False,0,pos,199.6667770297031,0.03708911864821751,OnTrack,-291,3276,-159
2024-03-02 16:05:31.019,0 days 02:01:48.588000,,,0 days 00:00:02.631000,10540,295,8,100,False,0,pos,212.780678961155,0.03952509258395321,OnTrack,-282,3489,-159
2024-03-02 16:05:31.041,0 days 02:01:48.610000,,,0 days 00:00:02.653000,10546,295,8,100,False,0,car,214.5886111111111,0.039860925169700176,OnTrack,-280,3515,-159
2024-03-02 16:05:31.400,0 days 02:01:48.969000,,,0 days 00:00:03.012000,10592,297,8,100,False,0,car,244.2061111111111,0.045362526326913066,OnTrack,-270,3813,-159
2024-03-02 16:05:31.459,0 days 02:01:49.028000,,,0 days 00:00:03.071000,10602,297,8,100,False,0,pos,249.07256762146912,0.046266495357685816,OnTrack,-269,3851,-159
2024-03-02 16:05:31.560,0 days 02:01:49.129000,,,0 days 00:00:03.172000,10612,297,8,100,False,0,car,257.4061111111111,0.0478144934164787,OnTrack,-266,3911,-158
2024-03-02 16:05:31.800,0 days 02:01:49.369000,,,0 days 00:00:03.412000,10680,298,8,100,False,0,car,277.2727777777777,0.05150482772299666,OnTrack,-261,4053,-157
2024-03-02 16:05:31.839,0 days 02:01:49.408000,,,0 days 00:00:03.451000,10665,298,8,100,False,0,pos,280.5010494430023,0.05210449559264119,OnTrack,-260,4082,-158
2024-03-02 16:05:32.040,0 days 02:01:49.609000,,,0 days 00:00:03.652000,10650,298,8,100,False,0,car,297.1394444444444,0.05519516202951463,OnTrack,-253,4248,-158
2024-03-02 16:05:32.059,0 days 02:01:49.628000,,,0 days 00:00:03.671000,10658,298,8,100,False,0,pos,298.7145948310148,0.05548775421958941,OnTrack,-253,4264,-159
2024-03-02 16:05:32.219,0 days 02:01:49.788000,,,0 days 00:00:03.831000,10666,298,8,100,False,0,pos,311.99915663406307,0.05795542909386026,OnTrack,-249,4397,-159
2024-03-02 16:05:32.280,0 days 02:01:49.849000,,,0 days 00:00:03.892000,10674,299,8,100,False,0,car,317.07277777777773,0.058897880008202126,OnTrack,-247,4449,-158
2024-03-02 16:05:32.481,0 days 02:01:50.050000,,,0 days 00:00:04.093000,10694,300,8,100,False,0,car,333.82277777777773,0.06200927764079488,OnTrack,-240,4629,-158
2024-03-02 16:05:32.519,0 days 02:01:50.088000,,,0 days 00:00:04.131000,10705,300,8,100,False,0,pos,336.9941360971048,0.06259837356717443,OnTrack,-239,4663,-158
2024-03-02 16:05:32.739,0 days 02:01:50.308000,,,0 days 00:00:04.351000,10717,300,8,100,False,0,pos,355.3819788906438,0.06601400882307323,OnTrack,-233,4846,-157
2024-03-02 16:05:32.959,0 days 02:01:50.528000,,,0 days 00:00:04.571000,10728,300,8,100,False,0,pos,373.78799267675686,0.06943301943319753,OnTrack,-227,5030,-156
2024-03-02 16:05:33.001,0 days 02:01:50.570000,,,0 days 00:00:04.613000,10740,301,8,100,False,0,car,377.30055555555555,0.07008549584068573,OnTrack,-225,5083,-155
2024-03-02 16:05:33.119,0 days 02:01:50.688000,,,0 days 00:00:04.731000,10746,301,8,100,False,0,pos,387.16703673333654,0.07191824486627192,OnTrack,-220,5247,-154
2024-03-02 16:05:33.201,0 days 02:01:50.770000,,,0 days 00:00:04.813000,10752,301,8,100,False,0,car,394.0227777777777,0.0731917336098745,OnTrack,-217,5325,-153
2024-03-02 16:05:33.361,0 days 02:01:50.930000,,,0 days 00:00:04.973000,10724,301,8,100,False,0,car,407.4005555555555,0.07567672382522553,OnTrack,-215,5386,-152
2024-03-02 16:05:33.521,0 days 02:01:51.090000,,,0 days 00:00:05.133000,10734,301,8,100,False,0,car,420.7783333333333,0.07816171404057656,OnTrack,-212,5476,-152
2024-03-02 16:05:33.559,0 days 02:01:51.128000,,,0 days 00:00:05.171000,10734,301,8,100,False,0,pos,423.95558270820953,0.07875190426046592,OnTrack,-211,5515,-152
2024-03-02 16:05:33.799,0 days 02:01:51.368000,,,0 days 00:00:05.411000,10734,301,8,100,False,0,pos,444.0225847502198,0.08247945188116709,OnTrack,-200,5832,-149
2024-03-02 16:05:34.001,0 days 02:01:51.570000,,,0 days 00:00:05.613000,10734,301,8,100,False,0,car,460.9116666666667,0.08561668468662965,OnTrack,-197,5898,-148
2024-03-02 16:05:34.039,0 days 02:01:51.608000,,,0 days 00:00:05.651000,10729,301,8,100,False,0,pos,464.08870617080237,0.08620683592196227,OnTrack,-197,5916,-148
2024-03-02 16:05:34.161,0 days 02:01:51.730000,,,0 days 00:00:05.773000,10725,301,8,100,False,0,car,474.2894444444444,0.08810167490198068,OnTrack,-193,6014,-147
2024-03-02 16:05:34.399,0 days 02:01:51.968000,,,0 days 00:00:06.011000,10670,301,8,100,False,0,pos,494.18915497423257,0.09179814727402033,OnTrack,-186,6283,-145
2024-03-02 16:05:34.401,0 days 02:01:51.970000,,,0 days 00:00:06.013000,10615,301,8,100,False,0,car,494.3561111111111,0.09182916022500721,OnTrack,-185,6284,-144
2024-03-02 16:05:34.799,0 days 02:01:52.368000,,,0 days 00:00:06.411000,10649,300,8,100,False,0,pos,527.5224510775461,0.09798997644311656,OnTrack,-179,6557,-142
2024-03-02 16:05:34.801,0 days 02:01:52.370000,,,0 days 00:00:06.413000,10684,300,8,100,False,0,car,527.6894444444445,0.09802099630976892,OnTrack,-178,6559,-141
2024-03-02 16:05:34.979,0 days 02:01:52.548000,,,0 days 00:00:06.591000,10685,299,8,100,False,0,pos,542.5792317361067,0.10078684997717713,OnTrack,-173,6792,-140
2024-03-02 16:05:35.201,0 days 02:01:52.770000,,,0 days 00:00:06.813000,10687,299,8,100,False,0,car,560.9116666666666,0.10419219294091474,OnTrack,-166,7030,-138
2024-03-02 16:05:35.399,0 days 02:01:52.968000,,,0 days 00:00:07.011000,10190,289,8,50,False,0,pos,576.6872509642486,0.10712258790427377,OnTrack,-163,7171,-137
2024-03-02 16:05:35.601,0 days 02:01:53.170000,,,0 days 00:00:07.213000,9694,280,8,0,True,0,car,592.0227777777777,0.10997123995335899,OnTrack,-160,7249,-136
2024-03-02 16:05:35.719,0 days 02:01:53.288000,,,0 days 00:00:07.331000,9464,267,8,0,True,0,pos,600.5307724450378,0.11155164320505002,OnTrack,-158,7311,-136
2024-03-02 16:05:35.801,0 days 02:01:53.370000,,,0 days 00:00:07.413000,9234,255,8,0,True,0,car,606.1894444444443,0.1126027702893827,OnTrack,-155,7374,-135
2024-03-02 16:05:36.019,0 days 02:01:53.588000,,,0 days 00:00:07.631000,9052,242,8,0,True,0,pos,620.1398647398937,0.11519413176287134,OnTrack,-148,7571,-134
2024-03-02 16:05:36.121,0 days 02:01:53.690000,,,0 days 00:00:07.733000,8870,230,8,0,True,0,car,626.6338888888888,0.1164004297547032,OnTrack,-145,7632,-133
2024-03-02 16:05:36.359,0 days 02:01:53.928000,,,0 days 00:00:07.971000,9100,230,8,0,True,0,pos,641.8519414722018,0.11922726036845797,OnTrack,-141,7723,-132
2024-03-02 16:05:36.361,0 days 02:01:53.930000,,,0 days 00:00:07.973000,9330,230,7,0,True,0,car,641.9672222222222,0.1192486743536936,OnTrack,-140,7723,-131
2024-03-02 16:05:36.559,0 days 02:01:54.128000,,,0 days 00:00:08.171000,9608,206,7,0,True,0,pos,652.042090130845,0.12112013227366814,OnTrack,-136,7807,-132
2024-03-02 16:05:36.561,0 days 02:01:54.130000,,,0 days 00:00:08.173000,9886,183,7,0,True,0,car,652.1338888888888,0.1211371843595459,OnTrack,-135,7807,-131
2024-03-02 16:05:36.721,0 days 02:01:54.290000,,,0 days 00:00:08.333000,9115,154,7,0,True,0,car,658.9783333333332,0.12240857470228364,OnTrack,-133,7861,-131
2024-03-02 16:05:36.819,0 days 02:01:54.388000,,,0 days 00:00:08.431000,9184,146,7,0,True,0,pos,662.7542858022688,0.12310997706482862,OnTrack,-131,7895,-131
2024-03-02 16:05:36.999,0 days 02:01:54.568000,,,0 days 00:00:08.611000,9254,138,7,0,True,0,pos,669.0233332859312,0.12427448449762139,OnTrack,-125,7964,-130
2024-03-02 16:05:37.001,0 days 02:01:54.570000,,,0 days 00:00:08.613000,9324,130,4,0,True,0,car,669.0894444444443,0.12428676498132801,OnTrack,-124,7964,-129
2024-03-02 16:05:37.159,0 days 02:01:54.728000,,,0 days 00:00:08.771000,8519,120,4,0,True,0,pos,674.0753001225087,0.1252129130143536,OnTrack,-119,8021,-130
2024-03-02 16:05:37.321,0 days 02:01:54.890000,,,0 days 00:00:08.933000,7715,110,3,0,True,0,car,678.8672222222222,0.1261030368995248,OnTrack,-111,8072,-129
2024-03-02 16:05:37.379,0 days 02:01:54.948000,,,0 days 00:00:08.991000,7303,105,3,0,True,0,pos,680.5460219463896,0.12641488248086044,OnTrack,-109,8089,-129
2024-03-02 16:05:37.561,0 days 02:01:55.130000,,,0 days 00:00:09.173000,6891,101,3,0,True,0,car,685.6005555555555,0.12735378778864664,OnTrack,-97,8138,-128
2024-03-02 16:05:37.659,0 days 02:01:55.228000,,,0 days 00:00:09.271000,6704,97,3,0,True,0,pos,688.08913765545,0.12781605456202721,OnTrack,-90,8163,-129
2024-03-02 16:05:37.799,0 days 02:01:55.368000,,,0 days 00:00:09.411000,6518,93,3,0,True,0,pos,691.4851501193895,0.12844688113758282,OnTrack,-77,8195,-129
2024-03-02 16:05:37.801,0 days 02:01:55.370000,,,0 days 00:00:09.413000,6332,89,3,0,True,0,car,691.5338888888889,0.12845593461173424,OnTrack,-76,8195,-128
2024-03-02 16:05:38.019,0 days 02:01:55.588000,,,0 days 00:00:09.631000,5996,88,3,0,True,0,pos,696.8228020474006,0.12943837711205555,OnTrack,-53,8240,-128
2024-03-02 16:05:38.040,0 days 02:01:55.609000,,,0 days 00:00:09.652000,5661,87,3,0,True,0,car,697.3097222222221,0.1295288250093213,OnTrack,-50,8243,-127
2024-03-02 16:05:38.240,0 days 02:01:55.809000,,,0 days 00:00:09.852000,5383,79,3,0,True,0,car,701.6986111111111,0.1303440834271483,OnTrack,-21,8278,-127
2024-03-02 16:05:38.279,0 days 02:01:55.848000,,,0 days 00:00:09.891000,5256,77,3,0,True,0,pos,702.5244983087737,0.13049749617172118,OnTrack,-16,8285,-128
2024-03-02 16:05:38.459,0 days 02:01:56.028000,,,0 days 00:00:10.071000,5130,75,3,0,True,0,pos,706.2461580058881,0.1311888133759551,OnTrack,11,8310,-128
2024-03-02 16:05:38.560,0 days 02:01:56.129000,,,0 days 00:00:10.172000,5004,74,3,0,False,0,car,708.2763888888888,0.13156593908120792,OnTrack,27,8321,-128
2024-03-02 16:05:38.679,0 days 02:01:56.248000,,,0 days 00:00:10.291000,4894,72,3,0,False,0,pos,710.617854090195,0.13200087814294775,OnTrack,50,8332,-129
2024-03-02 16:05:38.938,0 days 02:01:56.507000,,,0 days 00:00:10.550000,4785,70,3,0,False,0,pos,715.5359290964842,0.13291443557169297,OnTrack,111,8347,-130
2024-03-02 16:05:38.961,0 days 02:01:56.530000,,,0 days 00:00:10.573000,4676,69,3,1,False,0,car,715.9622222222222,0.13299362168645185,OnTrack,115,8347,-130
2024-03-02 16:05:39.121,0 days 02:01:56.690000,,,0 days 00:00:10.733000,4956,66,3,1,False,0,car,718.8955555555555,0.13353850326191086,OnTrack,143,8347,-130
2024-03-02 16:05:39.321,0 days 02:01:56.890000,,,0 days 00:00:10.933000,5321,67,3,25,False,0,car,722.6177777777776,0.1342299249580426,OnTrack,171,8339,-130
2024-03-02 16:05:39.379,0 days 02:01:56.948000,,,0 days 00:00:10.991000,5385,68,3,25,False,0,pos,723.7410970534496,0.13443858722281699,OnTrack,181,8336,-131
2024-03-02 16:05:39.539,0 days 02:01:57.108000,,,0 days 00:00:11.151000,5450,70,3,26,False,0,pos,726.9611901357113,0.1350367358791082,OnTrack,210,8323,-131
2024-03-02 16:05:39.561,0 days 02:01:57.130000,,,0 days 00:00:11.173000,5515,72,3,27,False,0,car,727.4177777777776,0.13512154935424825,OnTrack,213,8321,-131
2024-03-02 16:05:39.739,0 days 02:01:57.308000,,,0 days 00:00:11.351000,5752,75,3,33,False,0,pos,731.2352772226262,0.13583066927873336,OnTrack,242,8305,-132
2024-03-02 16:05:39.801,0 days 02:01:57.370000,,,0 days 00:00:11.413000,5989,78,3,39,False,0,car,732.6177777777776,0.13608747578347108,OnTrack,252,8298,-132
2024-03-02 16:05:39.899,0 days 02:01:57.468000,,,0 days 00:00:11.511000,6120,80,3,41,False,0,pos,734.8594877956638,0.13650388481288067,OnTrack,271,8285,-133
2024-03-02 16:05:40.001,0 days 02:01:57.570000,,,0 days 00:00:11.613000,6251,83,3,43,False,0,car,737.2288888888887,0.1369440131085298,OnTrack,296,8263,-134
2024-03-02 16:05:40.161,0 days 02:01:57.730000,,,0 days 00:00:11.773000,6596,85,3,51,False,0,car,741.0066666666665,0.13764575453146946,OnTrack,339,8226,-135
2024-03-02 16:05:40.179,0 days 02:01:57.748000,,,0 days 00:00:11.791000,6997,90,3,55,False,0,pos,741.4569938792215,0.13772940510000886,OnTrack,343,8223,-136
2024-03-02 16:05:40.401,0 days 02:01:57.970000,,,0 days 00:00:12.013000,7399,96,3,60,False,0,car,747.4066666666665,0.1388345870597437,OnTrack,364,8202,-136
2024-03-02 16:05:40.561,0 days 02:01:58.130000,,,0 days 00:00:12.173000,7670,100,3,70,False,0,car,751.851111111111,0.1396601652043786,OnTrack,389,8175,-137
2024-03-02 16:05:40.579,0 days 02:01:58.148000,,,0 days 00:00:12.191000,8244,108,3,77,False,0,pos,752.3846095019585,0.13975926524200696,OnTrack,395,8170,-138
2024-03-02 16:05:40.739,0 days 02:01:58.308000,,,0 days 00:00:12.351000,8818,116,3,84,False,0,pos,757.5120173575212,0.14071170731144786,OnTrack,453,8108,-140
2024-03-02 16:05:41.041,0 days 02:01:58.610000,,,0 days 00:00:12.653000,9392,125,3,92,False,0,car,768.5177777777776,0.14275608324675942,OnTrack,536,8024,-142
2024-03-02 16:05:41.219,0 days 02:01:58.788000,,,0 days 00:00:12.831000,9722,132,3,92,False,0,pos,775.3511878861096,0.14402542390548181,OnTrack,577,7990,-142
2024-03-02 16:05:41.281,0 days 02:01:58.850000,,,0 days 00:00:12.893000,10052,139,3,92,False,0,car,777.7844444444443,0.14447741367832317,OnTrack,591,7979,-141
2024-03-02 16:05:41.601,0 days 02:01:59.170000,,,0 days 00:00:13.213000,8817,146,3,77,False,0,car,790.762222222222,0.14688810186065707,OnTrack,673,7929,-140
2024-03-02 16:05:41.679,0 days 02:01:59.248000,,,0 days 00:00:13.291000,8962,147,3,77,False,0,pos,794.0306581717648,0.14749523045025043,OnTrack,699,7918,-143
2024-03-02 16:05:41.699,0 days 02:01:59.268000,,,0 days 00:00:13.311000,9107,149,3,77,False,0,pos,794.8734214748957,0.1476517780171876,OnTrack,706,7915,-144
2024-03-02 16:05:41.761,0 days 02:01:59.330000,,,0 days 00:00:13.373000,9252,151,4,78,False,0,car,797.4733333333331,0.14813472485905577,OnTrack,728,7906,-146
2024-03-02 16:05:42.001,0 days 02:01:59.570000,,,0 days 00:00:13.613000,10057,151,4,84,False,0,car,807.5399999999998,0.1500046593566538,OnTrack,825,7876,-143
2024-03-02 16:05:42.059,0 days 02:01:59.628000,,,0 days 00:00:13.671000,10156,157,4,87,False,0,pos,810.1057641561069,0.15048126308925694,OnTrack,851,7872,-143
2024-03-02 16:05:42.201,0 days 02:01:59.770000,,,0 days 00:00:13.813000,10255,163,4,91,False,0,car,816.5955555555555,0.1516867748263474,OnTrack,914,7863,-143
2024-03-02 16:05:42.219,0 days 02:01:59.788000,,,0 days 00:00:13.831000,10412,164,4,92,False,0,pos,817.425620296257,0.15184096357077229,OnTrack,923,7863,-143
2024-03-02 16:05:42.399,0 days 02:01:59.968000,,,0 days 00:00:14.011000,10569,166,4,93,False,0,pos,825.8336038269997,0.15340278924554435,OnTrack,1007,7863,-142
2024-03-02 16:05:42.401,0 days 02:01:59.970000,,,0 days 00:00:14.013000,10726,168,4,94,False,0,car,825.9288888888888,0.15342048893008067,OnTrack,1007,7863,-141
2024-03-02 16:05:42.641,0 days 02:02:00.210000,,,0 days 00:00:14.253000,11193,177,4,100,False,0,car,837.7288888888887,0.15561239890408632,OnTrack,1125,7876,-140
2024-03-02 16:05:42.659,0 days 02:02:00.228000,,,0 days 00:00:14.271000,11370,182,4,100,False,0,pos,838.6462138359552,0.1557827966753473,OnTrack,1135,7878,-140
2024-03-02 16:05:42.841,0 days 02:02:00.410000,,,0 days 00:00:14.453000,11548,187,4,100,False,0,car,848.1177777777775,0.15754218781717036,OnTrack,1228,7894,-137
2024-03-02 16:05:42.859,0 days 02:02:00.428000,,,0 days 00:00:14.471000,11548,188,4,100,False,0,pos,849.0607641108421,0.15771735232130557,OnTrack,1238,7896,-137
2024-03-02 16:05:43.079,0 days 02:02:00.648000,,,0 days 00:00:14.691000,11548,189,4,100,False,0,pos,860.6299424541698,0.15986638599942338,OnTrack,1352,7919,-134
2024-03-02 16:05:43.201,0 days 02:02:00.770000,,,0 days 00:00:14.813000,11548,191,4,100,False,0,car,867.2177777777775,0.16109010989373881,OnTrack,1415,7934,-131
2024-03-02 16:05:43.239,0 days 02:02:00.808000,,,0 days 00:00:14.851000,11298,195,4,100,False,0,pos,869.3067146486259,0.16147814053461007,OnTrack,1435,7940,-131
2024-03-02 16:05:43.499,0 days 02:02:01.068000,,,0 days 00:00:15.111000,11048,199,4,100,False,0,pos,883.9996705402529,0.1642074317690577,OnTrack,1574,7982,-126
2024-03-02 16:05:43.521,0 days 02:02:01.090000,,,0 days 00:00:15.133000,10799,203,5,100,False,0,car,885.2622222222219,0.16444195716095647,OnTrack,1586,7985,-125
2024-03-02 16:05:43.719,0 days 02:02:01.288000,,,0 days 00:00:15.331000,10947,206,5,100,False,0,pos,896.7554473383249,0.16657688214108174,OnTrack,1696,8022,-122
2024-03-02 16:05:43.721,0 days 02:02:01.290000,,,0 days 00:00:15.333000,11095,209,5,100,False,0,car,896.8733333333331,0.16659878006381512,OnTrack,1697,8022,-121
2024-03-02 16:05:43.919,0 days 02:02:01.488000,,,0 days 00:00:15.531000,11134,212,5,100,False,0,pos,908.7303057311145,0.16880127295027333,OnTrack,1810,8052,-118
2024-03-02 16:05:43.961,0 days 02:02:01.530000,,,0 days 00:00:15.573000,11173,216,5,100,False,0,car,911.2733333333331,0.16927365325243218,OnTrack,1849,8057,-116
2024-03-02 16:05:44.099,0 days 02:02:01.668000,,,0 days 00:00:15.711000,11288,218,5,100,False,0,pos,919.675665331109,0.17083442912623145,OnTrack,2003,8071,-112
2024-03-02 16:05:44.161,0 days 02:02:01.730000,,,0 days 00:00:15.773000,11404,220,5,100,False,0,car,923.4955555555553,0.17154399315017813,OnTrack,2059,8074,-110
2024-03-02 16:05:44.441,0 days 02:02:02.010000,,,0 days 00:00:16.053000,11752,227,5,100,False,0,car,941.1511111111109,0.17482360232974026,OnTrack,2211,8068,-105
2024-03-02 16:05:44.579,0 days 02:02:02.148000,,,0 days 00:00:16.191000,11151,230,5,100,False,0,pos,950.0091174092738,0.1764690220208206,OnTrack,2270,8063,-103
2024-03-02 16:05:44.760,0 days 02:02:02.329000,,,0 days 00:00:16.372000,10551,233,5,100,False,0,car,961.7974999999998,0.1786587740020076,OnTrack,2353,8057,-100
2024-03-02 16:05:44.859,0 days 02:02:02.428000,,,0 days 00:00:16.471000,10641,236,5,100,False,0,pos,968.3492984884226,0.17987580387102875,OnTrack,2421,8051,-98
2024-03-02 16:05:45.159,0 days 02:02:02.728000,,,0 days 00:00:16.771000,10731,239,5,100,False,0,pos,988.571318005939,0.18363214677568812,OnTrack,2710,8009,-89
2024-03-02 16:05:45.240,0 days 02:02:02.809000,,,0 days 00:00:16.852000,10821,242,6,100,False,0,car,994.0641666666664,0.18465247133205692,OnTrack,2753,8001,-87
2024-03-02 16:05:45.440,0 days 02:02:03.009000,,,0 days 00:00:17.052000,10984,245,6,100,False,0,car,1007.6752777777775,0.1871808044000013,OnTrack,2808,7989,-86
2024-03-02 16:05:45.459,0 days 02:02:03.028000,,,0 days 00:00:17.071000,11062,246,6,100,False,0,pos,1008.9769994229592,0.18742260581164982,OnTrack,2816,7988,-86
2024-03-02 16:05:45.601,0 days 02:02:03.170000,,,0 days 00:00:17.213000,11140,248,6,100,False,0,car,1018.7663888888887,0.1892410346599377,OnTrack,2890,7972,-83
2024-03-02 16:05:45.819,0 days 02:02:03.388000,,,0 days 00:00:17.431000,11223,250,6,100,False,0,pos,1034.021083678721,0.19207467174978896,OnTrack,3073,7935,-79
2024-03-02 16:05:45.961,0 days 02:02:03.530000,,,0 days 00:00:17.573000,11306,253,6,100,False,0,car,1044.0663888888887,0.1939406382482718,OnTrack,3235,7901,-75
2024-03-02 16:05:46.019,0 days 02:02:03.588000,,,0 days 00:00:17.631000,11395,255,6,100,False,0,pos,1048.1875399281607,0.1947061629997433,OnTrack,3293,7890,-74
2024-03-02 16:05:46.241,0 days 02:02:03.810000,,,0 days 00:00:17.853000,11485,257,6,100,False,0,car,1064.0552777777777,0.19765367595376726,OnTrack,3408,7866,-71
2024-03-02 16:05:46.439,0 days 02:02:04.008000,,,0 days 00:00:18.051000,11339,258,6,100,False,0,pos,1078.3262130131316,0.20030457470637406,OnTrack,3489,7851,-70
2024-03-02 16:05:46.521,0 days 02:02:04.090000,,,0 days 00:00:18.133000,11194,260,6,100,False,0,car,1084.2774999999997,0.20141005651185598,OnTrack,3544,7839,-69
2024-03-02 16:05:46.599,0 days 02:02:04.168000,,,0 days 00:00:18.211000,10874,262,6,100,False,0,pos,1089.963591095623,0.20246627683266966,OnTrack,3603,7828,-68
2024-03-02 16:05:46.841,0 days 02:02:04.410000,,,0 days 00:00:18.453000,10555,264,7,100,False,0,car,1107.7441666666664,0.2057691091155282,OnTrack,3776,7792,-64
2024-03-02 16:05:46.879,0 days 02:02:04.448000,,,0 days 00:00:18.491000,10575,265,7,100,False,0,pos,1110.5513654374256,0.20629056055490474,OnTrack,3803,7787,-64
2024-03-02 16:05:46.919,0 days 02:02:04.488000,,,0 days 00:00:18.531000,10595,266,7,100,False,0,pos,1113.5105575525713,0.20684024553051383,OnTrack,3831,7781,-63
2024-03-02 16:05:47.179,0 days 02:02:04.748000,,,0 days 00:00:18.791000,10615,267,7,100,False,0,pos,1132.8545761044722,0.21043349529333258,OnTrack,4019,7743,-60
2024-03-02 16:05:47.281,0 days 02:02:04.850000,,,0 days 00:00:18.893000,10635,268,7,100,False,0,car,1140.499722222222,0.2118536200414874,OnTrack,4093,7728,-58
2024-03-02 16:05:47.499,0 days 02:02:05.068000,,,0 days 00:00:19.111000,10715,270,7,100,False,0,pos,1156.9464117342181,0.2149086762093448,OnTrack,4253,7696,-55
2024-03-02 16:05:47.601,0 days 02:02:05.170000,,,0 days 00:00:19.213000,10795,272,7,100,False,0,car,1164.6774999999998,0.2163447651483012,OnTrack,4326,7681,-53
2024-03-02 16:05:47.659,0 days 02:02:05.228000,,,0 days 00:00:19.271000,10827,272,7,100,False,0,pos,1169.0812839061593,0.21716279039129072,OnTrack,4369,7673,-53
2024-03-02 16:05:47.819,0 days 02:02:05.388000,,,0 days 00:00:19.431000,10860,273,7,100,False,0,pos,1181.2570587399948,0.21942450245057304,OnTrack,4488,7649,-51
2024-03-02 16:05:47.921,0 days 02:02:05.490000,,,0 days 00:00:19.533000,10893,274,7,100,False,0,car,1189.0330555555554,0.22086893338090044,OnTrack,4563,7633,-49
2024-03-02 16:05:47.999,0 days 02:02:05.568000,,,0 days 00:00:19.611000,10921,274,7,100,False,0,pos,1194.9853461240446,0.22197460160676918,OnTrack,4622,7622,-48
2024-03-02 16:05:48.081,0 days 02:02:05.650000,,,0 days 00:00:19.693000,10950,275,7,100,False,0,car,1201.2552777777776,0.22313927327864638,OnTrack,4683,7610,-46
2024-03-02 16:05:48.219,0 days 02:02:05.788000,,,0 days 00:00:19.831000,10979,276,7,100,False,0,pos,1211.8525797844352,0.22510777598762458,OnTrack,4787,7590,-45
2024-03-02 16:05:48.321,0 days 02:02:05.890000,,,0 days 00:00:19.933000,11008,277,7,100,False,0,car,1219.721944444444,0.2265695504696043,OnTrack,4864,7574,-43
2024-03-02 16:05:48.481,0 days 02:02:06.050000,,,0 days 00:00:20.093000,11051,279,7,100,False,0,car,1232.1219444444441,0.22887291349313568,OnTrack,4984,7550,-40
2024-03-02 16:05:48.519,0 days 02:02:06.088000,,,0 days 00:00:20.131000,11073,279,7,100,False,0,pos,1235.0718933456585,0.229420881494778,OnTrack,5013,7545,-40
2024-03-02 16:05:48.719,0 days 02:02:06.288000,,,0 days 00:00:20.331000,11095,279,7,100,False,0,pos,1250.6245678362986,0.23230986982854884,OnTrack,5165,7515,-38
2024-03-02 16:05:48.761,0 days 02:02:06.330000,,,0 days 00:00:20.373000,11117,280,7,100,False,0,car,1253.899722222222,0.23291824640184666,OnTrack,5203,7507,-37
2024-03-02 16:05:48.959,0 days 02:02:06.528000,,,0 days 00:00:20.571000,11151,281,7,100,False,0,pos,1269.3879363300896,0.23579526089189498,OnTrack,5395,7471,-33
2024-03-02 16:05:49.081,0 days 02:02:06.650000,,,0 days 00:00:20.693000,11185,282,7,100,False,0,car,1278.9663888888886,0.23757450713758746,OnTrack,5480,7454,-31
2024-03-02 16:05:49.279,0 days 02:02:06.848000,,,0 days 00:00:20.891000,11211,283,7,100,False,0,pos,1294.5639261202768,0.24047182895346916,OnTrack,5595,7433,-29
2024-03-02 16:05:49.481,0 days 02:02:07.050000,,,0 days 00:00:21.093000,11238,284,7,100,False,0,car,1310.521944444444,0.24343611196449516,OnTrack,5751,7404,-26
2024-03-02 16:05:49.499,0 days 02:02:07.068000,,,0 days 00:00:21.111000,11253,284,7,100,False,0,pos,1311.9451270816403,0.24370047537274112,OnTrack,5766,7402,-26
2024-03-02 16:05:49.761,0 days 02:02:07.330000,,,0 days 00:00:21.373000,11268,285,7,100,False,0,car,1332.6886111111107,0.24755368296086172,OnTrack,5970,7364,-22
2024-03-02 16:05:49.779,0 days 02:02:07.348000,,,0 days 00:00:21.391000,11270,285,7,100,False,0,pos,1334.1166205947388,0.24781894298036508,OnTrack,5984,7362,-22
2024-03-02 16:05:49.839,0 days 02:02:07.408000,,,0 days 00:00:21.451000,11273,285,7,100,False,0,pos,1338.8796142015115,0.24870369325094216,OnTrack,6030,7353,-21
2024-03-02 16:05:50.001,0 days 02:02:07.570000,,,0 days 00:00:21.613000,11276,286,7,100,False,0,car,1351.7552777777773,0.2510954132013454,OnTrack,6158,7329,-18
2024-03-02 16:05:50.059,0 days 02:02:07.628000,,,0 days 00:00:21.671000,11302,286,7,100,False,0,pos,1356.3670065695696,0.25195206526373,OnTrack,6202,7321,-18
2024-03-02 16:05:50.161,0 days 02:02:07.730000,,,0 days 00:00:21.773000,11328,286,7,100,False,0,car,1364.4663888888886,0.2534565666950012,OnTrack,6273,7307,-16
2024-03-02 16:05:50.339,0 days 02:02:07.908000,,,0 days 00:00:21.951000,11109,283,7,51,False,0,pos,1378.4681065394589,0.2560574569129246,OnTrack,6423,7281,-13
2024-03-02 16:05:50.401,0 days 02:02:07.970000,,,0 days 00:00:22.013000,10890,281,7,3,True,0,car,1383.1997222222221,0.2569363785746373,OnTrack,6498,7267,-11
2024-03-02 16:05:50.539,0 days 02:02:08.108000,,,0 days 00:00:22.151000,10283,266,7,1,True,0,pos,1393.3511997153103,0.25882206711429784,OnTrack,6679,7235,-9
2024-03-02 16:05:50.761,0 days 02:02:08.330000,,,0 days 00:00:22.373000,9676,251,7,0,True,0,car,1408.299722222222,0.2615988311464629,OnTrack,6828,7208,-6
2024-03-02 16:05:51.059,0 days 02:02:08.628000,,,0 days 00:00:22.671000,10011,227,7,0,True,0,pos,1425.1816656270232,0.26473473793710545,OnTrack,6924,7189,-4
2024-03-02 16:05:51.081,0 days 02:02:08.650000,,,0 days 00:00:22.693000,10346,203,7,0,True,0,car,1426.3441666666665,0.26495067841368053,OnTrack,6936,7186,-3
2024-03-02 16:05:51.279,0 days 02:02:08.848000,,,0 days 00:00:22.891000,10397,191,7,0,True,0,pos,1436.4565586563524,0.26682910662243026,OnTrack,7074,7154,-1
2024-03-02 16:05:51.440,0 days 02:02:09.009000,,,0 days 00:00:23.052000,10448,179,5,0,True,0,car,1444.1944444444441,0.26826645823570444,OnTrack,7169,7121,0
2024-03-02 16:05:51.600,0 days 02:02:09.169000,,,0 days 00:00:23.212000,9980,163,4,0,True,0,car,1451.4388888888886,0.2696121506114593,OnTrack,7245,7086,0
2024-03-02 16:05:51.639,0 days 02:02:09.208000,,,0 days 00:00:23.251000,9395,157,4,0,True,0,pos,1453.1378164446764,0.269927735039819,OnTrack,7262,7078,1
2024-03-02 16:05:51.840,0 days 02:02:09.409000,,,0 days 00:00:23.452000,8811,151,4,0,True,0,car,1461.5055555555555,0.2714820851090574,OnTrack,7334,7034,1
2024-03-02 16:05:52.121,0 days 02:02:09.690000,,,0 days 00:00:23.733000,8135,139,4,0,True,0,car,1472.3552777777777,0.2734974761560133,OnTrack,7403,6977,3
2024-03-02 16:05:52.138,0 days 02:02:09.707000,,,0 days 00:00:23.750000,8019,137,4,0,True,0,pos,1472.9934717817268,0.2736160239358952,OnTrack,7407,6974,4
2024-03-02 16:05:52.399,0 days 02:02:09.968000,,,0 days 00:00:24.011000,7904,135,4,0,True,0,pos,1482.6267443100346,0.2754054532695488,OnTrack,7447,6924,7
2024-03-02 16:05:52.401,0 days 02:02:09.970000,,,0 days 00:00:24.013000,7789,133,4,0,False,0,car,1482.6997222222221,0.275419009287651,OnTrack,7447,6923,7
2024-03-02 16:05:52.601,0 days 02:02:10.170000,,,0 days 00:00:24.213000,7578,130,4,0,False,0,car,1489.9219444444443,0.2767605737726827,OnTrack,7477,6859,6
2024-03-02 16:05:52.659,0 days 02:02:10.228000,,,0 days 00:00:24.271000,7588,128,4,1,False,0,pos,1491.9684599797931,0.2771407244348766,OnTrack,7484,6841,7
2024-03-02 16:05:52.839,0 days 02:02:10.408000,,,0 days 00:00:24.451000,7598,126,4,2,False,0,pos,1498.1727664196678,0.2782932058897367,OnTrack,7494,6785,8
2024-03-02 16:05:52.961,0 days 02:02:10.530000,,,0 days 00:00:24.573000,7609,124,4,4,False,0,car,1502.3219444444444,0.27906393679621405,OnTrack,7496,6742,8
2024-03-02 16:05:53.099,0 days 02:02:10.668000,,,0 days 00:00:24.711000,7550,123,4,18,False,0,pos,1506.9897790001173,0.2799310107893994,OnTrack,7497,6693,8
2024-03-02 16:05:53.241,0 days 02:02:10.810000,,,0 days 00:00:24.853000,7491,122,4,32,False,0,car,1511.8108333333332,0.2808265461350095,OnTrack,7492,6644,7
2024-03-02 16:05:53.299,0 days 02:02:10.868000,,,0 days 00:00:24.911000,7527,123,4,37,False,0,pos,1513.799091809588,0.28119587525238277,OnTrack,7490,6625,8
2024-03-02 16:05:53.441,0 days 02:02:11.010000,,,0 days 00:00:25.053000,7563,124,4,42,False,0,car,1518.6997222222221,0.28210619225919364,OnTrack,7480,6576,7
2024-03-02 16:05:53.479,0 days 02:02:11.048000,,,0 days 00:00:25.091000,7604,124,4,43,False,0,pos,1520.0135679395676,0.28235024577886775,OnTrack,7477,6564,8
2024-03-02 16:05:53.601,0 days 02:02:11.170000,,,0 days 00:00:25.213000,7646,125,4,44,False,0,car,1524.2552777777778,0.2831381649399873,OnTrack,7465,6523,8
2024-03-02 16:05:53.639,0 days 02:02:11.208000,,,0 days 00:00:25.251000,7754,126,4,48,False,0,pos,1525.594103141403,0.28338685855591794,OnTrack,7461,6511,8
2024-03-02 16:05:53.899,0 days 02:02:11.468000,,,0 days 00:00:25.511000,7862,128,4,52,False,0,pos,1534.9964308399806,0.2851333887136622,OnTrack,7425,6427,6
2024-03-02 16:05:53.921,0 days 02:02:11.490000,,,0 days 00:00:25.533000,7971,130,4,57,False,0,car,1535.8108333333334,0.285284668116038,OnTrack,7420,6419,5
2024-03-02 16:05:54.059,0 days 02:02:11.628000,,,0 days 00:00:25.671000,8199,132,4,58,False,0,pos,1540.9840254927344,0.28624561485261757,OnTrack,7395,6376,5
2024-03-02 16:05:54.161,0 days 02:02:11.730000,,,0 days 00:00:25.773000,8428,135,4,60,False,0,car,1544.8108333333334,0.28695646385892365,OnTrack,7384,6357,4
2024-03-02 16:05:54.299,0 days 02:02:11.868000,,,0 days 00:00:25.911000,8609,135,4,59,False,0,pos,1549.9637238554783,0.287913639463199,OnTrack,7369,6335,3
2024-03-02 16:05:54.321,0 days 02:02:11.890000,,,0 days 00:00:25.933000,8791,135,4,59,False,0,car,1550.8108333333334,0.28807099435418076,OnTrack,7364,6329,2
2024-03-02 16:05:54.459,0 days 02:02:12.028000,,,0 days 00:00:26.071000,9070,142,4,71,False,0,pos,1556.3697902654278,0.2891035988579541,OnTrack,7329,6288,1
2024-03-02 16:05:54.601,0 days 02:02:12.170000,,,0 days 00:00:26.213000,9349,150,4,83,False,0,car,1562.4775000000002,0.2902381369838474,OnTrack,7289,6245,0
2024-03-02 16:05:54.679,0 days 02:02:12.248000,,,0 days 00:00:26.291000,9673,155,4,88,False,0,pos,1565.9757969139864,0.2908879634158642,OnTrack,7267,6223,-1
2024-03-02 16:05:54.939,0 days 02:02:12.508000,,,0 days 00:00:26.551000,9997,161,4,94,False,0,pos,1578.1517052306717,0.2931497002702644,OnTrack,7184,6146,-4
2024-03-02 16:05:55.001,0 days 02:02:12.570000,,,0 days 00:00:26.613000,10322,167,4,100,False,0,car,1581.0330555555556,0.29368492573769805,OnTrack,7159,6125,-4
2024-03-02 16:05:55.219,0 days 02:02:12.788000,,,0 days 00:00:26.831000,10754,167,4,100,False,0,pos,1591.0581501511676,0.2955471380118059,OnTrack,7068,6055,-5
2024-03-02 16:05:55.281,0 days 02:02:12.850000,,,0 days 00:00:26.893000,11187,167,4,100,False,0,car,1594.0219444444447,0.29609767786539354,OnTrack,7045,6038,-5
2024-03-02 16:05:55.521,0 days 02:02:13.090000,,,0 days 00:00:27.133000,11384,183,4,100,False,0,car,1606.2219444444445,0.2983638898724163,OnTrack,6969,5985,-6
2024-03-02 16:05:55.619,0 days 02:02:13.188000,,,0 days 00:00:27.231000,11174,188,4,100,False,0,pos,1611.430419465738,0.299331390579919,OnTrack,6919,5951,-7
2024-03-02 16:05:55.801,0 days 02:02:13.370000,,,0 days 00:00:27.413000,10964,194,4,100,False,0,car,1621.3108333333334,0.30116672767345176,OnTrack,6791,5862,-8
2024-03-02 16:05:55.859,0 days 02:02:13.428000,,,0 days 00:00:27.471000,10741,196,4,100,False,0,pos,1624.477376745859,0.301754929206421,OnTrack,6760,5840,-9
2024-03-02 16:05:56.041,0 days 02:02:13.610000,,,0 days 00:00:27.653000,10518,199,5,100,False,0,car,1634.5775,0.3036310784351869,OnTrack,6717,5808,-8
2024-03-02 16:05:56.119,0 days 02:02:13.688000,,,0 days 00:00:27.731000,10700,204,5,100,False,0,pos,1639.078710627453,0.30446720118683207,OnTrack,6698,5794,-9
2024-03-02 16:05:56.359,0 days 02:02:13.928000,,,0 days 00:00:27.971000,10882,209,5,100,False,0,pos,1653.4589795844631,0.3071384092339299,OnTrack,6588,5712,-11
2024-03-02 16:05:56.441,0 days 02:02:14.010000,,,0 days 00:00:28.053000,11065,214,5,100,False,0,car,1658.355277777778,0.3080479215089836,OnTrack,6548,5681,-11
2024-03-02 16:05:56.601,0 days 02:02:14.170000,,,0 days 00:00:28.213000,11263,214,5,100,False,0,car,1667.866388888889,0.3098146587385023,OnTrack,6473,5622,-12
2024-03-02 16:05:56.659,0 days 02:02:14.228000,,,0 days 00:00:28.271000,11323,217,5,100,False,0,pos,1671.3939013390482,0.31046991210485253,OnTrack,6447,5601,-13
2024-03-02 16:05:56.879,0 days 02:02:14.448000,,,0 days 00:00:28.491000,11383,220,5,100,False,0,pos,1685.2259329041676,0.3130392822699666,OnTrack,6345,5514,-14
2024-03-02 16:05:56.939,0 days 02:02:14.508000,,,0 days 00:00:28.551000,11443,223,5,100,False,0,pos,1689.0577859516834,0.3137510684490999,OnTrack,6318,5489,-15
2024-03-02 16:05:56.961,0 days 02:02:14.530000,,,0 days 00:00:28.573000,11503,226,5,100,False,0,car,1690.466388888889,0.3140127236039707,OnTrack,6308,5479,-15
2024-03-02 16:05:57.119,0 days 02:02:14.688000,,,0 days 00:00:28.731000,11702,229,5,100,False,0,pos,1700.6377549283577,0.3159021065422058,OnTrack,6236,5409,-16
2024-03-02 16:05:57.161,0 days 02:02:14.730000,,,0 days 00:00:28.773000,11902,232,5,100,False,0,car,1703.355277777778,0.3164069002234119,OnTrack,6217,5390,-16
2024-03-02 16:05:57.441,0 days 02:02:15.010000,,,0 days 00:00:29.053000,10677,235,6,100,False,0,car,1721.6330555555558,0.3198020903432229,OnTrack,6105,5261,-18
2024-03-02 16:05:57.459,0 days 02:02:15.028000,,,0 days 00:00:29.071000,10733,236,6,100,False,0,pos,1722.8218659605468,0.3200229179181298,OnTrack,6098,5253,-19
2024-03-02 16:05:57.619,0 days 02:02:15.188000,,,0 days 00:00:29.231000,10790,238,6,100,False,0,pos,1733.4705502798165,0.3220009651528285,OnTrack,6032,5170,-20
2024-03-02 16:05:57.681,0 days 02:02:15.250000,,,0 days 00:00:29.293000,10847,240,6,100,False,0,car,1737.6330555555558,0.3227741716639085,OnTrack,6007,5138,-20
2024-03-02 16:05:57.779,0 days 02:02:15.348000,,,0 days 00:00:29.391000,10939,242,6,100,False,0,pos,1744.2518519836688,0.324003646740747,OnTrack,5968,5084,-22
2024-03-02 16:05:57.881,0 days 02:02:15.450000,,,0 days 00:00:29.493000,11031,244,6,100,False,0,car,1751.1886111111112,0.3252921850050449,OnTrack,5916,5009,-23
2024-03-02 16:05:58.080,0 days 02:02:15.649000,,,0 days 00:00:29.692000,11139,247,6,100,False,0,car,1764.8422222222225,0.32782841266399737,OnTrack,5812,4850,-25
2024-03-02 16:05:58.099,0 days 02:02:15.668000,,,0 days 00:00:29.711000,11016,247,6,69,False,0,pos,1766.1515777233733,0.3280716321031915,OnTrack,5806,4839,-26
2024-03-02 16:05:58.280,0 days 02:02:15.849000,,,0 days 00:00:29.892000,10894,247,6,39,False,0,car,1778.5644444444447,0.3303773851855576,OnTrack,5768,4773,-27
2024-03-02 16:05:58.419,0 days 02:02:15.988000,,,0 days 00:00:30.031000,10762,241,6,19,False,0,pos,1787.747135877329,0.33208311679063857,OnTrack,5728,4709,-28
2024-03-02 16:05:58.480,0 days 02:02:16.049000,,,0 days 00:00:30.092000,10631,236,6,0,True,0,car,1791.6755555555558,0.33281284071223055,OnTrack,5696,4661,-28
2024-03-02 16:05:58.658,0 days 02:02:16.227000,,,0 days 00:00:30.270000,10168,229,6,0,True,0,pos,1802.8080857430718,0.33488076477612344,OnTrack,5583,4499,-31
2024-03-02 16:05:58.761,0 days 02:02:16.330000,,,0 days 00:00:30.373000,9706,223,6,0,True,0,car,1809.0819444444448,0.3360461659170591,OnTrack,5533,4433,-31
2024-03-02 16:05:58.961,0 days 02:02:16.530000,,,0 days 00:00:30.573000,10532,214,6,0,True,0,car,1820.9708333333338,0.3382545874539574,OnTrack,5478,4376,-33
2024-03-02 16:05:59.159,0 days 02:02:16.728000,,,0 days 00:00:30.771000,10327,208,6,3,True,0,pos,1832.2326581252244,0.3403465286477582,OnTrack,5426,4344,-34
2024-03-02 16:05:59.281,0 days 02:02:16.850000,,,0 days 00:00:30.893000,10123,203,5,7,False,0,car,1839.0152777777782,0.3416064347211751,OnTrack,5384,4322,-34
2024-03-02 16:06:00.201,0 days 02:02:17.770000,,,0 days 00:00:31.813000,10394,196,5,82,False,0,car,1889.104166666667,0.3509107004112103,OnTrack,4917,4184,-42
2024-03-02 16:06:00.239,0 days 02:02:17.808000,,,0 days 00:00:31.851000,10499,198,5,88,False,0,pos,1891.2205733458616,0.3513038337085984,OnTrack,4896,4184,-43
2024-03-02 16:06:00.419,0 days 02:02:17.988000,,,0 days 00:00:32.031000,10604,200,5,94,False,0,pos,1901.3377885746563,0.35318315785852694,OnTrack,4796,4186,-45
2024-03-02 16:06:00.561,0 days 02:02:18.130000,,,0 days 00:00:32.173000,10710,203,5,100,False,0,car,1909.4041666666672,0.3546815285868302,OnTrack,4715,4188,-46
2024-03-02 16:06:00.639,0 days 02:02:18.208000,,,0 days 00:00:32.251000,10798,205,5,100,False,0,pos,1913.8621693526711,0.3555096252437452,OnTrack,4671,4189,-48
2024-03-02 16:06:00.721,0 days 02:02:18.290000,,,0 days 00:00:32.333000,10887,207,5,100,False,0,car,1918.604166666667,0.3563904753462244,OnTrack,4624,4189,-49
2024-03-02 16:06:00.939,0 days 02:02:18.508000,,,0 days 00:00:32.551000,10870,210,5,91,False,0,pos,1931.668265368171,0.35881719807887025,OnTrack,4498,4187,-53
2024-03-02 16:06:01.019,0 days 02:02:18.588000,,,0 days 00:00:32.631000,10853,214,5,82,False,0,pos,1936.5780418273962,0.35972921401032054,OnTrack,4451,4184,-55
2024-03-02 16:06:01.161,0 days 02:02:18.730000,,,0 days 00:00:32.773000,10837,218,5,73,False,0,car,1945.2486111111118,0.3613398163233107,OnTrack,4391,4177,-56
2024-03-02 16:06:01.219,0 days 02:02:18.788000,,,0 days 00:00:32.831000,10320,218,5,64,False,0,pos,1948.7738078195978,0.36199463952887523,OnTrack,4366,4173,-57
2024-03-02 16:06:01.441,0 days 02:02:19.010000,,,0 days 00:00:33.053000,9804,218,6,55,False,0,car,1962.204166666667,0.36448939694509275,OnTrack,4235,4146,-60
2024-03-02 16:06:01.499,0 days 02:02:19.068000,,,0 days 00:00:33.111000,9834,218,6,63,False,0,pos,1965.7085128056565,0.3651403470513994,OnTrack,4201,4137,-62
2024-03-02 16:06:01.601,0 days 02:02:19.170000,,,0 days 00:00:33.213000,9864,218,6,71,False,0,car,1971.8930555555562,0.36628915730039685,OnTrack,4143,4118,-64
2024-03-02 16:06:01.619,0 days 02:02:19.188000,,,0 days 00:00:33.231000,10044,220,6,80,False,0,pos,1972.9919422466235,0.3664932810884013,OnTrack,4133,4114,-65
2024-03-02 16:06:01.921,0 days 02:02:19.490000,,,0 days 00:00:33.533000,10225,223,6,89,False,0,car,1991.7152777777785,0.3699712358254685,OnTrack,3922,4014,-74
2024-03-02 16:06:01.939,0 days 02:02:19.508000,,,0 days 00:00:33.551000,10307,225,6,94,False,0,pos,1992.8408956367234,0.37018032506376847,OnTrack,3912,4009,-75
2024-03-02 16:06:02.241,0 days 02:02:19.810000,,,0 days 00:00:33.853000,10389,227,6,100,False,0,car,2011.8930555555562,0.37371936060211086,OnTrack,3796,3929,-80
2024-03-02 16:06:02.259,0 days 02:02:19.828000,,,0 days 00:00:33.871000,10389,229,6,100,False,0,pos,2013.0450257748198,0.37393334492527713,OnTrack,3789,3924,-81
2024-03-02 16:06:02.459,0 days 02:02:20.028000,,,0 days 00:00:34.071000,10389,231,6,100,False,0,pos,2025.987092926133,0.37633739967724444,OnTrack,3694,3841,-88
2024-03-02 16:06:02.481,0 days 02:02:20.050000,,,0 days 00:00:34.093000,10389,233,6,100,False,0,car,2027.4263888888897,0.37660475621760986,OnTrack,3682,3828,-88
2024-03-02 16:06:02.721,0 days 02:02:20.290000,,,0 days 00:00:34.333000,10759,238,6,100,False,0,car,2043.293055555556,0.37955207019395637,OnTrack,3541,3659,-100
2024-03-02 16:06:02.819,0 days 02:02:20.388000,,,0 days 00:00:34.431000,10808,239,6,100,False,0,pos,2049.81193800446,0.38076298574133965,OnTrack,3500,3606,-104
2024-03-02 16:06:02.881,0 days 02:02:20.450000,,,0 days 00:00:34.493000,10857,240,6,100,False,0,car,2053.959722222223,0.3815334577410801,OnTrack,3482,3581,-105
2024-03-02 16:06:03.059,0 days 02:02:20.628000,,,0 days 00:00:34.671000,10930,242,6,100,False,0,pos,2066.0167725032866,0.3837731161112624,OnTrack,3446,3527,-109
2024-03-02 16:06:03.161,0 days 02:02:20.730000,,,0 days 00:00:34.773000,11003,245,6,100,False,0,car,2073.0152777777785,0.38507312403620225,OnTrack,3411,3473,-111
2024-03-02 16:06:03.279,0 days 02:02:20.848000,,,0 days 00:00:34.891000,11108,246,6,100,False,0,pos,2081.1865890430854,0.38659098663477265,OnTrack,3364,3400,-115
2024-03-02 16:06:03.441,0 days 02:02:21.010000,,,0 days 00:00:35.053000,11213,248,6,100,False,0,car,2092.304166666667,0.38865613318391756,OnTrack,3305,3304,-120
2024-03-02 16:06:03.499,0 days 02:02:21.068000,,,0 days 00:00:35.111000,10766,241,6,50,False,0,pos,2096.1726347674858,0.38937472079529956,OnTrack,3285,3270,-123
2024-03-02 16:06:03.841,0 days 02:02:21.410000,,,0 days 00:00:35.453000,10319,234,6,0,True,0,car,2118.3041666666672,0.39348576533003177,OnTrack,3167,3068,-132
2024-03-02 16:06:03.859,0 days 02:02:21.428000,,,0 days 00:00:35.471000,9875,234,6,0,True,0,pos,2119.4846421589755,0.3937050446525453,OnTrack,3161,3058,-133
2024-03-02 16:06:04.041,0 days 02:02:21.610000,,,0 days 00:00:35.653000,9431,234,6,0,True,0,car,2131.304166666667,0.39590058140308876,OnTrack,3101,2959,-137
2024-03-02 16:06:04.079,0 days 02:02:21.648000,,,0 days 00:00:35.691000,9442,224,6,0,True,0,pos,2133.6124428323446,0.3963293554327759,OnTrack,3089,2940,-138
2024-03-02 16:06:04.119,0 days 02:02:21.688000,,,0 days 00:00:35.731000,9453,214,6,0,True,0,pos,2135.9677180831345,0.3967668597813976,OnTrack,3076,2920,-139
2024-03-02 16:06:04.241,0 days 02:02:21.810000,,,0 days 00:00:35.853000,9465,205,6,0,True,0,car,2142.693055555556,0.3980161253987157,OnTrack,3025,2847,-141
2024-03-02 16:06:04.419,0 days 02:02:21.988000,,,0 days 00:00:36.031000,9565,185,6,0,True,0,pos,2151.3059632455743,0.3996160167776091,OnTrack,2948,2742,-145
2024-03-02 16:06:04.561,0 days 02:02:22.130000,,,0 days 00:00:36.173000,9665,166,5,0,True,0,car,2157.4486111111114,0.40075704483890356,OnTrack,2914,2698,-146
2024-03-02 16:06:04.759,0 days 02:02:22.328000,,,0 days 00:00:36.371000,9877,153,5,0,True,0,pos,2165.312190722675,0.40221774471873184,OnTrack,2886,2665,-147
2024-03-02 16:06:04.840,0 days 02:02:22.409000,,,0 days 00:00:36.452000,10089,141,3,0,True,0,car,2168.376111111111,0.40278688350339054,OnTrack,2868,2644,-147
2024-03-02 16:06:05.099,0 days 02:02:22.668000,,,0 days 00:00:36.711000,9352,134,3,0,True,0,pos,2177.644382381088,0.40450851199817456,OnTrack,2800,2568,-150
2024-03-02 16:06:05.120,0 days 02:02:22.689000,,,0 days 00:00:36.732000,8615,128,3,0,True,0,car,2178.331666666667,0.4046361785473727,OnTrack,2794,2562,-150
2024-03-02 16:06:05.319,0 days 02:02:22.888000,,,0 days 00:00:36.931000,8174,120,3,0,True,0,pos,2184.269005657914,0.40573906944177673,OnTrack,2741,2519,-150
2024-03-02 16:06:05.379,0 days 02:02:22.948000,,,0 days 00:00:36.991000,7734,112,3,0,True,0,pos,2185.9307033503596,0.40604773823379825,OnTrack,2726,2509,-151
2024-03-02 16:06:05.481,0 days 02:02:23.050000,,,0 days 00:00:37.093000,7294,104,3,0,True,0,car,2188.760555555556,0.40657339766375855,OnTrack,2701,2494,-151
2024-03-02 16:06:05.639,0 days 02:02:23.208000,,,0 days 00:00:37.251000,7172,102,3,0,True,0,pos,2193.1496167042837,0.40738868807972606,OnTrack,2659,2477,-151
2024-03-02 16:06:05.641,0 days 02:02:23.210000,,,0 days 00:00:37.253000,7051,100,3,0,True,0,car,2193.2050000000004,0.4073989758083934,OnTrack,2658,2476,-151
2024-03-02 16:06:05.879,0 days 02:02:23.448000,,,0 days 00:00:37.491000,6936,99,3,0,True,0,pos,2199.6859039596343,0.40860283665836744,OnTrack,2566,2457,-153
2024-03-02 16:06:05.881,0 days 02:02:23.450000,,,0 days 00:00:37.493000,6821,98,3,0,True,0,car,2199.7383333333337,0.4086125756810067,OnTrack,2565,2456,-153
2024-03-02 16:06:06.081,0 days 02:02:23.650000,,,0 days 00:00:37.693000,6324,91,3,0,True,0,car,2204.7938888888893,0.4095516708205289,OnTrack,2530,2449,-153
2024-03-02 16:06:06.299,0 days 02:02:23.868000,,,0 days 00:00:37.911000,6116,89,3,0,True,0,pos,2210.050900947368,0.41052818752938053,OnTrack,2499,2462,-153
2024-03-02 16:06:06.519,0 days 02:02:24.088000,,,0 days 00:00:38.131000,5909,87,3,0,True,0,pos,2215.1374732857803,0.4114730441939624,OnTrack,2433,2500,-153
2024-03-02 16:06:06.521,0 days 02:02:24.090000,,,0 days 00:00:38.133000,5702,85,3,0,False,0,car,2215.1827777777785,0.411481459733613,OnTrack,2432,2500,-153
2024-03-02 16:06:06.721,0 days 02:02:24.290000,,,0 days 00:00:38.333000,5649,80,3,0,False,0,car,2219.627222222223,0.4123070378782479,OnTrack,2414,2517,-153
2024-03-02 16:06:06.799,0 days 02:02:24.368000,,,0 days 00:00:38.411000,5743,78,3,8,False,0,pos,2221.3126339909936,0.41262011168047463,OnTrack,2409,2527,-153
2024-03-02 16:06:07.001,0 days 02:02:24.570000,,,0 days 00:00:38.613000,5838,77,3,16,False,0,car,2225.616111111112,0.41341950442814346,OnTrack,2383,2565,-152
2024-03-02 16:06:07.039,0 days 02:02:24.608000,,,0 days 00:00:38.651000,5927,77,3,19,False,0,pos,2226.4331677463015,0.4135712768508553,OnTrack,2379,2573,-153
2024-03-02 16:06:07.279,0 days 02:02:24.848000,,,0 days 00:00:38.891000,6016,78,3,22,False,0,pos,2231.6897389040146,0.41454771166014853,OnTrack,2354,2620,-153
2024-03-02 16:06:07.321,0 days 02:02:24.890000,,,0 days 00:00:38.933000,6106,79,3,25,False,0,car,2232.6383333333342,0.41472391789666657,OnTrack,2348,2631,-152
2024-03-02 16:06:07.539,0 days 02:02:25.108000,,,0 days 00:00:39.151000,6197,81,3,29,False,0,pos,2237.7073452881555,0.41566551263074514,OnTrack,2321,2700,-152
2024-03-02 16:06:07.601,0 days 02:02:25.170000,,,0 days 00:00:39.213000,6289,84,3,34,False,0,car,2239.1716666666675,0.4159375177692799,OnTrack,2314,2718,-151
2024-03-02 16:06:07.801,0 days 02:02:25.370000,,,0 days 00:00:39.413000,6596,86,3,41,False,0,car,2243.9494444444454,0.4168250142747624,OnTrack,2302,2769,-151
2024-03-02 16:06:07.919,0 days 02:02:25.488000,,,0 days 00:00:39.531000,6993,89,3,46,False,0,pos,2246.8626921793666,0.4173661648482304,OnTrack,2298,2794,-151
2024-03-02 16:06:08.161,0 days 02:02:25.730000,,,0 days 00:00:39.773000,7390,93,3,52,False,0,car,2253.2494444444455,0.4185525365424109,OnTrack,2293,2829,-150
2024-03-02 16:06:08.279,0 days 02:02:25.848000,,,0 days 00:00:39.891000,7710,98,3,57,False,0,pos,2256.6886061829964,0.4191913783150336,OnTrack,2292,2853,-150
2024-03-02 16:06:08.479,0 days 02:02:26.048000,,,0 days 00:00:40.091000,8031,103,3,63,False,0,pos,2262.866873373709,0.42033902284701624,OnTrack,2289,2910,-149
2024-03-02 16:06:08.561,0 days 02:02:26.130000,,,0 days 00:00:40.173000,8352,109,3,69,False,0,car,2265.3605555555564,0.42080223698654096,OnTrack,2288,2934,-148
2024-03-02 16:06:08.721,0 days 02:02:26.290000,,,0 days 00:00:40.333000,8907,109,3,74,False,0,car,2270.205000000001,0.42170211716419304,OnTrack,2290,2983,-148
2024-03-02 16:06:08.759,0 days 02:02:26.328000,,,0 days 00:00:40.371000,9021,115,3,78,False,0,pos,2271.4219908354885,0.421928179397293,OnTrack,2291,2995,-148
2024-03-02 16:06:08.921,0 days 02:02:26.490000,,,0 days 00:00:40.533000,9136,121,3,82,False,0,car,2276.927222222223,0.42295080410795327,OnTrack,2295,3049,-146
2024-03-02 16:06:08.959,0 days 02:02:26.528000,,,0 days 00:00:40.571000,9616,126,3,90,False,0,pos,2278.264186591204,0.4231991520346702,OnTrack,2297,3063,-146
2024-03-02 16:06:09.161,0 days 02:02:26.730000,,,0 days 00:00:40.773000,10097,131,3,98,False,0,car,2285.6605555555566,0.42457306516216087,OnTrack,2306,3144,-144
2024-03-02 16:06:09.179,0 days 02:02:26.748000,,,0 days 00:00:40.791000,10574,136,3,99,False,0,pos,2286.3488092355014,0.42470091178128944,OnTrack,2307,3151,-144
2024-03-02 16:06:09.321,0 days 02:02:26.890000,,,0 days 00:00:40.933000,11051,142,3,100,False,0,car,2291.9716666666677,0.4257453861275424,OnTrack,2314,3201,-142
2024-03-02 16:06:09.459,0 days 02:02:27.028000,,,0 days 00:00:41.071000,11199,147,3,100,False,0,pos,2297.8146974978695,0.4268307588018928,OnTrack,2323,3255,-141
2024-03-02 16:06:09.481,0 days 02:02:27.050000,,,0 days 00:00:41.093000,11348,153,3,100,False,0,car,2298.771666666668,0.4270085206888339,OnTrack,2324,3265,-140
2024-03-02 16:06:09.721,0 days 02:02:27.290000,,,0 days 00:00:41.333000,11137,162,3,100,False,0,car,2309.5716666666676,0.4290146755802966,OnTrack,2348,3393,-136
2024-03-02 16:06:09.779,0 days 02:02:27.348000,,,0 days 00:00:41.391000,10796,166,3,100,False,0,pos,2312.2722558066143,0.42951632373890175,OnTrack,2354,3420,-136
2024-03-02 16:06:09.881,0 days 02:02:27.450000,,,0 days 00:00:41.493000,10456,170,4,100,False,0,car,2317.1272222222233,0.4304181584261759,OnTrack,2362,3458,-134
2024-03-02 16:06:10.201,0 days 02:02:27.770000,,,0 days 00:00:41.813000,11280,182,4,100,False,0,car,2333.305000000001,0.433423262872647,OnTrack,2385,3558,-130
2024-03-02 16:06:10.219,0 days 02:02:27.788000,,,0 days 00:00:41.831000,11348,183,4,100,False,0,pos,2334.228319802916,0.43359477421885084,OnTrack,2387,3567,-130
2024-03-02 16:06:10.279,0 days 02:02:27.848000,,,0 days 00:00:41.891000,11416,184,4,100,False,0,pos,2337.3068865072555,0.4341666336311292,OnTrack,2393,3597,-129
2024-03-02 16:06:10.361,0 days 02:02:27.930000,,,0 days 00:00:41.973000,11485,186,4,100,False,0,car,2341.5716666666676,0.4349588382216678,OnTrack,2401,3639,-127
2024-03-02 16:06:10.479,0 days 02:02:28.048000,,,0 days 00:00:42.091000,11670,191,4,100,False,0,pos,2347.91692716786,0.43613750260982276,OnTrack,2415,3699,-126
2024-03-02 16:06:10.601,0 days 02:02:28.170000,,,0 days 00:00:42.213000,11855,196,4,100,False,0,car,2354.6383333333342,0.4373860379668944,OnTrack,2427,3755,-124
2024-03-02 16:06:10.759,0 days 02:02:28.328000,,,0 days 00:00:42.371000,11945,199,4,100,False,0,pos,2363.4411948243223,0.4390212142297661,OnTrack,2447,3847,-121
2024-03-02 16:06:10.841,0 days 02:02:28.410000,,,0 days 00:00:42.453000,12036,202,4,100,False,0,car,2368.105000000001,0.4398875397451381,OnTrack,2461,3915,-118
2024-03-02 16:06:11.001,0 days 02:02:28.570000,,,0 days 00:00:42.613000,11336,210,5,100,False,0,car,2377.438333333334,0.44162125384887135,OnTrack,2492,4061,-114
2024-03-02 16:06:11.039,0 days 02:02:28.608000,,,0 days 00:00:42.651000,11339,212,5,100,False,0,pos,2379.6855799081527,0.44203869132187096,OnTrack,2498,4085,-114
2024-03-02 16:06:11.299,0 days 02:02:28.868000,,,0 days 00:00:42.911000,11342,215,5,100,False,0,pos,2395.3299700533607,0.44494471630462673,OnTrack,2515,4154,-113
2024-03-02 16:06:11.440,0 days 02:02:29.009000,,,0 days 00:00:43.052000,11345,218,5,100,False,0,car,2404.022222222223,0.4465593463237369,OnTrack,2531,4223,-111
2024-03-02 16:06:11.559,0 days 02:02:29.128000,,,0 days 00:00:43.171000,11467,222,5,100,False,0,pos,2411.4752130495312,0.4479437772500548,OnTrack,2552,4309,-110
2024-03-02 16:06:11.600,0 days 02:02:29.169000,,,0 days 00:00:43.212000,11590,226,5,100,False,0,car,2414.0666666666675,0.4484251529306118,OnTrack,2559,4343,-109
2024-03-02 16:06:11.801,0 days 02:02:29.370000,,,0 days 00:00:43.413000,11771,230,5,100,False,0,car,2426.9083333333338,0.45081055778226614,OnTrack,2600,4528,-107
2024-03-02 16:06:11.838,0 days 02:02:29.407000,,,0 days 00:00:43.450000,11560,231,5,100,False,0,pos,2429.280266621012,0.45125115644590486,OnTrack,2607,4556,-107
2024-03-02 16:06:12.041,0 days 02:02:29.610000,,,0 days 00:00:43.653000,11349,232,5,100,False,0,car,2442.3750000000005,0.4536835697255956,OnTrack,2627,4648,-105
2024-03-02 16:06:12.219,0 days 02:02:29.788000,,,0 days 00:00:43.831000,11036,235,5,100,False,0,pos,2454.1624412415576,0.45587314684639,OnTrack,2645,4734,-105
2024-03-02 16:06:12.281,0 days 02:02:29.850000,,,0 days 00:00:43.893000,10723,239,6,100,False,0,car,2458.308333333334,0.4566432673741117,OnTrack,2654,4781,-104
2024-03-02 16:06:12.459,0 days 02:02:30.028000,,,0 days 00:00:44.071000,10840,241,6,100,False,0,pos,2470.276469143752,0.45886640942945994,OnTrack,2682,4931,-104
2024-03-02 16:06:12.561,0 days 02:02:30.130000,,,0 days 00:00:44.173000,10957,243,6,100,False,0,car,2477.208333333334,0.4601540384341716,OnTrack,2691,4983,-103
2024-03-02 16:06:12.719,0 days 02:02:30.288000,,,0 days 00:00:44.331000,11066,245,6,100,False,0,pos,2488.080106843292,0.46217352561990094,OnTrack,2702,5051,-104
2024-03-02 16:06:12.841,0 days 02:02:30.410000,,,0 days 00:00:44.453000,11175,248,6,100,False,0,car,2496.4972222222227,0.463737047581887,OnTrack,2714,5142,-104
2024-03-02 16:06:13.079,0 days 02:02:30.648000,,,0 days 00:00:44.691000,11242,248,6,100,False,0,pos,2512.834304444608,0.46677174363861546,OnTrack,2742,5353,-106
2024-03-02 16:06:13.161,0 days 02:02:30.730000,,,0 days 00:00:44.773000,11310,248,6,100,False,0,car,2518.541666666667,0.467831915179276,OnTrack,2748,5403,-106
2024-03-02 16:06:13.459,0 days 02:02:31.028000,,,0 days 00:00:45.071000,11332,251,6,88,False,0,pos,2539.6682366318396,0.471756282927004,OnTrack,2755,5571,-108
2024-03-02 16:06:13.481,0 days 02:02:31.050000,,,0 days 00:00:45.093000,11355,255,6,76,True,0,car,2541.2083333333335,0.47204236371691394,OnTrack,2754,5591,-108
2024-03-02 16:06:13.659,0 days 02:02:31.228000,,,0 days 00:00:45.271000,10784,247,6,38,True,0,pos,2553.465356775996,0.4743191681182355,OnTrack,2744,5778,-112
2024-03-02 16:06:13.921,0 days 02:02:31.490000,,,0 days 00:00:45.533000,10213,240,6,0,True,0,car,2570.5416666666665,0.4774911794715042,OnTrack,2723,5891,-114
2024-03-02 16:06:13.959,0 days 02:02:31.528000,,,0 days 00:00:45.571000,9946,229,6,0,True,0,pos,2572.8829304684195,0.4779260811222534,OnTrack,2719,5907,-115
2024-03-02 16:06:14.081,0 days 02:02:31.650000,,,0 days 00:00:45.693000,9680,218,6,0,True,0,car,2580.2305555555554,0.47929093982680826,OnTrack,2698,5972,-116
2024-03-02 16:06:14.259,0 days 02:02:31.828000,,,0 days 00:00:45.871000,10218,214,6,0,True,0,pos,2590.7683168786452,0.48124838255119556,OnTrack,2661,6084,-119
2024-03-02 16:06:14.321,0 days 02:02:31.890000,,,0 days 00:00:45.933000,10756,210,6,0,True,0,car,2594.2305555555554,0.4818915109824082,OnTrack,2647,6118,-120
2024-03-02 16:06:14.499,0 days 02:02:32.068000,,,0 days 00:00:46.111000,11023,198,6,0,True,0,pos,2603.477133914553,0.48360910990872263,OnTrack,2605,6207,-123
2024-03-02 16:06:14.521,0 days 02:02:32.090000,,,0 days 00:00:46.133000,11291,187,6,0,True,0,car,2604.6194444444445,0.4838212998954923,OnTrack,2599,6217,-123
2024-03-02 16:06:14.699,0 days 02:02:32.268000,,,0 days 00:00:46.311000,11291,187,6,0,True,0,pos,2614.0246786156235,0.4855683699452944,OnTrack,2553,6296,-126
2024-03-02 16:06:14.761,0 days 02:02:32.330000,,,0 days 00:00:46.373000,11291,187,4,0,True,0,car,2617.0861111111108,0.48613704659119306,OnTrack,2536,6320,-126
2024-03-02 16:06:14.899,0 days 02:02:32.468000,,,0 days 00:00:46.511000,10892,172,4,0,True,0,pos,2623.1915085324504,0.4872711551931508,OnTrack,2499,6370,-129
2024-03-02 16:06:15.079,0 days 02:02:32.648000,,,0 days 00:00:46.691000,10493,157,4,0,True,0,pos,2629.992630933598,0.4885344982461601,OnTrack,2448,6428,-131
2024-03-02 16:06:15.161,0 days 02:02:32.730000,,,0 days 00:00:46.773000,10095,143,3,0,True,0,car,2632.975,0.48908848845826286,OnTrack,2424,6452,-132
2024-03-02 16:06:15.279,0 days 02:02:32.848000,,,0 days 00:00:46.891000,9522,134,3,0,True,0,pos,2637.1818643299534,0.4898699348891199,OnTrack,2390,6484,-134
2024-03-02 16:06:15.401,0 days 02:02:32.970000,,,0 days 00:00:47.013000,8949,126,3,0,True,0,car,2641.3749999999995,0.4906488311516227,OnTrack,2355,6512,-134
2024-03-02 16:06:15.459,0 days 02:02:33.028000,,,0 days 00:00:47.071000,8579,121,3,0,True,0,pos,2643.2939212912465,0.49100528053447146,OnTrack,2339,6525,-135
2024-03-02 16:06:15.601,0 days 02:02:33.170000,,,0 days 00:00:47.213000,8210,116,3,0,True,0,car,2647.819444444444,0.4918459194613433,OnTrack,2299,6552,-135
2024-03-02 16:06:15.679,0 days 02:02:33.248000,,,0 days 00:00:47.291000,7749,111,3,0,True,0,pos,2650.2318034363016,0.4922940274049987,OnTrack,2278,6565,-136
2024-03-02 16:06:15.881,0 days 02:02:33.450000,,,0 days 00:00:47.493000,7288,107,3,0,True,0,car,2656.141666666666,0.4933918145371721,OnTrack,2224,6591,-136
2024-03-02 16:06:15.899,0 days 02:02:33.468000,,,0 days 00:00:47.511000,6986,101,3,0,True,0,pos,2656.6326408970026,0.4934830154958548,OnTrack,2219,6593,-137
2024-03-02 16:06:16.159,0 days 02:02:33.728000,,,0 days 00:00:47.771000,6685,96,3,0,True,0,pos,2663.189985160832,0.49470107552084425,OnTrack,2132,6614,-138
2024-03-02 16:06:16.201,0 days 02:02:33.770000,,,0 days 00:00:47.813000,6384,91,3,0,True,0,car,2664.230555555555,0.49489436676040766,OnTrack,2120,6615,-138
2024-03-02 16:06:16.441,0 days 02:02:34.010000,,,0 days 00:00:48.053000,5830,89,3,0,True,0,car,2670.1638888888883,0.4959965135834952,OnTrack,2079,6613,-138
2024-03-02 16:06:16.559,0 days 02:02:34.128000,,,0 days 00:00:48.171000,5670,85,3,0,True,0,pos,2672.892200907056,0.49650331140763265,OnTrack,2059,6607,-139
2024-03-02 16:06:16.641,0 days 02:02:34.210000,,,0 days 00:00:48.253000,5510,82,3,0,True,0,car,2674.719444444444,0.49684273118174604,OnTrack,2042,6600,-139
2024-03-02 16:06:16.799,0 days 02:02:34.368000,,,0 days 00:00:48.411000,5432,79,3,0,True,0,pos,2678.1233527604863,0.49747502445196085,OnTrack,2010,6584,-140
2024-03-02 16:06:16.921,0 days 02:02:34.490000,,,0 days 00:00:48.533000,5355,77,3,0,False,0,car,2680.708333333333,0.4979551977316416,OnTrack,1990,6569,-140
2024-03-02 16:06:16.999,0 days 02:02:34.568000,,,0 days 00:00:48.611000,5525,76,3,5,False,0,pos,2682.364087791513,0.49826276253769153,OnTrack,1977,6556,-141
2024-03-02 16:06:17.201,0 days 02:02:34.770000,,,0 days 00:00:48.813000,5696,76,3,11,False,0,car,2686.619444444444,0.499053216664006,OnTrack,1939,6504,-140
2024-03-02 16:06:17.219,0 days 02:02:34.788000,,,0 days 00:00:48.831000,5811,75,3,18,False,0,pos,2686.9913484637896,0.49912229972581745,OnTrack,1937,6501,-141
2024-03-02 16:06:17.441,0 days 02:02:35.010000,,,0 days 00:00:49.053000,5927,74,3,25,False,0,car,2691.5527777777775,0.49996960840455074,OnTrack,1924,6476,-141
2024-03-02 16:06:17.459,0 days 02:02:35.028000,,,0 days 00:00:49.071000,5992,76,3,28,False,0,pos,2691.9338779140835,0.5000403996918275,OnTrack,1924,6474,-142
2024-03-02 16:06:17.761,0 days 02:02:35.330000,,,0 days 00:00:49.373000,6057,79,3,31,False,0,car,2698.575,0.5012740218730739,OnTrack,1899,6413,-142
2024-03-02 16:06:17.779,0 days 02:02:35.348000,,,0 days 00:00:49.391000,6146,79,3,36,False,0,pos,2698.972141284826,0.5013477928852181,OnTrack,1898,6409,-142
2024-03-02 16:06:17.961,0 days 02:02:35.530000,,,0 days 00:00:49.573000,6236,80,3,41,False,0,car,2703.019444444444,0.5020996000177087,OnTrack,1886,6368,-141
2024-03-02 16:06:18.059,0 days 02:02:35.628000,,,0 days 00:00:49.671000,6514,83,3,44,False,0,pos,2705.3157523065365,0.5025261508741753,OnTrack,1881,6347,-142
2024-03-02 16:06:18.200,0 days 02:02:35.769000,,,0 days 00:00:49.812000,6792,87,3,48,False,0,car,2708.7952777777773,0.5031724904152958,OnTrack,1873,6314,-142
2024-03-02 16:06:18.239,0 days 02:02:35.808000,,,0 days 00:00:49.851000,7086,91,3,54,False,0,pos,2709.796100814874,0.5033583983811625,OnTrack,1871,6305,-142
2024-03-02 16:06:18.441,0 days 02:02:36.010000,,,0 days 00:00:50.053000,7381,96,3,61,False,0,car,2715.221944444444,0.5043662764124378,OnTrack,1859,6248,-141
2024-03-02 16:06:18.479,0 days 02:02:36.048000,,,0 days 00:00:50.091000,7567,98,3,65,False,0,pos,2716.2792851366535,0.5045626828199952,OnTrack,1858,6238,-142
2024-03-02 16:06:18.679,0 days 02:02:36.248000,,,0 days 00:00:50.291000,7754,101,3,69,False,0,pos,2722.0241383786283,0.5056298185081547,OnTrack,1849,6182,-142
2024-03-02 16:06:18.761,0 days 02:02:36.330000,,,0 days 00:00:50.373000,7941,104,3,74,False,0,car,2724.4663888888886,0.5060834789532784,OnTrack,1845,6159,-141
2024-03-02 16:06:18.899,0 days 02:02:36.468000,,,0 days 00:00:50.511000,8435,108,3,81,False,0,pos,2728.6980947085653,0.5068695398171096,OnTrack,1841,6123,-141
2024-03-02 16:06:18.961,0 days 02:02:36.530000,,,0 days 00:00:50.573000,8929,112,3,89,False,0,car,2730.6886111111107,0.5072392883557673,OnTrack,1838,6107,-140
2024-03-02 16:06:19.241,0 days 02:02:36.810000,,,0 days 00:00:50.853000,10224,128,3,100,False,0,car,2740.6441666666665,0.5090885833997495,OnTrack,1830,6037,-140
2024-03-02 16:06:19.299,0 days 02:02:36.868000,,,0 days 00:00:50.911000,10656,152,3,100,False,0,pos,2742.956083695565,0.5095180337382847,OnTrack,1828,6018,-140
2024-03-02 16:06:20.241,0 days 02:02:37.810000,,,0 days 00:00:51.853000,11089,177,4,100,False,0,car,2789.810833333333,0.518221541624773,OnTrack,1780,5517,-139
2024-03-02 16:06:20.379,0 days 02:02:37.948000,,,0 days 00:00:51.991000,11305,183,4,100,False,0,pos,2796.995348806322,0.5195561018894884,OnTrack,1777,5469,-139
2024-03-02 16:06:20.481,0 days 02:02:38.050000,,,0 days 00:00:52.093000,11522,189,4,100,False,0,car,2802.410833333333,0.5205620556648128,OnTrack,1775,5441,-138
2024-03-02 16:06:20.639,0 days 02:02:38.208000,,,0 days 00:00:52.251000,11286,194,4,100,False,0,pos,2811.131192545334,0.5221819067100414,OnTrack,1772,5394,-139
2024-03-02 16:06:20.839,0 days 02:02:38.408000,,,0 days 00:00:52.451000,11050,199,4,100,False,0,pos,2822.6612097338343,0.5243236660046118,OnTrack,1765,5284,-139
2024-03-02 16:06:21.001,0 days 02:02:38.570000,,,0 days 00:00:52.613000,10814,205,5,100,False,0,car,2832.0219444444438,0.5260624700534428,OnTrack,1759,5191,-138
2024-03-02 16:06:21.119,0 days 02:02:38.688000,,,0 days 00:00:52.731000,10894,206,5,100,False,0,pos,2838.8202284630906,0.5273252858624763,OnTrack,1755,5124,-139
2024-03-02 16:06:21.161,0 days 02:02:38.730000,,,0 days 00:00:52.773000,10974,208,5,100,False,0,car,2841.2663888888883,0.5277796725942834,OnTrack,1753,5099,-139
2024-03-02 16:06:21.321,0 days 02:02:38.890000,,,0 days 00:00:52.933000,11202,214,5,100,False,0,car,2850.7774999999992,0.5295464098238021,OnTrack,1748,5004,-139
2024-03-02 16:06:21.419,0 days 02:02:38.988000,,,0 days 00:00:53.031000,11290,216,5,100,False,0,pos,2856.7142025393864,0.5306491824940383,OnTrack,1745,4945,-139
2024-03-02 16:06:21.539,0 days 02:02:39.108000,,,0 days 00:00:53.151000,11378,218,5,100,False,0,pos,2864.0826748628488,0.5320179136786977,OnTrack,1740,4872,-139
2024-03-02 16:06:21.561,0 days 02:02:39.130000,,,0 days 00:00:53.173000,11466,220,5,100,False,0,car,2865.444166666666,0.5322708177010972,OnTrack,1739,4858,-139
2024-03-02 16:06:21.721,0 days 02:02:39.290000,,,0 days 00:00:53.333000,11571,225,5,100,False,0,car,2875.444166666666,0.5341283685265258,OnTrack,1733,4758,-139
2024-03-02 16:06:21.779,0 days 02:02:39.348000,,,0 days 00:00:53.391000,11229,227,5,100,False,0,pos,2879.1115554823236,0.534809604638695,OnTrack,1732,4722,-139
2024-03-02 16:06:21.959,0 days 02:02:39.528000,,,0 days 00:00:53.571000,10887,229,5,100,False,0,pos,2890.640929317162,0.5369512444270528,OnTrack,1725,4608,-139
2024-03-02 16:06:22.041,0 days 02:02:39.610000,,,0 days 00:00:53.653000,10546,231,5,100,False,0,car,2895.9774999999995,0.5379425395547389,OnTrack,1722,4555,-139
2024-03-02 16:06:22.239,0 days 02:02:39.808000,,,0 days 00:00:53.851000,10657,234,5,100,False,0,pos,2909.0892400247462,0.5403781119053163,OnTrack,1716,4426,-139
2024-03-02 16:06:22.399,0 days 02:02:39.968000,,,0 days 00:00:54.011000,10768,237,5,100,False,0,pos,2919.8425612816136,0.5423755959829955,OnTrack,1711,4320,-139
2024-03-02 16:06:22.401,0 days 02:02:39.970000,,,0 days 00:00:54.013000,10879,240,6,100,False,0,car,2919.9774999999995,0.5424006615357674,OnTrack,1710,4318,-139
2024-03-02 16:06:22.559,0 days 02:02:40.128000,,,0 days 00:00:54.171000,10966,241,6,100,False,0,pos,2930.67976832219,0.5443886622713516,OnTrack,1706,4213,-139
2024-03-02 16:06:22.739,0 days 02:02:40.308000,,,0 days 00:00:54.351000,11053,243,6,100,False,0,pos,2942.96878366068,0.5466714093299233,OnTrack,1700,4090,-139
2024-03-02 16:06:22.761,0 days 02:02:40.330000,,,0 days 00:00:54.373000,11141,245,6,100,False,0,car,2944.4774999999995,0.5469516610580673,OnTrack,1699,4075,-139
2024-03-02 16:06:22.919,0 days 02:02:40.488000,,,0 days 00:00:54.531000,11150,247,6,100,False,0,pos,2955.3605611410867,0.5489732449786487,OnTrack,1695,3966,-139
2024-03-02 16:06:23.001,0 days 02:02:40.570000,,,0 days 00:00:54.613000,11160,249,6,100,False,0,car,2961.0775,0.5500351954282786,OnTrack,1691,3882,-138
2024-03-02 16:06:23.179,0 days 02:02:40.748000,,,0 days 00:00:54.791000,11292,252,6,100,False,0,pos,2973.679413284442,0.5523760648706281,OnTrack,1681,3685,-139
2024-03-02 16:06:23.201,0 days 02:02:40.770000,,,0 days 00:00:54.813000,11425,255,6,100,False,0,car,2975.244166666667,0.5526667257643024,OnTrack,1680,3667,-139
2024-03-02 16:06:23.481,0 days 02:02:41.050000,,,0 days 00:00:55.093000,11523,257,6,100,False,0,car,2995.233055555556,0.5563797634697979,OnTrack,1673,3551,-139
2024-03-02 16:06:23.559,0 days 02:02:41.128000,,,0 days 00:00:55.171000,11592,259,6,100,False,0,pos,3000.8552682789773,0.5574241180583105,OnTrack,1672,3514,-139
2024-03-02 16:06:23.761,0 days 02:02:41.330000,,,0 days 00:00:55.373000,11662,261,6,100,False,0,car,3015.5330555555556,0.5601505916454177,OnTrack,1665,3368,-138
2024-03-02 16:06:23.799,0 days 02:02:41.368000,,,0 days 00:00:55.411000,11050,262,6,100,False,0,pos,3018.3100656401984,0.5606664353829129,OnTrack,1664,3340,-139
2024-03-02 16:06:24.001,0 days 02:02:41.570000,,,0 days 00:00:55.613000,10438,264,6,100,False,0,car,3033.133055555556,0.5634198810981719,OnTrack,1657,3191,-139
2024-03-02 16:06:24.079,0 days 02:02:41.648000,,,0 days 00:00:55.691000,10438,264,6,100,False,0,pos,3038.865879868051,0.5644847823515431,OnTrack,1655,3135,-139
2024-03-02 16:06:24.161,0 days 02:02:41.730000,,,0 days 00:00:55.773000,10438,265,7,100,False,0,car,3044.910833333334,0.5656076631814544,OnTrack,1652,3074,-139
2024-03-02 16:06:24.239,0 days 02:02:41.808000,,,0 days 00:00:55.851000,10575,266,7,100,False,0,pos,3050.693127542755,0.5666817537196125,OnTrack,1650,3017,-139
2024-03-02 16:06:24.401,0 days 02:02:41.970000,,,0 days 00:00:56.013000,10713,268,7,100,False,0,car,3062.7775,0.5689264873228866,OnTrack,1644,2897,-139
2024-03-02 16:06:24.419,0 days 02:02:41.988000,,,0 days 00:00:56.031000,10782,269,7,100,False,0,pos,3064.123228666977,0.5691764632625013,OnTrack,1644,2883,-139
2024-03-02 16:06:24.641,0 days 02:02:42.210000,,,0 days 00:00:56.253000,10852,270,7,100,False,0,car,3080.7775,0.5722700788086579,OnTrack,1634,2679,-138
2024-03-02 16:06:24.719,0 days 02:02:42.288000,,,0 days 00:00:56.331000,10888,271,7,100,False,0,pos,3086.666428244554,0.573363977160814,OnTrack,1632,2613,-139
2024-03-02 16:06:24.920,0 days 02:02:42.489000,,,0 days 00:00:56.532000,10924,273,7,100,False,0,car,3101.935,0.5762001919675582,OnTrack,1625,2476,-139
2024-03-02 16:06:25.119,0 days 02:02:42.688000,,,0 days 00:00:56.731000,10976,274,7,100,False,0,pos,3117.1715733165693,0.5790304629016478,OnTrack,1619,2339,-139
2024-03-02 16:06:25.201,0 days 02:02:42.770000,,,0 days 00:00:56.813000,11028,276,7,100,False,0,car,3123.478333333334,0.5802019756291399,OnTrack,1615,2267,-138
2024-03-02 16:06:25.339,0 days 02:02:42.908000,,,0 days 00:00:56.951000,11048,277,7,100,False,0,pos,3134.1250801518754,0.5821796629632309,OnTrack,1610,2146,-139
2024-03-02 16:06:25.401,0 days 02:02:42.970000,,,0 days 00:00:57.013000,11068,278,7,100,False,0,car,3138.922777777778,0.583070859681746,OnTrack,1607,2102,-139
2024-03-02 16:06:25.681,0 days 02:02:43.250000,,,0 days 00:00:57.293000,11122,280,7,100,False,0,car,3160.7005555555556,0.587116192590457,OnTrack,1599,1943,-139
2024-03-02 16:06:25.759,0 days 02:02:43.328000,,,0 days 00:00:57.371000,11137,280,7,100,False,0,pos,3166.795298702167,0.5882483221067332,OnTrack,1596,1866,-139
2024-03-02 16:06:25.919,0 days 02:02:43.488000,,,0 days 00:00:57.531000,11152,281,7,100,False,0,pos,3179.3340775712763,0.5905774640105512,OnTrack,1586,1663,-139
2024-03-02 16:06:25.961,0 days 02:02:43.530000,,,0 days 00:00:57.573000,11167,282,7,100,False,0,car,3182.633888888889,0.5911904207342302,OnTrack,1583,1621,-139
2024-03-02 16:06:26.241,0 days 02:02:43.810000,,,0 days 00:00:57.853000,11299,284,7,100,False,0,car,3204.722777777778,0.5952935441130656,OnTrack,1577,1480,-139
2024-03-02 16:06:26.279,0 days 02:02:43.848000,,,0 days 00:00:57.891000,11295,284,7,100,False,0,pos,3207.7328099703113,0.5958526728914463,OnTrack,1576,1458,-139
2024-03-02 16:06:26.519,0 days 02:02:44.088000,,,0 days 00:00:58.131000,11291,285,7,100,False,0,pos,3226.8020575684477,0.5993948825530682,OnTrack,1567,1268,-139
2024-03-02 16:06:26.561,0 days 02:02:44.130000,,,0 days 00:00:58.173000,11288,286,7,100,False,0,car,3230.1450000000004,0.6000158511003773,OnTrack,1565,1234,-139
2024-03-02 16:06:26.659,0 days 02:02:44.228000,,,0 days 00:00:58.271000,11322,286,7,100,False,0,pos,3237.9499560735253,0.6014656613600583,OnTrack,1561,1157,-139
2024-03-02 16:06:26.801,0 days 02:02:44.370000,,,0 days 00:00:58.413000,11357,287,7,100,False,0,car,3249.278333333333,0.6035699650130304,OnTrack,1555,1044,-138
2024-03-02 16:06:26.899,0 days 02:02:44.468000,,,0 days 00:00:58.511000,11370,287,7,100,False,0,pos,3257.116615767295,0.6050259658135451,OnTrack,1551,966,-139
2024-03-02 16:06:27.001,0 days 02:02:44.570000,,,0 days 00:00:58.613000,11384,288,7,100,False,0,car,3265.2783333333336,0.606542046333716,OnTrack,1546,883,-139
2024-03-02 16:06:27.059,0 days 02:02:44.628000,,,0 days 00:00:58.671000,11360,288,7,100,False,0,pos,3269.914287170389,0.607403198321383,OnTrack,1544,838,-139
2024-03-02 16:06:27.201,0 days 02:02:44.770000,,,0 days 00:00:58.813000,11337,288,7,100,False,0,car,3281.2783333333336,0.6095141276544017,OnTrack,1537,730,-138
2024-03-02 16:06:27.279,0 days 02:02:44.848000,,,0 days 00:00:58.891000,11057,288,7,50,False,0,pos,3287.558879180272,0.6106807709666139,OnTrack,1534,662,-139
2024-03-02 16:06:27.361,0 days 02:02:44.930000,,,0 days 00:00:58.973000,10777,288,7,1,True,0,car,3294.0783333333334,0.6118917927109501,OnTrack,1529,577,-139
2024-03-02 16:06:27.521,0 days 02:02:45.090000,,,0 days 00:00:59.133000,10910,273,7,0,True,0,car,3306.211666666667,0.6141456210458034,OnTrack,1521,387,-139
2024-03-02 16:06:27.619,0 days 02:02:45.188000,,,0 days 00:00:59.231000,10703,262,7,0,True,0,pos,3313.2940879542252,0.6154612167966771,OnTrack,1518,295,-139
2024-03-02 16:06:27.801,0 days 02:02:45.370000,,,0 days 00:00:59.413000,10496,252,7,0,True,0,car,3325.8116666666665,0.6177864206636432,OnTrack,1514,195,-138
2024-03-02 16:06:28.039,0 days 02:02:45.608000,,,0 days 00:00:59.651000,10473,241,7,0,True,0,pos,3341.088608387394,0.6206241902339792,OnTrack,1518,105,-139
2024-03-02 16:06:28.041,0 days 02:02:45.610000,,,0 days 00:00:59.653000,10451,231,6,0,True,0,car,3341.2116666666666,0.6206470489348032,OnTrack,1518,103,-139
2024-03-02 16:06:28.239,0 days 02:02:45.808000,,,0 days 00:00:59.851000,10495,222,6,0,True,0,pos,3352.9317659110593,0.6228241169373557,OnTrack,1530,-32,-139
2024-03-02 16:06:28.241,0 days 02:02:45.810000,,,0 days 00:00:59.853000,10540,213,6,0,True,0,car,3353.045,0.6228451507448935,OnTrack,1530,-33,-138
2024-03-02 16:06:28.499,0 days 02:02:46.068000,,,0 days 00:01:00.111000,10658,201,6,0,True,0,pos,3366.809890050302,0.6254020490323805,OnTrack,1549,-150,-139
2024-03-02 16:06:28.561,0 days 02:02:46.130000,,,0 days 00:01:00.173000,10777,190,4,0,True,0,car,3369.9338888888888,0.6259823476945061,OnTrack,1556,-179,-139
2024-03-02 16:06:28.841,0 days 02:02:46.410000,,,0 days 00:01:00.453000,10082,174,4,0,True,0,car,3383.467222222222,0.6284962331449193,OnTrack,1602,-326,-139
2024-03-02 16:06:28.879,0 days 02:02:46.448000,,,0 days 00:01:00.491000,9981,172,4,0,True,0,pos,3385.2783976425744,0.6288326681846267,OnTrack,1609,-343,-139
2024-03-02 16:06:29.161,0 days 02:02:46.730000,,,0 days 00:01:00.773000,9881,170,4,0,False,0,car,3398.5783333333334,0.6313031988366781,OnTrack,1659,-432,-137
2024-03-02 16:06:29.199,0 days 02:02:46.768000,,,0 days 00:01:00.811000,9708,166,4,1,False,0,pos,3400.329300130717,0.631628449818656,OnTrack,1672,-446,-137
2024-03-02 16:06:29.401,0 days 02:02:46.970000,,,0 days 00:01:01.013000,9536,163,4,3,False,0,car,3409.4449999999997,0.6333217374003103,OnTrack,1769,-532,-136
2024-03-02 16:06:29.419,0 days 02:02:46.988000,,,0 days 00:01:01.031000,9524,159,4,31,False,0,pos,3410.241440454444,0.6334696802626659,OnTrack,1778,-539,-136
2024-03-02 16:06:29.841,0 days 02:02:47.410000,,,0 days 00:01:01.453000,9513,156,4,60,False,0,car,3428.5116666666668,0.636863467640794,OnTrack,1965,-627,-133
2024-03-02 16:06:29.859,0 days 02:02:47.428000,,,0 days 00:01:01.471000,9696,158,4,63,False,0,pos,3429.3030752736213,0.6370104758119041,OnTrack,1974,-630,-133
2024-03-02 16:06:30.319,0 days 02:02:47.888000,,,0 days 00:01:01.931000,9879,160,4,67,False,0,pos,3450.1521918042044,0.640883305173988,OnTrack,2177,-670,-129
2024-03-02 16:06:30.321,0 days 02:02:47.890000,,,0 days 00:01:01.933000,10062,163,4,71,False,0,car,3450.245,0.6409005447680586,OnTrack,2177,-670,-128
2024-03-02 16:06:30.721,0 days 02:02:48.290000,,,0 days 00:01:02.333000,10851,171,4,90,False,0,car,3469.245,0.6444298913363729,OnTrack,2300,-666,-127
2024-03-02 16:06:30.739,0 days 02:02:48.308000,,,0 days 00:01:02.351000,10466,174,4,93,False,0,pos,3470.129753431389,0.6445942387830506,OnTrack,2309,-665,-127
2024-03-02 16:06:30.759,0 days 02:02:48.328000,,,0 days 00:01:02.371000,10082,178,4,96,False,0,pos,3471.116249101275,0.6447774853676385,OnTrack,2319,-663,-127
2024-03-02 16:06:31.081,0 days 02:02:48.650000,,,0 days 00:01:02.693000,9698,182,5,100,False,0,car,3487.4449999999997,0.6478106338386527,OnTrack,2478,-627,-124
2024-03-02 16:06:31.099,0 days 02:02:48.668000,,,0 days 00:01:02.711000,9698,185,5,100,False,0,pos,3488.3773924110947,0.6479838304679377,OnTrack,2487,-625,-124
2024-03-02 16:06:31.241,0 days 02:02:48.810000,,,0 days 00:01:02.853000,9698,188,5,100,False,0,car,3495.8005555555555,0.6493627207505663,OnTrack,2552,-602,-121
2024-03-02 16:06:31.279,0 days 02:02:48.848000,,,0 days 00:01:02.891000,10019,190,5,100,False,0,pos,3497.8084759990816,0.6497357021782929,OnTrack,2577,-592,-121
2024-03-02 16:06:31.401,0 days 02:02:48.970000,,,0 days 00:01:03.013000,10341,192,5,100,False,0,car,3504.333888888889,0.6509478307882652,OnTrack,2683,-537,-118
2024-03-02 16:06:31.498,0 days 02:02:49.067000,,,0 days 00:01:03.110000,10521,196,5,100,False,0,pos,3509.6422608179364,0.6519338878541135,OnTrack,2760,-496,-116
2024-03-02 16:06:31.721,0 days 02:02:49.290000,,,0 days 00:01:03.333000,10702,201,5,100,False,0,car,3522.2005555555556,0.6542666549296976,OnTrack,2816,-460,-114
2024-03-02 16:06:31.799,0 days 02:02:49.368000,,,0 days 00:01:03.411000,10776,204,5,100,False,0,pos,3526.6769144419322,0.655098161344128,OnTrack,2834,-445,-114
2024-03-02 16:06:31.921,0 days 02:02:49.490000,,,0 days 00:01:03.533000,10851,208,5,100,False,0,car,3533.7561111111113,0.6564131581057483,OnTrack,2880,-405,-112
2024-03-02 16:06:32.099,0 days 02:02:49.668000,,,0 days 00:01:03.711000,10999,210,5,100,False,0,pos,3544.2368748038416,0.6583600132306036,OnTrack,2967,-331,-109
2024-03-02 16:06:32.339,0 days 02:02:49.908000,,,0 days 00:01:03.951000,11147,212,5,100,False,0,pos,3558.687887348412,0.6610443622586479,OnTrack,3057,-234,-105
2024-03-02 16:06:32.361,0 days 02:02:49.930000,,,0 days 00:01:03.973000,11295,215,5,100,False,0,car,3560.033888888889,0.6612943888859021,OnTrack,3065,-224,-104
2024-03-02 16:06:32.579,0 days 02:02:50.148000,,,0 days 00:01:04.191000,11403,219,5,100,False,0,pos,3573.5567160882388,0.66380632276853,OnTrack,3146,-118,-101
2024-03-02 16:06:32.681,0 days 02:02:50.250000,,,0 days 00:01:04.293000,11512,224,5,100,False,0,car,3579.9450000000006,0.6649929789738666,OnTrack,3178,-69,-98
2024-03-02 16:06:32.739,0 days 02:02:50.308000,,,0 days 00:01:04.351000,11639,225,5,100,False,0,pos,3583.5849642037797,0.6656691208249925,OnTrack,3200,-34,-97
2024-03-02 16:06:32.921,0 days 02:02:50.490000,,,0 days 00:01:04.533000,11766,227,5,100,False,0,car,3595.078333333334,0.6678040725563483,OnTrack,3287,136,-89
2024-03-02 16:06:32.979,0 days 02:02:50.548000,,,0 days 00:01:04.591000,11188,229,5,100,False,0,pos,3598.784450795327,0.6684925027114144,OnTrack,3310,182,-87
2024-03-02 16:06:33.201,0 days 02:02:50.770000,,,0 days 00:01:04.813000,10611,232,5,100,False,0,car,3613.1227777777785,0.671155919823566,OnTrack,3343,256,-84
2024-03-02 16:06:33.299,0 days 02:02:50.868000,,,0 days 00:01:04.911000,10680,233,5,100,False,0,pos,3619.47871834346,0.6723365680879817,OnTrack,3357,290,-83
2024-03-02 16:06:33.361,0 days 02:02:50.930000,,,0 days 00:01:04.973000,10749,234,6,100,False,0,car,3623.522777777778,0.6730877726820116,OnTrack,3369,321,-81
2024-03-02 16:06:33.559,0 days 02:02:51.128000,,,0 days 00:01:05.171000,10873,237,6,100,False,0,pos,3636.619706356939,0.6755205937312914,OnTrack,3420,450,-77
2024-03-02 16:06:33.801,0 days 02:02:51.370000,,,0 days 00:01:05.413000,10998,241,6,100,False,0,car,3652.9783333333335,0.6785592918355793,OnTrack,3472,589,-72
2024-03-02 16:06:33.839,0 days 02:02:51.408000,,,0 days 00:01:05.451000,11066,243,6,100,False,0,pos,3655.5791805371055,0.6790424124225973,OnTrack,3488,625,-71
2024-03-02 16:06:33.999,0 days 02:02:51.568000,,,0 days 00:01:05.611000,11134,245,6,100,False,0,pos,3666.6119681016157,0.6810918087873206,OnTrack,3578,809,-64
2024-03-02 16:06:34.081,0 days 02:02:51.650000,,,0 days 00:01:05.693000,11202,248,6,100,False,0,car,3672.2672222222222,0.6821423009832948,OnTrack,3612,875,-61
2024-03-02 16:06:34.281,0 days 02:02:51.850000,,,0 days 00:01:05.893000,11258,248,6,100,False,0,car,3686.045,0.6847015932316629,OnTrack,3649,934,-60
2024-03-02 16:06:34.439,0 days 02:02:52.008000,,,0 days 00:01:06.051000,11301,250,6,100,False,0,pos,3697.078048775134,0.6867510381175872,OnTrack,3689,985,-58
2024-03-02 16:06:34.521,0 days 02:02:52.090000,,,0 days 00:01:06.133000,11345,252,6,100,False,0,car,3702.845,0.6878222786183827,OnTrack,3720,1028,-55
2024-03-02 16:06:34.619,0 days 02:02:52.188000,,,0 days 00:01:06.231000,11417,253,6,99,False,0,pos,3709.760986644743,0.6891069582884422,OnTrack,3765,1086,-53
2024-03-02 16:06:34.841,0 days 02:02:52.410000,,,0 days 00:01:06.453000,11489,255,6,98,False,0,car,3725.5116666666668,0.6920327271560207,OnTrack,3868,1203,-46
2024-03-02 16:06:34.879,0 days 02:02:52.448000,,,0 days 00:01:06.491000,11535,255,6,97,False,0,pos,3728.2167980768454,0.6925352190644076,OnTrack,3887,1222,-46
2024-03-02 16:06:34.919,0 days 02:02:52.488000,,,0 days 00:01:06.531000,11581,256,6,96,False,0,pos,3731.06706008064,0.6930646697181914,OnTrack,3907,1242,-45
2024-03-02 16:06:35.121,0 days 02:02:52.690000,,,0 days 00:01:06.733000,11628,257,6,95,False,0,car,3745.500555555556,0.6957457648615162,OnTrack,4066,1360,-38
2024-03-02 16:06:35.259,0 days 02:02:52.828000,,,0 days 00:01:06.871000,10955,257,6,89,False,0,pos,3755.394435523257,0.6975836033515854,OnTrack,4174,1429,-34
2024-03-02 16:06:35.441,0 days 02:02:53.010000,,,0 days 00:01:07.053000,10282,258,7,83,False,0,car,3768.4338888888888,0.7000057480878322,OnTrack,4260,1476,-30
2024-03-02 16:06:35.639,0 days 02:02:53.208000,,,0 days 00:01:07.251000,10266,257,7,83,False,0,pos,3782.5276099410407,0.7026237284052107,OnTrack,4344,1508,-28
2024-03-02 16:06:35.799,0 days 02:02:53.368000,,,0 days 00:01:07.411000,10251,256,7,84,False,0,pos,3793.891764149381,0.7047346778082105,OnTrack,4451,1547,-24
2024-03-02 16:06:35.801,0 days 02:02:53.370000,,,0 days 00:01:07.413000,10236,256,7,85,False,0,car,3794.0338888888887,0.7047610782009291,OnTrack,4452,1547,-23
2024-03-02 16:06:36.041,0 days 02:02:53.610000,,,0 days 00:01:07.653000,10236,256,7,86,False,0,car,3811.100555555556,0.7079312982763273,OnTrack,4643,1595,-19
2024-03-02 16:06:36.119,0 days 02:02:53.688000,,,0 days 00:01:07.731000,10281,256,7,88,False,0,pos,3816.647804945405,0.7089617280446243,OnTrack,4699,1605,-18
2024-03-02 16:06:36.201,0 days 02:02:53.770000,,,0 days 00:01:07.813000,10326,256,7,91,False,0,car,3822.478333333334,0.7100447783265926,OnTrack,4750,1611,-16
2024-03-02 16:06:36.379,0 days 02:02:53.948000,,,0 days 00:01:07.991000,10325,256,7,91,False,0,pos,3835.1309761025122,0.7123950710285666,OnTrack,4854,1616,-15
2024-03-02 16:06:36.441,0 days 02:02:54.010000,,,0 days 00:01:08.053000,10324,256,7,92,False,0,car,3839.545,0.7132149984019905,OnTrack,4896,1614,-14
2024-03-02 16:06:36.579,0 days 02:02:54.148000,,,0 days 00:01:08.191000,10342,256,7,94,False,0,pos,3849.391053366119,0.7150439528577354,OnTrack,4996,1608,-13
2024-03-02 16:06:36.641,0 days 02:02:54.210000,,,0 days 00:01:08.253000,10361,257,7,96,False,0,car,3853.822777777778,0.7158671681916301,OnTrack,5039,1602,-12
2024-03-02 16:06:36.841,0 days 02:02:54.410000,,,0 days 00:01:08.453000,10364,258,7,96,False,0,car,3868.1561111111114,0.7185296577080776,OnTrack,5178,1573,-10
2024-03-02 16:06:36.859,0 days 02:02:54.428000,,,0 days 00:01:08.471000,10415,259,7,96,False,0,pos,3869.4504367882296,0.718770085281068,OnTrack,5193,1569,-10
2024-03-02 16:06:37.121,0 days 02:02:54.690000,,,0 days 00:01:08.733000,10467,260,7,96,False,0,car,3888.3783333333336,0.7222860382661664,OnTrack,5413,1486,-7
2024-03-02 16:06:37.139,0 days 02:02:54.708000,,,0 days 00:01:08.751000,10473,261,7,96,False,0,pos,3889.6843320378916,0.7225286341633326,OnTrack,5426,1481,-7
2024-03-02 16:06:37.321,0 days 02:02:54.890000,,,0 days 00:01:08.933000,10480,262,7,96,False,0,car,3902.933888888889,0.7249898066898457,OnTrack,5520,1437,-5
2024-03-02 16:06:37.499,0 days 02:02:55.068000,,,0 days 00:01:09.111000,10514,263,7,88,False,0,pos,3915.9924145510813,0.7274154942021142,OnTrack,5599,1397,-5
2024-03-02 16:06:37.679,0 days 02:02:55.248000,,,0 days 00:01:09.291000,10548,264,7,80,False,0,pos,3929.2715913726065,0.7298821687886977,OnTrack,5718,1337,-5
2024-03-02 16:06:37.761,0 days 02:02:55.330000,,,0 days 00:01:09.373000,10582,265,7,73,False,0,car,3935.322777777778,0.7310062074188725,OnTrack,5811,1291,-4
2024-03-02 16:06:37.879,0 days 02:02:55.448000,,,0 days 00:01:09.491000,10450,265,7,67,False,0,pos,3944.0243184685123,0.7326225628281299,OnTrack,5956,1222,-4
2024-03-02 16:06:37.921,0 days 02:02:55.490000,,,0 days 00:01:09.533000,10319,265,7,62,False,0,car,3947.1005555555553,0.7331939895021549,OnTrack,5996,1202,-3
2024-03-02 16:06:38.242,0 days 02:02:55.811000,,,0 days 00:01:09.854000,9758,255,7,0,True,0,car,3969.838055555555,0.7374175956914729,OnTrack,6137,1135,-4
2024-03-02 16:06:38.359,0 days 02:02:55.928000,,,0 days 00:01:09.971000,9653,246,7,0,True,0,pos,3977.5199061614076,0.738844538484845,OnTrack,6186,1110,-5
2024-03-02 16:06:38.559,0 days 02:02:56.128000,,,0 days 00:01:10.171000,9548,237,7,0,True,0,pos,3989.920938069397,0.74114809319053,OnTrack,6297,1047,-5
2024-03-02 16:06:38.561,0 days 02:02:56.130000,,,0 days 00:01:10.173000,9443,228,7,0,True,0,car,3990.0413888888884,0.741170467542447,OnTrack,6298,1046,-5
2024-03-02 16:06:38.739,0 days 02:02:56.308000,,,0 days 00:01:10.351000,9706,218,7,0,True,0,pos,4000.433730618649,0.7431008978382723,OnTrack,6383,988,-6
2024-03-02 16:06:38.761,0 days 02:02:56.330000,,,0 days 00:01:10.373000,9969,209,7,0,True,0,car,4001.6524999999997,0.7433272904453057,OnTrack,6393,979,-6
2024-03-02 16:06:38.979,0 days 02:02:56.548000,,,0 days 00:01:10.591000,10001,193,7,0,True,0,pos,4012.823342893747,0.7454023312891069,OnTrack,6493,894,-7
2024-03-02 16:06:39.161,0 days 02:02:56.730000,,,0 days 00:01:10.773000,10033,178,4,0,True,0,car,4021.430277777777,0.7470011131889308,OnTrack,6544,839,-8
2024-03-02 16:06:39.339,0 days 02:02:56.908000,,,0 days 00:01:10.951000,9686,172,4,0,True,0,pos,4029.6237549835123,0.7485230932235952,OnTrack,6579,787,-9
2024-03-02 16:06:39.559,0 days 02:02:57.128000,,,0 days 00:01:11.171000,9339,167,4,0,True,0,pos,4039.3445813291296,0.7503287861238103,OnTrack,6621,701,-9
2024-03-02 16:06:39.561,0 days 02:02:57.130000,,,0 days 00:01:11.173000,8992,162,4,0,True,0,car,4039.4302777777775,0.7503447046747023,OnTrack,6621,700,-9
2024-03-02 16:06:39.759,0 days 02:02:57.328000,,,0 days 00:01:11.371000,8866,156,4,0,True,0,pos,4047.7037637808194,0.7518815467501144,OnTrack,6646,619,-11
2024-03-02 16:06:39.801,0 days 02:02:57.370000,,,0 days 00:01:11.413000,8740,150,4,0,True,0,car,4049.4302777777775,0.7522022555001308,OnTrack,6649,601,-11
2024-03-02 16:06:39.919,0 days 02:02:57.488000,,,0 days 00:01:11.531000,8677,148,4,0,True,0,pos,4054.2540483414323,0.7530982953993502,OnTrack,6658,553,-12
2024-03-02 16:06:40.039,0 days 02:02:57.608000,,,0 days 00:01:11.651000,8614,147,4,0,True,0,pos,4059.1061107171618,0.7539995906464569,OnTrack,6664,504,-13
2024-03-02 16:06:40.081,0 days 02:02:57.650000,,,0 days 00:01:11.693000,8551,146,4,1,False,0,car,4060.785833333333,0.7543116076596729,OnTrack,6665,487,-13
2024-03-02 16:06:40.319,0 days 02:02:57.888000,,,0 days 00:01:11.931000,8434,143,4,3,False,0,pos,4070.12905739176,0.7560471590158624,OnTrack,6664,393,-15
2024-03-02 16:06:40.361,0 days 02:02:57.930000,,,0 days 00:01:11.973000,8318,141,4,5,False,0,car,4071.7524999999996,0.7563487217315595,OnTrack,6660,370,-15
2024-03-02 16:06:40.559,0 days 02:02:58.128000,,,0 days 00:01:12.171000,8385,139,4,20,False,0,pos,4079.337321428484,0.7577576408620804,OnTrack,6634,260,-17
2024-03-02 16:06:40.601,0 days 02:02:58.170000,,,0 days 00:01:12.213000,8452,138,4,36,False,0,car,4080.9524999999994,0.7580576684909537,OnTrack,6629,243,-17
2024-03-02 16:06:40.801,0 days 02:02:58.370000,,,0 days 00:01:12.413000,8851,140,4,53,False,0,car,4088.7302777777772,0.7595024302440647,OnTrack,6611,203,-18
2024-03-02 16:06:40.879,0 days 02:02:58.448000,,,0 days 00:01:12.491000,8729,141,4,51,False,0,pos,4091.806312134301,0.7600738192598655,OnTrack,6603,188,-19
2024-03-02 16:06:40.961,0 days 02:02:58.530000,,,0 days 00:01:12.573000,8607,142,4,50,False,0,car,4095.0413888888884,0.7606747512094463,OnTrack,6592,167,-19
2024-03-02 16:06:41.159,0 days 02:02:58.728000,,,0 days 00:01:12.771000,8958,142,4,59,False,0,pos,4102.779560609893,0.7621121559362124,OnTrack,6545,94,-21
2024-03-02 16:06:41.241,0 days 02:02:58.810000,,,0 days 00:01:12.853000,9310,142,4,68,False,0,car,4106.085833333333,0.762726312898864,OnTrack,6504,47,-22
2024-03-02 16:06:41.339,0 days 02:02:58.908000,,,0 days 00:01:12.951000,9426,148,4,73,False,0,pos,4110.176488058475,0.7634861728049872,OnTrack,6456,-7,-25
2024-03-02 16:06:41.481,0 days 02:02:59.050000,,,0 days 00:01:13.093000,9543,154,4,78,False,0,car,4116.3525,0.7646333984129707,OnTrack,6417,-47,-26
2024-03-02 16:06:41.719,0 days 02:02:59.288000,,,0 days 00:01:13.331000,10043,159,4,88,False,0,pos,4127.236500237155,0.76665515677542,OnTrack,6377,-79,-27
2024-03-02 16:06:41.761,0 days 02:02:59.330000,,,0 days 00:01:13.373000,10543,165,4,99,False,0,car,4129.185833333333,0.7670172553056039,OnTrack,6360,-91,-27
2024-03-02 16:06:41.961,0 days 02:02:59.530000,,,0 days 00:01:13.573000,10918,169,4,100,False,0,car,4138.574722222222,0.768761289136145,OnTrack,6257,-167,-30
2024-03-02 16:06:41.999,0 days 02:02:59.568000,,,0 days 00:01:13.611000,11168,175,4,100,False,0,pos,4140.415506340381,0.7691032241419573,OnTrack,6240,-180,-31
2024-03-02 16:06:42.241,0 days 02:02:59.810000,,,0 days 00:01:13.853000,11418,181,4,100,False,0,car,4152.652499999999,0.771376307909276,OnTrack,6162,-229,-32
2024-03-02 16:06:42.419,0 days 02:02:59.988000,,,0 days 00:01:14.031000,11222,187,4,100,False,0,pos,4162.168681904141,0.7731439870643728,OnTrack,6089,-269,-34
2024-03-02 16:06:42.481,0 days 02:03:00.050000,,,0 days 00:01:14.093000,11026,193,4,100,False,0,car,4165.519166666666,0.7737663566379941,OnTrack,6052,-288,-34
2024-03-02 16:06:42.641,0 days 02:03:00.210000,,,0 days 00:01:14.253000,10522,196,5,100,False,0,car,4174.230277777777,0.7753844898014784,OnTrack,5943,-346,-36
2024-03-02 16:06:42.679,0 days 02:03:00.248000,,,0 days 00:01:14.291000,10740,202,5,100,False,0,pos,4176.359882315876,0.7757800746682366,OnTrack,5923,-358,-37
2024-03-02 16:06:42.961,0 days 02:03:00.530000,,,0 days 00:01:14.573000,10958,209,5,100,False,0,car,4192.808055555554,0.7788354064460522,OnTrack,5820,-411,-37
2024-03-02 16:06:42.999,0 days 02:03:00.568000,,,0 days 00:01:14.611000,11055,210,5,100,False,0,pos,4195.041080573568,0.7792502021925937,OnTrack,5801,-422,-38
2024-03-02 16:06:43.121,0 days 02:03:00.690000,,,0 days 00:01:14.733000,11153,212,5,100,False,0,car,4202.230277777777,0.7805856321126783,OnTrack,5719,-464,-38
2024-03-02 16:06:43.279,0 days 02:03:00.848000,,,0 days 00:01:14.891000,11231,214,5,100,False,0,pos,4211.702864527193,0.7823452132462102,OnTrack,5599,-527,-40
2024-03-02 16:06:43.361,0 days 02:03:00.930000,,,0 days 00:01:14.973000,11309,217,5,100,False,0,car,4216.696944444443,0.7832728889734647,OnTrack,5544,-554,-40
2024-03-02 16:06:43.561,0 days 02:03:01.130000,,,0 days 00:01:15.173000,11539,223,5,100,False,0,car,4229.085833333332,0.7855741880516345,OnTrack,5432,-613,-40
2024-03-02 16:06:43.619,0 days 02:03:01.188000,,,0 days 00:01:15.231000,11602,225,5,100,False,0,pos,4232.716820380885,0.7862486623503648,OnTrack,5400,-630,-41
2024-03-02 16:06:43.761,0 days 02:03:01.330000,,,0 days 00:01:15.373000,11666,227,5,100,False,0,car,4241.696944444443,0.787916766037036,OnTrack,5319,-672,-41
2024-03-02 16:06:44.001,0 days 02:03:01.570000,,,0 days 00:01:15.613000,10736,234,5,100,False,0,car,4257.2969444444425,0.7908145453247044,OnTrack,5191,-740,-42
2024-03-02 16:06:44.019,0 days 02:03:01.588000,,,0 days 00:01:15.631000,10814,237,5,100,False,0,pos,4258.483347870638,0.7910349257910665,OnTrack,5183,-745,-42
2024-03-02 16:06:44.281,0 days 02:03:01.850000,,,0 days 00:01:15.893000,10892,240,6,100,False,0,car,4275.9636111111095,0.794281973532171,OnTrack,5080,-799,-41
2024-03-02 16:06:44.339,0 days 02:03:01.908000,,,0 days 00:01:15.951000,10968,241,6,100,False,0,pos,4279.879092103967,0.7950092940271942,OnTrack,5053,-814,-41
2024-03-02 16:06:44.539,0 days 02:03:02.108000,,,0 days 00:01:16.151000,11044,243,6,100,False,0,pos,4293.5069753336775,0.7975407426014135,OnTrack,4934,-878,-41
2024-03-02 16:06:44.561,0 days 02:03:02.130000,,,0 days 00:01:16.173000,11121,245,6,100,False,0,car,4295.019166666665,0.7978216398272931,OnTrack,4919,-885,-40
2024-03-02 16:06:44.879,0 days 02:03:02.448000,,,0 days 00:01:16.491000,11209,248,6,100,False,0,pos,4317.160620654969,0.8019345274405091,OnTrack,4715,-997,-40
2024-03-02 16:06:44.922,0 days 02:03:02.491000,,,0 days 00:01:16.534000,11297,251,6,100,False,0,car,4320.188888888888,0.8024970436562627,OnTrack,4691,-1009,-39
2024-03-02 16:06:45.119,0 days 02:03:02.688000,,,0 days 00:01:16.731000,11389,253,6,100,False,0,pos,4334.156371686528,0.8050915745762539,OnTrack,4580,-1070,-40
2024-03-02 16:06:45.241,0 days 02:03:02.810000,,,0 days 00:01:16.853000,11482,256,6,100,False,0,car,4342.873333333331,0.806710794506479,OnTrack,4483,-1123,-40
2024-03-02 16:06:45.319,0 days 02:03:02.888000,,,0 days 00:01:16.931000,11513,257,6,100,False,0,pos,4348.470479930152,0.8077504929345758,OnTrack,4425,-1156,-41
2024-03-02 16:06:45.401,0 days 02:03:02.970000,,,0 days 00:01:17.013000,11544,259,6,100,False,0,car,4354.384444444443,0.8088490419010835,OnTrack,4376,-1183,-41
2024-03-02 16:06:45.601,0 days 02:03:03.170000,,,0 days 00:01:17.213000,11364,262,6,100,False,0,car,4368.939999999998,0.8115528103247627,OnTrack,4290,-1229,-42
2024-03-02 16:06:45.659,0 days 02:03:03.228000,,,0 days 00:01:17.271000,10850,262,6,100,False,0,pos,4373.15799524306,0.8123363243793031,OnTrack,4260,-1247,-43
2024-03-02 16:06:45.761,0 days 02:03:03.330000,,,0 days 00:01:17.373000,10336,262,6,100,False,0,car,4380.584444444443,0.8137158250637062,OnTrack,4195,-1282,-43
2024-03-02 16:06:45.819,0 days 02:03:03.388000,,,0 days 00:01:17.431000,10508,263,6,100,False,0,pos,4384.833021300185,0.814505019808234,OnTrack,4158,-1304,-44
2024-03-02 16:06:45.961,0 days 02:03:03.530000,,,0 days 00:01:17.573000,10681,265,7,100,False,0,car,4395.306666666665,0.8164505526678092,OnTrack,4072,-1351,-45
2024-03-02 16:06:46.099,0 days 02:03:03.668000,,,0 days 00:01:17.711000,10689,266,7,100,False,0,pos,4405.560992412845,0.818355345793212,OnTrack,3977,-1404,-47
2024-03-02 16:06:46.161,0 days 02:03:03.730000,,,0 days 00:01:17.773000,10697,268,7,100,False,0,car,4410.195555555553,0.819216239452336,OnTrack,3923,-1433,-47
2024-03-02 16:06:46.339,0 days 02:03:03.908000,,,0 days 00:01:17.951000,10769,270,7,100,False,0,pos,4423.603685591783,0.8217068677539612,OnTrack,3768,-1520,-51
2024-03-02 16:06:46.481,0 days 02:03:04.050000,,,0 days 00:01:18.093000,10842,272,7,100,False,0,car,4434.373333333331,0.8237073845591499,OnTrack,3703,-1556,-52
2024-03-02 16:06:46.639,0 days 02:03:04.208000,,,0 days 00:01:18.251000,10903,273,7,100,False,0,pos,4446.398727378582,0.8259411626226358,OnTrack,3622,-1602,-55
2024-03-02 16:06:46.641,0 days 02:03:04.210000,,,0 days 00:01:18.253000,10965,274,7,100,False,0,car,4446.551111111109,0.8259694686754495,OnTrack,3620,-1602,-55
2024-03-02 16:06:46.801,0 days 02:03:04.370000,,,0 days 00:01:18.413000,10984,275,7,100,False,0,car,4458.773333333331,0.8282398085731953,OnTrack,3444,-1701,-60
2024-03-02 16:06:46.859,0 days 02:03:04.428000,,,0 days 00:01:18.471000,10999,277,7,100,False,0,pos,4463.241853277784,0.8290698588643217,OnTrack,3382,-1736,-62
2024-03-02 16:06:47.081,0 days 02:03:04.650000,,,0 days 00:01:18.693000,11014,279,7,100,False,0,car,4480.473333333331,0.8322706938643752,OnTrack,3213,-1829,-67
2024-03-02 16:06:47.281,0 days 02:03:04.850000,,,0 days 00:01:18.893000,11139,279,7,100,False,0,car,4495.973333333331,0.8351498976437894,OnTrack,3126,-1877,-71
2024-03-02 16:06:47.379,0 days 02:03:04.948000,,,0 days 00:01:18.991000,11148,281,7,100,False,0,pos,4503.661226342167,0.8365779628442265,OnTrack,3083,-1902,-73
2024-03-02 16:06:47.481,0 days 02:03:05.050000,,,0 days 00:01:19.093000,11158,283,7,100,False,0,car,4511.695555555553,0.8380703803304355,OnTrack,3036,-1927,-75
2024-03-02 16:06:47.599,0 days 02:03:05.168000,,,0 days 00:01:19.211000,11211,283,7,100,False,0,pos,4520.968488521538,0.8397928747589462,OnTrack,2973,-1963,-78
2024-03-02 16:06:47.641,0 days 02:03:05.210000,,,0 days 00:01:19.253000,11264,283,7,100,False,0,car,4524.273333333331,0.8404067664797521,OnTrack,2945,-1978,-79
2024-03-02 16:06:47.819,0 days 02:03:05.388000,,,0 days 00:01:19.431000,11302,284,7,100,False,0,pos,4538.337067851046,0.8430191766459512,OnTrack,2813,-2053,-85
2024-03-02 16:06:47.961,0 days 02:03:05.530000,,,0 days 00:01:19.573000,11341,285,7,100,False,0,car,4549.606666666664,0.845112561904171,OnTrack,2717,-2106,-88
2024-03-02 16:06:48.099,0 days 02:03:05.668000,,,0 days 00:01:19.711000,11356,286,7,100,False,0,pos,4560.5899816279,0.8471527684813893,OnTrack,2618,-2161,-92
2024-03-02 16:06:48.241,0 days 02:03:05.810000,,,0 days 00:01:19.853000,11372,287,7,100,False,0,car,4571.928888888886,0.8492590281355996,OnTrack,2492,-2230,-95
2024-03-02 16:06:48.359,0 days 02:03:05.928000,,,0 days 00:01:19.971000,11412,288,7,100,False,0,pos,4581.384256821322,0.8510154107863622,OnTrack,2395,-2285,-98
2024-03-02 16:06:48.481,0 days 02:03:06.050000,,,0 days 00:01:20.093000,11452,289,7,100,False,0,car,4591.195555555553,0.8528379093925921,OnTrack,2322,-2325,-99
2024-03-02 16:06:48.639,0 days 02:03:06.208000,,,0 days 00:01:20.251000,11469,290,7,100,False,0,pos,4603.961268273299,0.855209205412195,OnTrack,2241,-2371,-102
2024-03-02 16:06:48.761,0 days 02:03:06.330000,,,0 days 00:01:20.373000,11486,291,7,100,False,0,car,4613.8288888888865,0.8570421660941452,OnTrack,2157,-2417,-103
2024-03-02 16:06:48.859,0 days 02:03:06.428000,,,0 days 00:01:20.471000,11500,291,7,100,False,0,pos,4621.744128560193,0.858512462092635,OnTrack,2086,-2458,-105
2024-03-02 16:06:48.961,0 days 02:03:06.530000,,,0 days 00:01:20.573000,11515,291,7,100,False,0,car,4629.9955555555525,0.8600452065952545,OnTrack,2013,-2498,-106
2024-03-02 16:06:49.139,0 days 02:03:06.708000,,,0 days 00:01:20.751000,11541,292,7,100,False,0,pos,4644.479626629967,0.8627356964132389,OnTrack,1888,-2569,-108
2024-03-02 16:06:49.201,0 days 02:03:06.770000,,,0 days 00:01:20.813000,11567,293,7,100,False,0,car,4649.528888888886,0.863673622540925,OnTrack,1843,-2594,-108
2024-03-02 16:06:49.361,0 days 02:03:06.930000,,,0 days 00:01:20.973000,11529,293,7,100,False,0,car,4662.551111111108,0.8660925665047051,OnTrack,1730,-2658,-109
2024-03-02 16:06:49.379,0 days 02:03:06.948000,,,0 days 00:01:20.991000,11534,293,7,100,False,0,pos,4664.018365140646,0.8663651163980732,OnTrack,1718,-2665,-110
2024-03-02 16:06:49.599,0 days 02:03:07.168000,,,0 days 00:01:21.211000,11539,293,7,100,False,0,pos,4681.987764085205,0.869703023582265,OnTrack,1562,-2754,-110
2024-03-02 16:06:49.601,0 days 02:03:07.170000,,,0 days 00:01:21.213000,11544,294,7,100,False,0,car,4682.151111111108,0.8697333661225449,OnTrack,1560,-2755,-109
2024-03-02 16:06:49.819,0 days 02:03:07.388000,,,0 days 00:01:21.431000,11554,294,7,100,False,0,pos,4699.952511026731,0.8730400666332497,OnTrack,1321,-2892,-110
2024-03-02 16:06:49.841,0 days 02:03:07.410000,,,0 days 00:01:21.453000,11565,294,7,100,False,0,car,4701.751111111108,0.8733741657403848,OnTrack,1304,-2901,-109
2024-03-02 16:06:50.079,0 days 02:03:07.648000,,,0 days 00:01:21.691000,11578,294,7,94,False,0,pos,4721.247186659032,0.8769956608630513,OnTrack,1221,-2949,-109
2024-03-02 16:06:50.161,0 days 02:03:07.730000,,,0 days 00:01:21.773000,11592,295,7,89,False,0,car,4727.97333333333,0.8782450767937307,OnTrack,1180,-2971,-108
2024-03-02 16:06:50.379,0 days 02:03:07.948000,,,0 days 00:01:21.991000,11549,293,7,44,False,0,pos,4745.711078616915,0.8815399531330073,OnTrack,1013,-3068,-108
2024-03-02 16:06:50.401,0 days 02:03:07.970000,,,0 days 00:01:22.013000,11507,292,7,0,False,0,car,4747.439999999997,0.8818611090672316,OnTrack,991,-3080,-107
2024-03-02 16:06:50.619,0 days 02:03:08.188000,,,0 days 00:01:22.231000,10706,275,7,0,False,0,pos,4763.7325107161105,0.8848875257401336,OnTrack,762,-3210,-107
2024-03-02 16:06:50.801,0 days 02:03:08.370000,,,0 days 00:01:22.413000,9905,258,7,0,True,0,car,4776.106666666663,0.8871860881001266,OnTrack,673,-3260,-107
2024-03-02 16:06:50.999,0 days 02:03:08.568000,,,0 days 00:01:22.611000,10393,234,7,0,True,0,pos,4788.246951411134,0.8894412076949297,OnTrack,618,-3291,-108
2024-03-02 16:06:51.201,0 days 02:03:08.770000,,,0 days 00:01:22.813000,10881,211,7,0,True,0,car,4799.551111111107,0.8915410128130755,OnTrack,511,-3349,-107
2024-03-02 16:06:51.218,0 days 02:03:08.787000,,,0 days 00:01:22.830000,10539,201,7,0,True,0,pos,4800.468506496871,0.8917114236686824,OnTrack,501,-3355,-108
2024-03-02 16:06:51.459,0 days 02:03:09.028000,,,0 days 00:01:23.071000,10197,192,7,0,True,0,pos,4812.864528782341,0.894014047811523,OnTrack,359,-3424,-109
2024-03-02 16:06:51.522,0 days 02:03:09.091000,,,0 days 00:01:23.134000,9855,183,7,0,True,0,car,4815.868611111107,0.8945720713724685,OnTrack,328,-3437,-109
2024-03-02 16:06:51.801,0 days 02:03:09.370000,,,0 days 00:01:23.413000,9251,158,5,0,True,0,car,4828.113611111107,0.8968466423582058,OnTrack,228,-3469,-109
2024-03-02 16:06:51.839,0 days 02:03:09.408000,,,0 days 00:01:23.451000,8971,155,5,0,True,0,pos,4829.73295891511,0.8971474444432042,OnTrack,217,-3473,-110
2024-03-02 16:06:51.961,0 days 02:03:09.530000,,,0 days 00:01:23.573000,8691,152,4,0,True,0,car,4834.869166666663,0.8981015211380508,OnTrack,179,-3481,-110
2024-03-02 16:06:52.019,0 days 02:03:09.588000,,,0 days 00:01:23.631000,8485,147,4,0,True,0,pos,4837.241707634211,0.898542232681314,OnTrack,153,-3486,-111
2024-03-02 16:06:52.201,0 days 02:03:09.770000,,,0 days 00:01:23.813000,8280,143,4,0,True,0,car,4844.4024999999965,0.8998723862582927,OnTrack,32,-3499,-112
2024-03-02 16:06:52.219,0 days 02:03:09.788000,,,0 days 00:01:23.831000,8000,139,4,0,True,0,pos,4845.0909823705115,0.900000275357857,OnTrack,23,-3500,-113
2024-03-02 16:06:52.579,0 days 02:03:10.148000,,,0 days 00:01:24.191000,7720,135,4,0,True,0,pos,4858.225193659981,0.9024400218600678,OnTrack,-55,-3496,-114
2024-03-02 16:06:52.641,0 days 02:03:10.210000,,,0 days 00:01:24.253000,7441,131,4,0,True,0,car,4860.4136111111075,0.9028465315243398,OnTrack,-70,-3492,-114
2024-03-02 16:06:52.841,0 days 02:03:10.410000,,,0 days 00:01:24.453000,7272,125,4,0,False,0,car,4867.358055555552,0.9041364973753319,OnTrack,-138,-3474,-117
2024-03-02 16:06:52.879,0 days 02:03:10.448000,,,0 days 00:01:24.491000,7401,123,4,9,False,0,pos,4868.649368897963,0.9043763653918402,OnTrack,-151,-3470,-118
2024-03-02 16:06:53.039,0 days 02:03:10.608000,,,0 days 00:01:24.651000,7530,122,4,18,False,0,pos,4874.010436667288,0.9053722109778488,OnTrack,-197,-3445,-119
2024-03-02 16:06:53.081,0 days 02:03:10.650000,,,0 days 00:01:24.693000,7659,121,4,28,False,0,car,4875.424722222218,0.9056349217078442,OnTrack,-208,-3437,-119
2024-03-02 16:06:53.219,0 days 02:03:10.788000,,,0 days 00:01:24.831000,7733,122,4,39,False,0,pos,4880.119991159835,0.9065070917769121,OnTrack,-244,-3408,-119
2024-03-02 16:06:53.481,0 days 02:03:11.050000,,,0 days 00:01:25.093000,7807,124,4,50,False,0,car,4889.202499999997,0.9081942139562125,OnTrack,-308,-3342,-120
2024-03-02 16:06:53.499,0 days 02:03:11.068000,,,0 days 00:01:25.111000,7857,125,4,51,False,0,pos,4889.832056140624,0.9083111572090801,OnTrack,-312,-3338,-121
2024-03-02 16:06:53.659,0 days 02:03:11.228000,,,0 days 00:01:25.271000,7907,126,4,53,False,0,pos,4895.471597622687,0.9093587307025844,OnTrack,-347,-3293,-122
2024-03-02 16:06:53.681,0 days 02:03:11.250000,,,0 days 00:01:25.293000,7957,127,4,55,False,0,car,4896.258055555552,0.9095048192608204,OnTrack,-353,-3283,-122
2024-03-02 16:06:53.839,0 days 02:03:11.408000,,,0 days 00:01:25.451000,8116,129,4,58,False,0,pos,4901.993452997234,0.9105701984860161,OnTrack,-408,-3203,-124
2024-03-02 16:06:53.881,0 days 02:03:11.450000,,,0 days 00:01:25.493000,8275,131,4,62,False,0,car,4903.53583333333,0.9108567034726599,OnTrack,-417,-3187,-124
2024-03-02 16:06:54.041,0 days 02:03:11.610000,,,0 days 00:01:25.653000,8497,134,4,72,False,0,car,4909.491388888886,0.9119629781864708,OnTrack,-434,-3158,-125
2024-03-02 16:06:54.159,0 days 02:03:11.728000,,,0 days 00:01:25.771000,8802,137,4,82,False,0,pos,4914.060429876722,0.9128117007723079,OnTrack,-445,-3136,-126
2024-03-02 16:06:54.241,0 days 02:03:11.810000,,,0 days 00:01:25.853000,9107,141,4,92,False,0,car,4917.324722222219,0.9134180596663897,OnTrack,-457,-3111,-126
2024-03-02 16:06:54.339,0 days 02:03:11.908000,,,0 days 00:01:25.951000,9465,145,4,96,False,0,pos,4921.3141035679955,0.9141591075275692,OnTrack,-476,-3071,-128
2024-03-02 16:06:54.441,0 days 02:03:12.010000,,,0 days 00:01:26.053000,9823,149,4,100,False,0,car,4925.602499999997,0.9149556989607723,OnTrack,-497,-3012,-129
2024-03-02 16:06:54.639,0 days 02:03:12.208000,,,0 days 00:01:26.251000,10134,155,4,100,False,0,pos,4934.414816927706,0.9165926316190727,OnTrack,-536,-2888,-132
2024-03-02 16:06:54.721,0 days 02:03:12.290000,,,0 days 00:01:26.333000,10446,162,4,100,False,0,car,4938.202499999998,0.9172962130008123,OnTrack,-544,-2855,-132
2024-03-02 16:06:54.881,0 days 02:03:12.450000,,,0 days 00:01:26.493000,10725,171,4,100,False,0,car,4945.802499999997,0.9187079516281379,OnTrack,-551,-2821,-132
2024-03-02 16:06:54.999,0 days 02:03:12.568000,,,0 days 00:01:26.611000,10973,176,4,100,False,0,pos,4951.681791589614,0.9198000599226606,OnTrack,-556,-2784,-134
2024-03-02 16:06:55.159,0 days 02:03:12.728000,,,0 days 00:01:26.771000,11222,181,4,100,False,0,pos,4960.011050357391,0.9213472620725898,OnTrack,-566,-2705,-137
2024-03-02 16:06:55.281,0 days 02:03:12.850000,,,0 days 00:01:26.893000,11471,186,4,100,False,0,car,4966.469166666664,0.9225468900006901,OnTrack,-571,-2640,-138
2024-03-02 16:06:55.399,0 days 02:03:12.968000,,,0 days 00:01:27.011000,10856,190,4,100,False,0,pos,4972.77460010856,0.923718156310158,OnTrack,-575,-2580,-139
2024-03-02 16:06:55.521,0 days 02:03:13.090000,,,0 days 00:01:27.133000,10242,194,4,100,False,0,car,4979.402499999997,0.9249493224015777,OnTrack,-577,-2522,-140
2024-03-02 16:06:55.739,0 days 02:03:13.308000,,,0 days 00:01:27.351000,10441,198,4,100,False,0,pos,4991.6457992700125,0.9272235774680762,OnTrack,-576,-2393,-143
2024-03-02 16:06:55.899,0 days 02:03:13.468000,,,0 days 00:01:27.511000,10640,202,4,100,False,0,pos,5000.9268363735055,0.9289475772813189,OnTrack,-571,-2245,-145
2024-03-02 16:06:55.961,0 days 02:03:13.530000,,,0 days 00:01:27.573000,10839,206,5,100,False,0,car,5004.580277777775,0.9296262225909344,OnTrack,-569,-2200,-145
2024-03-02 16:06:56.359,0 days 02:03:13.928000,,,0 days 00:01:27.971000,11108,212,5,100,False,0,pos,5028.679801118291,0.9341028315382953,OnTrack,-560,-2032,-149
2024-03-02 16:06:56.361,0 days 02:03:13.930000,,,0 days 00:01:27.973000,11378,218,5,100,False,0,car,5028.802499999998,0.9341256234791947,OnTrack,-559,-2030,-149
2024-03-02 16:06:56.579,0 days 02:03:14.148000,,,0 days 00:01:28.191000,11544,220,5,100,False,0,pos,5042.284019835345,0.9366298843090127,OnTrack,-548,-1847,-151
2024-03-02 16:06:56.601,0 days 02:03:14.170000,,,0 days 00:01:28.213000,11711,223,5,100,False,0,car,5043.669166666665,0.9368871823729984,OnTrack,-547,-1831,-151
2024-03-02 16:06:56.899,0 days 02:03:14.468000,,,0 days 00:01:28.511000,11161,228,5,100,False,0,pos,5062.919833169129,0.9404630915181685,OnTrack,-539,-1693,-153
2024-03-02 16:06:56.961,0 days 02:03:14.530000,,,0 days 00:01:28.573000,10612,233,5,100,False,0,car,5066.969166666665,0.9412152757962469,OnTrack,-536,-1655,-153
2024-03-02 16:06:57.079,0 days 02:03:14.648000,,,0 days 00:01:28.691000,10736,234,5,100,False,0,pos,5074.688234970298,0.9426491319661422,OnTrack,-532,-1576,-154
2024-03-02 16:06:57.121,0 days 02:03:14.690000,,,0 days 00:01:28.733000,10860,236,5,100,False,0,car,5077.458055555555,0.9431636402175854,OnTrack,-530,-1548,-154
2024-03-02 16:06:57.239,0 days 02:03:14.808000,,,0 days 00:01:28.851000,10953,239,5,100,False,0,pos,5085.332502503298,0.9446263587603427,OnTrack,-526,-1470,-155
2024-03-02 16:06:57.459,0 days 02:03:15.028000,,,0 days 00:01:29.071000,11046,242,5,100,False,0,pos,5100.342008098224,0.9474144507110555,OnTrack,-518,-1322,-156
2024-03-02 16:06:57.601,0 days 02:03:15.170000,,,0 days 00:01:29.213000,11140,245,6,100,False,0,car,5110.124722222221,0.9492316395806517,OnTrack,-513,-1230,-156
2024-03-02 16:06:57.779,0 days 02:03:15.348000,,,0 days 00:01:29.391000,11234,247,6,100,False,0,pos,5122.458878493334,0.9515227717968889,OnTrack,-506,-1103,-157
2024-03-02 16:06:57.842,0 days 02:03:15.411000,,,0 days 00:01:29.454000,11329,250,6,100,False,0,car,5126.860833333332,0.9523404572815426,OnTrack,-502,-1048,-157
2024-03-02 16:06:57.999,0 days 02:03:15.568000,,,0 days 00:01:29.611000,11381,252,6,100,False,0,pos,5137.936230392093,0.9543977685763878,OnTrack,-495,-907,-158
2024-03-02 16:06:58.162,0 days 02:03:15.731000,,,0 days 00:01:29.774000,11433,255,6,100,False,0,car,5149.527499999999,0.9565509058191806,OnTrack,-488,-793,-158
2024-03-02 16:06:58.322,0 days 02:03:15.891000,,,0 days 00:01:29.934000,11563,257,6,100,False,0,car,5160.949722222221,0.9586726416508922,OnTrack,-484,-700,-158
2024-03-02 16:06:58.379,0 days 02:03:15.948000,,,0 days 00:01:29.991000,11594,258,6,100,False,0,pos,5165.057382496558,0.9594356604242095,OnTrack,-482,-664,-158
2024-03-02 16:06:58.479,0 days 02:03:16.048000,,,0 days 00:01:30.091000,11625,259,6,100,False,0,pos,5172.316416519571,0.9607840628883356,OnTrack,-478,-592,-158
2024-03-02 16:06:58.561,0 days 02:03:16.130000,,,0 days 00:01:30.173000,11657,261,6,100,False,0,car,5178.277222222221,0.9618913128436535,OnTrack,-473,-512,-158
2024-03-02 16:06:58.739,0 days 02:03:16.308000,,,0 days 00:01:30.351000,11449,261,6,100,False,0,pos,5191.223338943673,0.9642961198238561,OnTrack,-463,-315,-159
2024-03-02 16:06:58.761,0 days 02:03:16.330000,,,0 days 00:01:30.373000,11241,262,6,100,False,0,car,5192.832777777777,0.9645950812673327,OnTrack,-461,-295,-159
2024-03-02 16:06:59.161,0 days 02:03:16.730000,,,0 days 00:01:30.773000,10737,267,7,100,False,0,car,5222.499444444443,0.9701058153827705,OnTrack,-450,-89,-159
2024-03-02 16:06:59.239,0 days 02:03:16.808000,,,0 days 00:01:30.851000,10763,268,7,100,False,0,pos,5228.314126997086,0.9711859222202969,OnTrack,-448,-49,-159
2024-03-02 16:06:59.361,0 days 02:03:16.930000,,,0 days 00:01:30.973000,10790,269,7,100,False,0,car,5237.443888888887,0.9728818218941053,OnTrack,-444,24,-158
2024-03-02 16:06:59.459,0 days 02:03:17.028000,,,0 days 00:01:31.071000,10830,270,7,100,False,0,pos,5244.846011474341,0.9742568037859587,OnTrack,-441,92,-159
2024-03-02 16:06:59.559,0 days 02:03:17.128000,,,0 days 00:01:31.171000,10870,271,7,100,False,0,pos,5252.447188470453,0.975668761046294,OnTrack,-437,167,-159
2024-03-02 16:06:59.601,0 days 02:03:17.170000,,,0 days 00:01:31.213000,10911,273,7,100,False,0,car,5255.643888888887,0.9762625643963851,OnTrack,-435,198,-158
2024-03-02 16:06:59.719,0 days 02:03:17.288000,,,0 days 00:01:31.331000,10951,274,7,100,False,0,pos,5264.636799898988,0.9779330433233673,OnTrack,-430,288,-159
2024-03-02 16:06:59.881,0 days 02:03:17.450000,,,0 days 00:01:31.493000,10991,275,7,100,False,0,car,5277.032777777776,0.9802356592174406,OnTrack,-424,413,-159
2024-03-02 16:06:59.939,0 days 02:03:17.508000,,,0 days 00:01:31.551000,11023,276,7,100,False,0,pos,5281.492722286202,0.9810641165777398,OnTrack,-422,456,-159
2024-03-02 16:07:00.201,0 days 02:03:17.770000,,,0 days 00:01:31.813000,11056,278,7,100,False,0,car,5301.743888888887,0.9848258737016107,OnTrack,-412,647,-158
2024-03-02 16:07:00.239,0 days 02:03:17.808000,,,0 days 00:01:31.851000,11090,278,7,100,False,0,pos,5304.68520727619,0.9853722385414287,OnTrack,-410,687,-159
2024-03-02 16:07:00.361,0 days 02:03:17.930000,,,0 days 00:01:31.973000,11124,279,7,100,False,0,car,5314.143888888887,0.987129236725142,OnTrack,-401,842,-159
2024-03-02 16:07:00.459,0 days 02:03:18.028000,,,0 days 00:01:32.071000,11132,280,7,100,False,0,pos,5321.784361432732,0.9885484933331904,OnTrack,-396,958,-159
2024-03-02 16:07:00.521,0 days 02:03:18.090000,,,0 days 00:01:32.133000,11140,281,7,100,False,0,car,5326.632777777776,0.989449111311566,OnTrack,-393,1011,-158
2024-03-02 16:07:00.819,0 days 02:03:18.388000,,,0 days 00:01:32.431000,11187,282,7,100,False,0,pos,5350.043646500318,0.9937977991635216,OnTrack,-386,1151,-159
2024-03-02 16:07:00.881,0 days 02:03:18.450000,,,0 days 00:01:32.493000,11234,283,7,100,False,0,car,5354.932777777776,0.9947059801475288,OnTrack,-383,1196,-159
2024-03-02 16:07:00.979,0 days 02:03:18.548000,,,0 days 00:01:32.591000,11264,283,7,100,False,0,pos,5362.672287221631,0.9961436333631133,OnTrack,-380,1277,-159
2024-03-02 16:07:00.996,0 days 02:03:18.565000,,,0 days 00:01:32.608000,11279,283,7,100,False,0,interpolation,5364.016281210125,0.9963932870773831,OnTrack,-379,1291,-159
