Time,AirTemp,Humidity,Pressure,Rainfall,TrackTemp,WindDirection,WindSpeed,Race,Year
0 days 00:00:45.438000,29.8,19.0,1016.5,False,35.1,176,1.2,Bahrain,2023
0 days 00:01:45.453000,29.7,19.0,1016.5,False,35.0,182,1.2,Bahrain,2023
0 days 00:02:45.452000,29.7,19.0,1016.5,False,34.9,156,1.1,Bahrain,2023
0 days 00:03:45.466000,29.6,19.0,1016.5,False,34.9,201,0.8,Bahrain,2023
0 days 00:04:45.449000,29.6,19.0,1016.5,False,34.8,219,0.8,Bahrain,2023
0 days 00:05:45.449000,29.6,19.0,1016.5,False,34.7,219,0.8,Bahrain,2023
0 days 00:06:45.447000,29.6,19.0,1016.5,False,34.7,196,0.6,Bahrain,2023
0 days 00:07:45.446000,29.6,18.0,1016.5,False,34.6,200,0.6,Bahrain,2023
0 days 00:08:45.461000,29.5,18.0,1016.5,False,34.5,180,0.8,Bahrain,2023
0 days 00:09:45.460000,29.5,18.0,1016.5,False,34.4,184,1.2,Bahrain,2023
0 days 00:10:45.474000,29.5,18.0,1016.5,False,34.2,199,1.0,Bahrain,2023
0 days 00:11:45.474000,29.5,18.0,1016.5,False,34.1,191,1.2,Bahrain,2023
0 days 00:12:45.472000,29.4,18.0,1016.5,False,34.2,173,1.0,Bahrain,2023
0 days 00:13:45.455000,29.4,18.0,1016.5,False,34.1,165,1.0,Bahrain,2023
0 days 00:14:45.485000,29.4,18.0,1016.5,False,34.0,170,1.1,Bahrain,2023
0 days 00:15:45.500000,29.4,18.0,1016.5,False,34.0,169,1.0,Bahrain,2023
0 days 00:16:45.499000,29.3,18.0,1016.5,False,33.8,180,1.1,Bahrain,2023
0 days 00:17:45.498000,29.3,18.0,1016.5,False,33.8,185,1.2,Bahrain,2023
0 days 00:18:45.497000,29.2,19.0,1016.5,False,33.8,172,1.5,Bahrain,2023
0 days 00:19:45.511000,29.1,21.0,1016.5,False,33.6,172,0.8,Bahrain,2023
0 days 00:20:45.526000,29.1,21.0,1016.5,False,33.6,181,1.0,Bahrain,2023
0 days 00:21:45.509000,29.1,22.0,1016.5,False,33.5,185,1.6,Bahrain,2023
0 days 00:22:45.524000,29.0,24.0,1016.5,False,33.3,180,1.7,Bahrain,2023
0 days 00:23:45.522000,29.0,25.0,1016.5,False,33.2,186,2.2,Bahrain,2023
0 days 00:24:45.523000,28.9,25.0,1016.5,False,33.2,187,2.0,Bahrain,2023
0 days 00:25:45.520000,28.9,25.0,1016.5,False,32.9,185,2.0,Bahrain,2023
0 days 00:26:45.519000,28.8,25.0,1016.5,False,33.1,187,1.7,Bahrain,2023
0 days 00:27:45.534000,28.8,26.0,1016.5,False,33.1,185,1.7,Bahrain,2023
0 days 00:28:45.548000,28.6,26.0,1016.5,False,32.7,180,1.6,Bahrain,2023
0 days 00:29:45.563000,28.6,26.0,1016.7,False,32.7,161,1.2,Bahrain,2023
0 days 00:30:45.577000,28.6,27.0,1016.5,False,32.7,182,1.5,Bahrain,2023
0 days 00:31:45.577000,28.5,27.0,1016.7,False,32.7,162,2.0,Bahrain,2023
0 days 00:32:45.575000,28.4,27.0,1016.5,False,32.7,181,1.3,Bahrain,2023
0 days 00:33:45.591000,28.4,28.0,1016.5,False,32.3,173,1.7,Bahrain,2023
0 days 00:34:45.573000,28.4,28.0,1016.7,False,32.2,184,1.2,Bahrain,2023
0 days 00:35:45.588000,28.4,28.0,1016.7,False,32.2,175,1.1,Bahrain,2023
0 days 00:36:45.586000,28.3,28.0,1016.5,False,32.2,180,0.8,Bahrain,2023
0 days 00:37:45.585000,28.3,28.0,1016.7,False,32.1,194,0.6,Bahrain,2023
0 days 00:38:45.600000,28.2,26.0,1016.7,False,32.2,162,0.8,Bahrain,2023
0 days 00:39:45.614000,28.2,25.0,1016.5,False,32.2,164,0.8,Bahrain,2023
0 days 00:40:45.629000,28.1,24.0,1016.7,False,32.2,172,1.1,Bahrain,2023
0 days 00:41:45.628000,28.0,23.0,1016.7,False,32.2,167,0.8,Bahrain,2023
0 days 00:42:45.627000,28.0,23.0,1016.7,False,32.2,165,0.8,Bahrain,2023
0 days 00:43:45.626000,28.0,22.0,1016.7,False,32.1,176,0.6,Bahrain,2023
0 days 00:44:45.640000,28.0,22.0,1016.7,False,32.1,179,0.8,Bahrain,2023
0 days 00:45:45.639000,28.0,21.0,1016.7,False,32.1,261,0.6,Bahrain,2023
0 days 00:46:45.654000,28.0,22.0,1016.5,False,32.0,202,0.8,Bahrain,2023
0 days 00:47:45.668000,27.9,21.0,1016.7,False,31.9,133,0.8,Bahrain,2023
0 days 00:48:45.667000,27.8,21.0,1016.7,False,32.0,207,1.0,Bahrain,2023
0 days 00:49:45.682000,27.7,22.0,1016.7,False,31.7,199,0.6,Bahrain,2023
0 days 00:50:45.696000,27.6,22.0,1016.7,False,31.7,177,0.8,Bahrain,2023
0 days 00:51:45.695000,27.6,22.0,1016.7,False,31.6,231,0.6,Bahrain,2023
0 days 00:52:45.710000,27.6,22.0,1016.7,False,31.6,217,0.5,Bahrain,2023
0 days 00:53:45.708000,27.6,22.0,1016.7,False,31.6,217,0.4,Bahrain,2023
0 days 00:54:45.707000,27.5,22.0,1016.7,False,31.6,0,0.5,Bahrain,2023
0 days 00:55:45.706000,27.5,22.0,1016.7,False,31.6,168,0.3,Bahrain,2023
0 days 00:56:45.705000,27.5,22.0,1016.7,False,31.4,178,0.6,Bahrain,2023
0 days 00:57:45.704000,27.5,22.0,1016.7,False,31.4,203,0.4,Bahrain,2023
0 days 00:58:45.734000,27.4,22.0,1016.7,False,31.4,196,0.6,Bahrain,2023
0 days 00:59:45.702000,27.4,22.0,1016.7,False,31.3,174,0.5,Bahrain,2023
0 days 01:00:45.701000,27.4,22.0,1016.7,False,31.3,205,0.3,Bahrain,2023
0 days 01:01:45.700000,27.3,22.0,1016.7,False,31.3,0,0.6,Bahrain,2023
0 days 01:02:45.730000,27.3,22.0,1016.7,False,31.2,226,0.5,Bahrain,2023
0 days 01:03:45.760000,27.3,22.0,1016.7,False,31.2,190,0.6,Bahrain,2023
0 days 01:04:45.759000,27.3,22.0,1016.7,False,31.1,208,0.0,Bahrain,2023
0 days 01:05:45.758000,27.3,22.0,1016.9,False,31.1,197,0.6,Bahrain,2023
0 days 01:06:45.757000,27.3,22.0,1016.7,False,31.2,170,0.6,Bahrain,2023
0 days 01:07:45.756000,27.3,22.0,1016.7,False,31.2,204,0.4,Bahrain,2023
0 days 01:08:45.755000,27.2,22.0,1016.9,False,31.1,236,0.8,Bahrain,2023
0 days 01:09:45.754000,27.2,22.0,1016.7,False,31.0,206,1.0,Bahrain,2023
0 days 01:10:45.752000,27.2,22.0,1016.9,False,31.0,225,0.6,Bahrain,2023
0 days 01:11:45.751000,27.1,22.0,1016.9,False,31.0,175,0.6,Bahrain,2023
0 days 01:12:45.782000,27.1,22.0,1016.9,False,30.9,210,0.6,Bahrain,2023
0 days 01:13:45.765000,27.1,21.0,1016.9,False,30.9,197,0.6,Bahrain,2023
0 days 01:14:45.764000,27.1,21.0,1016.9,False,30.9,173,1.0,Bahrain,2023
0 days 01:15:45.794000,27.1,21.0,1016.9,False,30.9,201,0.6,Bahrain,2023
0 days 01:16:45.809000,27.2,21.0,1016.9,False,30.8,193,0.6,Bahrain,2023
0 days 01:17:45.807000,27.1,21.0,1016.9,False,30.8,180,0.8,Bahrain,2023
0 days 01:18:45.822000,27.1,21.0,1016.9,False,30.8,195,0.8,Bahrain,2023
0 days 01:19:45.836000,27.2,21.0,1016.9,False,30.6,155,0.6,Bahrain,2023
0 days 01:20:45.867000,27.1,21.0,1016.9,False,30.6,179,0.8,Bahrain,2023
0 days 01:21:45.834000,27.1,21.0,1016.9,False,30.6,178,1.2,Bahrain,2023
0 days 01:22:45.833000,27.1,21.0,1017.0,False,30.5,161,1.0,Bahrain,2023
0 days 01:23:45.832000,27.1,21.0,1016.9,False,30.5,152,0.8,Bahrain,2023
0 days 01:24:45.831000,27.1,21.0,1016.9,False,30.5,171,0.8,Bahrain,2023
0 days 01:25:45.830000,27.1,21.0,1016.9,False,30.5,141,0.8,Bahrain,2023
0 days 01:26:45.829000,27.1,21.0,1016.9,False,30.5,187,0.6,Bahrain,2023
0 days 01:27:45.828000,27.0,21.0,1017.0,False,30.5,179,0.6,Bahrain,2023
0 days 01:28:45.827000,27.0,21.0,1017.0,False,30.4,178,0.8,Bahrain,2023
0 days 01:29:45.841000,27.0,20.0,1017.0,False,30.3,214,0.6,Bahrain,2023
0 days 01:30:45.856000,27.0,21.0,1017.0,False,30.3,208,0.6,Bahrain,2023
0 days 01:31:45.839000,27.0,21.0,1017.0,False,30.3,197,0.6,Bahrain,2023
0 days 01:32:45.838000,26.9,21.0,1017.0,False,30.3,212,0.4,Bahrain,2023
0 days 01:33:45.852000,26.9,20.0,1017.0,False,30.3,174,0.6,Bahrain,2023
0 days 01:34:45.836000,26.9,21.0,1017.0,False,30.2,240,0.6,Bahrain,2023
0 days 01:35:45.835000,26.9,21.0,1017.0,False,30.2,239,0.4,Bahrain,2023
0 days 01:36:45.834000,26.9,21.0,1017.0,False,30.1,182,0.6,Bahrain,2023
0 days 01:37:45.832000,26.8,21.0,1017.0,False,30.1,229,0.5,Bahrain,2023
0 days 01:38:45.831000,26.8,21.0,1017.0,False,30.0,183,0.4,Bahrain,2023
0 days 01:39:45.830000,26.7,21.0,1017.0,False,30.0,241,0.5,Bahrain,2023
0 days 01:40:45.845000,26.7,21.0,1017.0,False,29.9,217,0.4,Bahrain,2023
0 days 01:41:45.828000,26.7,21.0,1017.0,False,29.9,199,0.8,Bahrain,2023
0 days 01:42:45.843000,26.7,21.0,1017.0,False,29.9,183,0.6,Bahrain,2023
0 days 01:43:45.826000,26.7,21.0,1016.9,False,29.9,180,0.6,Bahrain,2023
0 days 01:44:45.841000,26.7,21.0,1017.0,False,29.9,195,0.5,Bahrain,2023
0 days 01:45:45.855000,26.7,21.0,1017.0,False,29.9,186,0.6,Bahrain,2023
0 days 01:46:45.854000,26.8,21.0,1017.0,False,29.9,175,0.6,Bahrain,2023
0 days 01:47:45.853000,26.8,21.0,1017.0,False,29.9,190,0.5,Bahrain,2023
0 days 01:48:45.867000,26.7,21.0,1017.0,False,29.9,199,0.8,Bahrain,2023
0 days 01:49:45.866000,26.7,21.0,1017.0,False,29.9,194,0.6,Bahrain,2023
0 days 01:50:45.896000,26.6,21.0,1017.0,False,29.7,193,0.6,Bahrain,2023
0 days 01:51:45.880000,26.7,21.0,1017.0,False,29.8,171,0.6,Bahrain,2023
0 days 01:52:45.894000,26.7,21.0,1017.0,False,29.7,228,0.6,Bahrain,2023
0 days 01:53:45.878000,26.7,21.0,1017.0,False,29.6,154,0.6,Bahrain,2023
0 days 01:54:45.892000,26.7,21.0,1017.0,False,29.6,204,0.6,Bahrain,2023
0 days 01:55:45.875000,26.7,21.0,1017.0,False,29.6,246,0.6,Bahrain,2023
0 days 01:56:45.906000,26.7,21.0,1017.0,False,29.6,212,0.6,Bahrain,2023
0 days 01:57:45.873000,26.7,21.0,1017.0,False,29.6,256,0.5,Bahrain,2023
0 days 01:58:45.903000,26.6,21.0,1017.0,False,29.6,189,0.5,Bahrain,2023
0 days 01:59:45.918000,26.6,21.0,1017.0,False,29.6,218,0.4,Bahrain,2023
0 days 02:00:45.933000,26.7,21.0,1017.0,False,29.6,192,0.4,Bahrain,2023
0 days 02:01:45.932000,26.6,21.0,1017.0,False,29.6,179,0.5,Bahrain,2023
0 days 02:02:45.930000,26.6,21.0,1017.0,False,29.6,0,0.4,Bahrain,2023
0 days 02:03:45.929000,26.6,21.0,1017.0,False,29.5,230,0.4,Bahrain,2023
0 days 02:04:45.944000,26.5,21.0,1017.2,False,29.5,168,0.6,Bahrain,2023
0 days 02:05:45.958000,26.5,21.0,1017.0,False,29.5,0,0.0,Bahrain,2023
0 days 02:06:45.958000,26.5,21.0,1017.0,False,29.5,222,0.6,Bahrain,2023
0 days 02:07:45.956000,26.5,21.0,1017.0,False,29.5,172,0.4,Bahrain,2023
0 days 02:08:45.955000,26.5,21.0,1017.0,False,29.5,0,0.4,Bahrain,2023
0 days 02:09:45.954000,26.5,21.0,1017.0,False,29.4,0,0.0,Bahrain,2023
0 days 02:10:45.953000,26.5,21.0,1017.2,False,29.3,0,0.0,Bahrain,2023
0 days 02:11:45.952000,26.5,21.0,1017.2,False,29.4,0,0.0,Bahrain,2023
0 days 02:12:45.951000,26.4,21.0,1017.2,False,29.3,184,0.0,Bahrain,2023
0 days 02:13:45.965000,26.4,21.0,1017.0,False,29.3,214,0.8,Bahrain,2023
0 days 02:14:45.964000,26.4,21.0,1017.0,False,29.2,0,0.0,Bahrain,2023
0 days 02:15:45.979000,26.4,21.0,1017.0,False,29.2,129,0.3,Bahrain,2023
0 days 02:16:45.962000,26.4,21.0,1017.0,False,29.1,0,0.5,Bahrain,2023
0 days 02:17:45.961000,26.4,21.0,1017.0,False,29.1,181,0.6,Bahrain,2023
0 days 02:18:45.960000,26.4,21.0,1017.2,False,29.1,183,0.0,Bahrain,2023
0 days 02:19:45.959000,26.4,21.0,1017.0,False,29.0,207,0.3,Bahrain,2023
0 days 02:20:45.958000,26.4,21.0,1017.2,False,29.0,297,0.0,Bahrain,2023
0 days 02:21:45.957000,26.4,21.0,1017.2,False,29.0,302,0.3,Bahrain,2023
0 days 02:22:45.956000,26.3,21.0,1017.2,False,29.0,336,0.0,Bahrain,2023
0 days 02:23:45.970000,26.4,21.0,1017.2,False,29.0,308,0.6,Bahrain,2023
0 days 02:24:45.985000,26.3,21.0,1017.2,False,29.0,0,0.0,Bahrain,2023
0 days 02:25:45.999000,26.3,21.0,1017.2,False,29.0,339,0.0,Bahrain,2023
0 days 02:26:46.014000,26.3,21.0,1017.2,False,28.9,246,0.0,Bahrain,2023
0 days 02:27:46.013000,26.3,21.0,1017.2,False,28.9,0,0.3,Bahrain,2023
0 days 02:28:46.043000,26.3,21.0,1017.4,False,28.9,0,0.0,Bahrain,2023
0 days 02:29:46.011000,26.3,21.0,1017.2,False,28.8,305,0.0,Bahrain,2023
0 days 02:30:46.009000,26.3,21.0,1017.2,False,28.8,38,0.4,Bahrain,2023
0 days 02:31:46.008000,26.2,21.0,1017.2,False,28.8,269,0.3,Bahrain,2023
0 days 02:32:46.023000,26.3,21.0,1017.4,False,28.8,0,0.0,Bahrain,2023
0 days 02:33:46.022000,26.2,21.0,1017.4,False,28.8,95,0.5,Bahrain,2023
0 days 02:34:46.036000,26.3,21.0,1017.4,False,28.7,268,0.4,Bahrain,2023
0 days 02:35:46.035000,26.3,21.0,1017.4,False,28.7,116,0.6,Bahrain,2023
0 days 02:36:46.050000,26.3,21.0,1017.4,False,28.7,242,0.6,Bahrain,2023
0 days 02:37:46.064000,26.3,21.0,1017.4,False,28.7,64,0.0,Bahrain,2023
0 days 02:38:46.063000,26.3,21.0,1017.5,False,28.7,0,0.4,Bahrain,2023
0 days 02:39:46.109000,26.3,21.0,1017.4,False,28.7,352,0.5,Bahrain,2023
0 days 02:40:46.061000,26.2,21.0,1017.5,False,28.7,215,0.3,Bahrain,2023
0 days 00:00:59.871000,26.0,62.0,1010.5,False,34.0,315,2.7,Saudi Arabia,2023
0 days 00:01:59.870000,26.0,61.0,1010.5,False,34.1,305,2.9,Saudi Arabia,2023
0 days 00:02:59.869000,26.0,61.0,1010.5,False,34.2,325,2.7,Saudi Arabia,2023
0 days 00:03:59.868000,26.0,61.0,1010.5,False,34.2,325,2.7,Saudi Arabia,2023
0 days 00:04:59.867000,26.0,60.0,1010.5,False,34.3,322,2.7,Saudi Arabia,2023
0 days 00:05:59.866000,26.0,61.0,1010.5,False,34.2,334,3.0,Saudi Arabia,2023
0 days 00:06:59.865000,26.0,61.0,1010.5,False,34.0,320,3.4,Saudi Arabia,2023
0 days 00:07:59.863000,26.0,62.0,1010.7,False,34.0,325,2.5,Saudi Arabia,2023
0 days 00:08:59.862000,26.0,62.0,1010.5,False,34.0,341,2.7,Saudi Arabia,2023
0 days 00:09:59.861000,26.0,62.0,1010.5,False,34.0,318,2.9,Saudi Arabia,2023
0 days 00:10:59.876000,26.0,62.0,1010.7,False,34.0,327,3.2,Saudi Arabia,2023
0 days 00:11:59.875000,26.0,62.0,1010.7,False,33.7,330,3.4,Saudi Arabia,2023
0 days 00:12:59.874000,26.0,61.0,1010.7,False,33.7,323,2.5,Saudi Arabia,2023
0 days 00:13:59.873000,26.0,60.0,1010.7,False,34.1,315,3.0,Saudi Arabia,2023
0 days 00:14:59.872000,26.0,61.0,1010.5,False,33.9,312,3.5,Saudi Arabia,2023
0 days 00:15:59.870000,26.0,61.0,1010.5,False,33.9,324,3.7,Saudi Arabia,2023
0 days 00:16:59.916000,26.0,61.0,1010.5,False,33.9,330,3.2,Saudi Arabia,2023
0 days 00:17:59.868000,26.0,61.0,1010.5,False,33.3,324,2.7,Saudi Arabia,2023
0 days 00:18:59.867000,26.0,61.0,1010.5,False,33.4,316,3.2,Saudi Arabia,2023
0 days 00:19:59.897000,26.0,61.0,1010.5,False,33.4,335,3.5,Saudi Arabia,2023
0 days 00:20:59.881000,26.0,61.0,1010.5,False,33.3,326,3.5,Saudi Arabia,2023
0 days 00:21:59.864000,26.0,62.0,1010.5,False,33.3,331,2.2,Saudi Arabia,2023
0 days 00:22:59.863000,26.0,62.0,1010.5,False,33.3,329,3.0,Saudi Arabia,2023
0 days 00:23:59.862000,26.1,62.0,1010.5,False,33.3,330,2.7,Saudi Arabia,2023
0 days 00:24:59.876000,26.2,61.0,1010.7,False,33.3,331,2.7,Saudi Arabia,2023
0 days 00:25:59.875000,26.2,61.0,1010.5,False,33.0,339,2.7,Saudi Arabia,2023
0 days 00:26:59.874000,26.3,59.0,1010.7,False,33.0,335,2.9,Saudi Arabia,2023
0 days 00:27:59.873000,26.3,60.0,1010.7,False,33.1,329,2.4,Saudi Arabia,2023
0 days 00:28:59.872000,26.4,59.0,1010.7,False,33.1,317,2.0,Saudi Arabia,2023
0 days 00:29:59.871000,26.4,59.0,1010.7,False,33.9,308,2.9,Saudi Arabia,2023
0 days 00:30:59.870000,26.4,58.0,1010.7,False,33.9,316,2.5,Saudi Arabia,2023
0 days 00:31:59.869000,26.3,58.0,1010.7,False,33.5,317,2.7,Saudi Arabia,2023
0 days 00:32:59.868000,26.3,58.0,1010.7,False,33.1,303,2.5,Saudi Arabia,2023
0 days 00:33:59.866000,26.2,57.0,1010.7,False,33.1,293,2.7,Saudi Arabia,2023
0 days 00:34:59.865000,26.1,58.0,1010.7,False,32.9,317,2.5,Saudi Arabia,2023
0 days 00:35:59.880000,26.1,59.0,1010.7,False,32.5,314,3.2,Saudi Arabia,2023
0 days 00:36:59.894000,26.1,58.0,1010.7,False,32.4,318,2.9,Saudi Arabia,2023
0 days 00:37:59.925000,26.1,58.0,1010.9,False,32.5,291,2.7,Saudi Arabia,2023
0 days 00:38:59.939000,26.0,58.0,1010.7,False,32.5,316,2.2,Saudi Arabia,2023
0 days 00:39:59.954000,26.0,59.0,1010.9,False,32.5,330,2.5,Saudi Arabia,2023
0 days 00:40:59.968000,26.0,58.0,1010.9,False,32.5,319,2.7,Saudi Arabia,2023
0 days 00:41:59.967000,26.0,58.0,1010.7,False,32.5,299,2.4,Saudi Arabia,2023
0 days 00:42:59.966000,26.0,58.0,1010.9,False,32.1,329,2.9,Saudi Arabia,2023
0 days 00:43:59.996000,26.0,58.0,1010.9,False,32.5,338,2.2,Saudi Arabia,2023
0 days 00:45:00.011000,26.0,59.0,1010.7,False,32.0,311,2.5,Saudi Arabia,2023
0 days 00:45:59.994000,26.0,59.0,1010.9,False,32.0,324,2.5,Saudi Arabia,2023
0 days 00:47:00.009000,26.0,59.0,1010.7,False,31.9,309,2.0,Saudi Arabia,2023
0 days 00:48:00.023000,26.0,58.0,1010.9,False,32.1,312,1.5,Saudi Arabia,2023
0 days 00:49:00.038000,26.0,57.0,1010.9,False,32.1,297,1.5,Saudi Arabia,2023
0 days 00:50:00.037000,26.0,57.0,1011.0,False,32.1,342,1.7,Saudi Arabia,2023
0 days 00:51:00.051000,26.0,57.0,1010.9,False,32.1,340,1.1,Saudi Arabia,2023
0 days 00:52:00.050000,26.0,56.0,1010.9,False,32.1,351,0.8,Saudi Arabia,2023
0 days 00:53:00.049000,25.9,56.0,1010.9,False,31.9,323,1.2,Saudi Arabia,2023
0 days 00:54:00.063000,25.9,57.0,1011.0,False,31.9,325,1.3,Saudi Arabia,2023
0 days 00:55:00.062000,25.9,56.0,1010.9,False,31.9,322,1.7,Saudi Arabia,2023
0 days 00:56:00.061000,25.9,56.0,1010.9,False,31.9,319,1.3,Saudi Arabia,2023
0 days 00:57:00.076000,25.9,55.0,1011.0,False,31.8,279,0.8,Saudi Arabia,2023
0 days 00:58:00.090000,25.9,55.0,1011.0,False,31.9,338,1.2,Saudi Arabia,2023
0 days 00:59:00.105000,25.9,55.0,1010.9,False,32.0,323,1.5,Saudi Arabia,2023
0 days 01:00:00.088000,25.9,55.0,1010.9,False,32.0,308,1.3,Saudi Arabia,2023
0 days 01:01:00.103000,25.9,55.0,1011.0,False,32.2,298,1.8,Saudi Arabia,2023
0 days 01:02:00.117000,25.9,55.0,1010.9,False,31.9,318,2.2,Saudi Arabia,2023
0 days 01:03:00.116000,25.9,56.0,1011.0,False,31.6,317,1.8,Saudi Arabia,2023
0 days 01:04:00.131000,26.0,56.0,1011.0,False,31.7,335,2.0,Saudi Arabia,2023
0 days 01:05:00.130000,26.0,55.0,1011.0,False,31.7,326,1.7,Saudi Arabia,2023
0 days 01:06:00.129000,25.9,56.0,1011.0,False,31.9,0,1.7,Saudi Arabia,2023
0 days 01:07:00.127000,26.0,55.0,1011.0,False,32.2,352,1.1,Saudi Arabia,2023
0 days 01:08:00.126000,26.0,56.0,1011.0,False,31.5,291,1.3,Saudi Arabia,2023
0 days 01:09:00.125000,26.1,55.0,1011.0,False,31.5,310,1.6,Saudi Arabia,2023
0 days 01:10:00.124000,26.2,55.0,1011.0,False,31.6,292,1.7,Saudi Arabia,2023
0 days 01:11:00.123000,26.3,55.0,1011.0,False,31.6,292,1.7,Saudi Arabia,2023
0 days 01:12:00.122000,26.3,55.0,1011.0,False,31.5,289,1.5,Saudi Arabia,2023
0 days 01:13:00.121000,26.4,55.0,1011.0,False,31.6,326,1.3,Saudi Arabia,2023
0 days 01:14:00.120000,26.4,55.0,1011.0,False,31.6,284,0.6,Saudi Arabia,2023
0 days 01:15:00.119000,26.4,55.0,1011.0,False,31.7,9,1.2,Saudi Arabia,2023
0 days 01:16:00.133000,26.3,55.0,1011.0,False,31.6,311,0.6,Saudi Arabia,2023
0 days 01:17:00.117000,26.4,56.0,1011.0,False,31.6,160,1.2,Saudi Arabia,2023
0 days 01:18:00.131000,26.4,55.0,1011.0,False,31.4,305,1.2,Saudi Arabia,2023
0 days 01:19:00.130000,26.4,55.0,1011.0,False,31.4,305,1.2,Saudi Arabia,2023
0 days 01:20:00.129000,26.3,56.0,1011.0,False,31.3,274,1.1,Saudi Arabia,2023
0 days 01:21:00.128000,26.3,56.0,1011.0,False,31.7,311,1.1,Saudi Arabia,2023
0 days 01:22:00.127000,26.3,56.0,1011.0,False,31.4,286,1.2,Saudi Arabia,2023
0 days 01:23:00.126000,26.3,56.0,1011.2,False,31.4,108,1.0,Saudi Arabia,2023
0 days 01:24:00.125000,26.3,56.0,1011.0,False,31.4,288,0.8,Saudi Arabia,2023
0 days 01:25:00.123000,26.3,56.0,1011.2,False,31.4,308,0.8,Saudi Arabia,2023
0 days 01:26:00.122000,26.3,56.0,1011.0,False,31.3,133,0.8,Saudi Arabia,2023
0 days 01:27:00.121000,26.2,56.0,1011.0,False,31.5,313,0.8,Saudi Arabia,2023
0 days 01:28:00.120000,26.2,56.0,1011.0,False,31.4,294,1.7,Saudi Arabia,2023
0 days 01:29:00.135000,26.2,56.0,1011.0,False,31.5,292,1.6,Saudi Arabia,2023
0 days 01:30:00.165000,26.3,56.0,1011.0,False,31.5,296,1.2,Saudi Arabia,2023
0 days 01:31:00.164000,26.2,57.0,1011.0,False,31.5,327,1.3,Saudi Arabia,2023
0 days 01:32:00.178000,26.2,57.0,1011.2,False,31.3,309,0.8,Saudi Arabia,2023
0 days 01:33:00.193000,26.1,58.0,1011.2,False,31.2,332,2.0,Saudi Arabia,2023
0 days 01:34:00.192000,26.1,58.0,1011.0,False,31.2,310,1.0,Saudi Arabia,2023
0 days 01:35:00.206000,26.1,58.0,1011.0,False,31.1,311,1.2,Saudi Arabia,2023
0 days 01:36:00.205000,26.0,58.0,1011.0,False,31.0,345,1.7,Saudi Arabia,2023
0 days 01:37:00.204000,26.0,58.0,1011.0,False,31.1,308,1.2,Saudi Arabia,2023
0 days 01:38:00.219000,26.0,58.0,1011.0,False,31.1,59,1.5,Saudi Arabia,2023
0 days 01:39:00.233000,26.0,58.0,1011.0,False,31.1,300,1.5,Saudi Arabia,2023
0 days 01:40:00.232000,26.0,57.0,1011.0,False,30.9,293,1.3,Saudi Arabia,2023
0 days 01:41:00.247000,26.0,57.0,1011.0,False,31.0,318,0.8,Saudi Arabia,2023
0 days 01:42:00.246000,26.0,57.0,1011.0,False,31.0,295,1.8,Saudi Arabia,2023
0 days 01:43:00.245000,26.1,57.0,1011.2,False,31.0,307,1.3,Saudi Arabia,2023
0 days 01:44:00.259000,26.1,56.0,1011.0,False,31.0,294,1.3,Saudi Arabia,2023
0 days 01:45:00.258000,26.1,55.0,1011.0,False,31.0,271,1.3,Saudi Arabia,2023
0 days 01:46:00.257000,26.1,55.0,1011.0,False,31.0,317,2.2,Saudi Arabia,2023
0 days 01:47:00.271000,26.2,55.0,1011.0,False,31.0,0,2.0,Saudi Arabia,2023
0 days 01:48:00.270000,26.2,55.0,1011.0,False,30.9,135,1.2,Saudi Arabia,2023
0 days 01:49:00.285000,26.2,55.0,1011.0,False,31.0,309,1.0,Saudi Arabia,2023
0 days 01:50:00.299000,26.2,55.0,1011.0,False,30.8,289,1.0,Saudi Arabia,2023
0 days 01:51:00.298000,26.3,55.0,1011.0,False,31.1,85,1.2,Saudi Arabia,2023
0 days 01:52:00.313000,26.3,55.0,1011.0,False,31.1,276,1.7,Saudi Arabia,2023
0 days 01:53:00.312000,26.3,55.0,1011.0,False,30.9,116,0.8,Saudi Arabia,2023
0 days 01:54:00.311000,26.3,55.0,1011.0,False,30.6,66,1.1,Saudi Arabia,2023
0 days 01:55:00.310000,26.3,55.0,1011.0,False,30.9,231,0.8,Saudi Arabia,2023
0 days 01:56:00.309000,26.3,55.0,1010.9,False,30.5,283,1.0,Saudi Arabia,2023
0 days 01:57:00.339000,26.3,55.0,1011.0,False,30.5,337,0.6,Saudi Arabia,2023
0 days 01:58:00.338000,26.3,55.0,1011.2,False,30.7,334,1.1,Saudi Arabia,2023
0 days 01:59:00.368000,26.3,56.0,1011.0,False,30.7,83,1.1,Saudi Arabia,2023
0 days 02:00:00.367000,26.2,56.0,1011.2,False,30.8,264,0.8,Saudi Arabia,2023
0 days 02:01:00.366000,26.3,57.0,1011.2,False,30.4,278,1.3,Saudi Arabia,2023
0 days 02:02:00.380000,26.2,58.0,1011.2,False,30.3,320,1.6,Saudi Arabia,2023
0 days 02:03:00.379000,26.2,58.0,1011.2,False,30.3,272,1.1,Saudi Arabia,2023
0 days 02:04:00.378000,26.1,58.0,1011.2,False,30.3,320,1.2,Saudi Arabia,2023
0 days 02:05:00.377000,26.1,58.0,1011.2,False,30.7,340,1.7,Saudi Arabia,2023
0 days 02:06:00.376000,26.0,58.0,1011.4,False,30.7,262,0.8,Saudi Arabia,2023
0 days 02:07:00.375000,26.0,59.0,1011.0,False,30.3,324,1.7,Saudi Arabia,2023
0 days 02:08:00.374000,26.0,59.0,1011.2,False,30.2,291,2.0,Saudi Arabia,2023
0 days 02:09:00.373000,26.0,59.0,1011.2,False,30.2,346,1.1,Saudi Arabia,2023
0 days 02:10:00.371000,26.0,59.0,1011.2,False,30.1,40,1.7,Saudi Arabia,2023
0 days 02:11:00.370000,26.0,59.0,1011.2,False,30.3,83,1.2,Saudi Arabia,2023
0 days 02:12:00.386000,26.0,59.0,1011.2,False,30.5,281,1.1,Saudi Arabia,2023
0 days 02:13:00.384000,25.9,59.0,1011.2,False,30.5,301,2.2,Saudi Arabia,2023
0 days 02:14:00.383000,25.9,59.0,1011.2,False,30.5,18,2.5,Saudi Arabia,2023
0 days 02:15:00.382000,26.0,59.0,1011.2,False,30.3,153,1.1,Saudi Arabia,2023
0 days 02:16:00.381000,26.0,59.0,1011.4,False,30.3,0,0.6,Saudi Arabia,2023
0 days 02:17:00.380000,26.0,59.0,1011.2,False,30.3,30,1.2,Saudi Arabia,2023
0 days 02:18:00.378000,26.0,59.0,1011.2,False,30.3,269,1.3,Saudi Arabia,2023
0 days 02:19:00.377000,26.0,60.0,1011.2,False,30.2,27,1.2,Saudi Arabia,2023
0 days 02:20:00.376000,26.0,59.0,1011.2,False,30.2,24,0.4,Saudi Arabia,2023
0 days 02:21:00.375000,26.0,59.0,1011.2,False,30.3,47,1.6,Saudi Arabia,2023
0 days 02:22:00.374000,26.0,59.0,1011.2,False,30.1,322,1.7,Saudi Arabia,2023
0 days 02:23:00.373000,26.0,59.0,1011.2,False,30.0,58,1.2,Saudi Arabia,2023
0 days 02:24:00.372000,25.9,60.0,1011.2,False,30.0,8,1.1,Saudi Arabia,2023
0 days 02:25:00.371000,25.9,60.0,1011.4,False,30.3,276,1.1,Saudi Arabia,2023
0 days 02:26:00.370000,25.8,60.0,1011.4,False,29.9,46,2.0,Saudi Arabia,2023
0 days 02:27:00.369000,25.8,60.0,1011.2,False,30.0,290,1.1,Saudi Arabia,2023
0 days 02:28:00.383000,25.8,60.0,1011.2,False,30.1,315,0.8,Saudi Arabia,2023
0 days 00:00:35.812000,17.1,53.0,1018.5,False,35.0,0,1.6,Australia,2023
0 days 00:01:35.812000,17.2,52.0,1018.7,False,35.1,0,0.8,Australia,2023
0 days 00:02:35.811000,17.2,52.0,1018.7,False,35.1,168,0.6,Australia,2023
0 days 00:03:35.826000,17.3,51.0,1018.7,False,35.1,8,0.8,Australia,2023
0 days 00:04:35.825000,17.3,51.0,1018.7,False,34.8,200,0.8,Australia,2023
0 days 00:05:35.824000,17.3,51.0,1018.7,False,34.9,300,0.6,Australia,2023
0 days 00:06:35.808000,17.3,51.0,1018.5,False,34.8,286,0.8,Australia,2023
0 days 00:07:35.823000,17.3,51.0,1018.5,False,34.5,213,1.0,Australia,2023
0 days 00:08:35.822000,17.2,52.0,1018.5,False,34.5,284,1.5,Australia,2023
0 days 00:09:35.822000,17.2,51.0,1018.5,False,34.6,152,1.1,Australia,2023
0 days 00:10:35.821000,17.3,52.0,1018.5,False,34.7,155,0.8,Australia,2023
0 days 00:11:35.820000,17.1,53.0,1018.5,False,34.6,351,1.0,Australia,2023
0 days 00:12:35.820000,17.1,50.0,1018.5,False,34.9,0,1.1,Australia,2023
0 days 00:13:35.834000,17.1,51.0,1018.5,False,34.6,146,0.5,Australia,2023
0 days 00:14:35.818000,17.2,51.0,1018.7,False,34.5,165,1.3,Australia,2023
0 days 00:15:35.817000,17.3,51.0,1018.5,False,34.8,195,2.0,Australia,2023
0 days 00:16:35.832000,17.2,52.0,1018.5,False,34.8,176,1.2,Australia,2023
0 days 00:17:35.816000,17.2,52.0,1018.5,False,34.5,263,1.2,Australia,2023
0 days 00:18:35.815000,17.2,53.0,1018.5,False,34.5,64,1.2,Australia,2023
0 days 00:19:35.815000,17.2,53.0,1018.5,False,34.8,178,1.1,Australia,2023
0 days 00:20:35.814000,17.2,51.0,1018.5,False,34.8,151,1.1,Australia,2023
0 days 00:21:35.829000,17.1,52.0,1018.5,False,34.8,274,1.3,Australia,2023
0 days 00:22:35.813000,17.0,53.0,1018.5,False,34.5,0,0.8,Australia,2023
0 days 00:23:35.812000,17.2,53.0,1018.5,False,34.5,120,1.0,Australia,2023
0 days 00:24:35.811000,17.6,50.0,1018.5,False,34.8,67,0.6,Australia,2023
0 days 00:25:35.826000,17.7,50.0,1018.5,False,35.2,199,0.6,Australia,2023
0 days 00:26:35.810000,17.5,51.0,1018.5,False,34.7,54,0.4,Australia,2023
0 days 00:27:35.825000,17.5,51.0,1018.5,False,34.1,99,1.0,Australia,2023
0 days 00:28:35.824000,17.5,51.0,1018.5,False,34.1,0,1.1,Australia,2023
0 days 00:29:35.823000,17.6,51.0,1018.5,False,34.5,249,1.0,Australia,2023
0 days 00:30:35.823000,17.5,51.0,1018.5,False,34.5,185,0.8,Australia,2023
0 days 00:31:35.822000,17.5,52.0,1018.7,False,34.2,95,0.8,Australia,2023
0 days 00:32:35.821000,17.2,52.0,1018.5,False,34.2,262,1.2,Australia,2023
0 days 00:33:35.820000,17.2,54.0,1018.5,False,34.6,63,1.1,Australia,2023
0 days 00:34:35.820000,17.2,52.0,1018.5,False,34.7,147,1.0,Australia,2023
0 days 00:35:35.819000,17.3,52.0,1018.5,False,34.6,158,0.8,Australia,2023
0 days 00:36:35.818000,17.4,51.0,1018.5,False,26.6,141,0.6,Australia,2023
0 days 00:37:35.818000,17.4,50.0,1018.5,False,23.7,2,0.8,Australia,2023
0 days 00:38:35.817000,17.4,50.0,1018.5,False,22.1,282,0.6,Australia,2023
0 days 00:39:35.816000,17.5,50.0,1018.5,False,19.2,171,1.0,Australia,2023
0 days 00:40:35.816000,17.5,52.0,1018.5,False,21.6,82,1.0,Australia,2023
0 days 00:41:35.815000,17.5,52.0,1018.5,False,23.6,188,0.6,Australia,2023
0 days 00:42:35.814000,17.5,52.0,1018.5,False,21.1,185,1.0,Australia,2023
0 days 00:43:35.813000,17.5,53.0,1018.5,False,21.0,70,0.6,Australia,2023
0 days 00:44:35.813000,17.5,54.0,1018.5,False,23.0,256,1.2,Australia,2023
0 days 00:45:35.812000,17.6,53.0,1018.5,False,25.0,200,1.5,Australia,2023
0 days 00:46:35.811000,17.5,53.0,1018.5,False,25.0,139,0.5,Australia,2023
0 days 00:47:35.826000,17.5,51.0,1018.5,False,25.5,163,1.3,Australia,2023
0 days 00:48:35.810000,17.5,51.0,1018.5,False,23.9,151,1.2,Australia,2023
0 days 00:49:35.825000,17.4,53.0,1018.5,False,21.7,168,0.6,Australia,2023
0 days 00:50:35.824000,17.5,52.0,1018.5,False,24.7,0,1.2,Australia,2023
0 days 00:51:35.824000,17.5,52.0,1018.5,False,25.9,200,0.6,Australia,2023
0 days 00:52:35.823000,17.5,53.0,1018.5,False,35.4,80,1.2,Australia,2023
0 days 00:53:35.822000,17.5,52.0,1018.5,False,35.4,121,0.6,Australia,2023
0 days 00:54:35.821000,17.5,52.0,1018.5,False,34.7,55,0.6,Australia,2023
0 days 00:55:35.821000,17.5,51.0,1018.5,False,34.6,351,1.0,Australia,2023
0 days 00:56:35.820000,17.4,52.0,1018.5,False,34.7,175,0.8,Australia,2023
0 days 00:57:35.819000,17.4,51.0,1018.5,False,34.8,329,1.2,Australia,2023
0 days 00:58:35.819000,17.3,52.0,1018.5,False,34.7,189,1.2,Australia,2023
0 days 00:59:35.818000,17.3,53.0,1018.5,False,34.5,0,0.8,Australia,2023
0 days 01:00:35.833000,17.4,53.0,1018.5,False,34.5,155,0.8,Australia,2023
0 days 01:01:35.817000,17.4,53.0,1018.5,False,34.5,165,0.8,Australia,2023
0 days 01:02:35.816000,17.4,52.0,1018.5,False,34.6,149,1.0,Australia,2023
0 days 01:03:35.815000,17.4,52.0,1018.5,False,34.4,0,1.2,Australia,2023
0 days 01:04:35.814000,17.5,53.0,1018.5,False,34.2,127,0.6,Australia,2023
0 days 01:05:35.814000,17.6,53.0,1018.5,False,34.1,186,0.5,Australia,2023
0 days 01:06:35.813000,17.6,53.0,1018.7,False,34.2,138,1.2,Australia,2023
0 days 01:07:35.812000,17.6,52.0,1018.5,False,34.3,29,1.5,Australia,2023
0 days 01:08:35.812000,17.8,52.0,1018.5,False,34.4,0,0.8,Australia,2023
0 days 01:09:35.811000,17.8,52.0,1018.5,False,34.3,264,0.8,Australia,2023
0 days 01:10:35.810000,17.8,52.0,1018.5,False,34.0,163,1.2,Australia,2023
0 days 01:11:35.810000,17.7,52.0,1018.5,False,33.7,157,1.0,Australia,2023
0 days 01:12:35.824000,17.8,51.0,1018.5,False,33.7,140,1.1,Australia,2023
0 days 01:13:35.824000,17.8,51.0,1018.5,False,33.7,155,1.8,Australia,2023
0 days 01:14:35.823000,17.8,52.0,1018.5,False,33.7,156,1.7,Australia,2023
0 days 01:15:35.822000,17.7,53.0,1018.5,False,33.2,105,1.3,Australia,2023
0 days 01:16:35.822000,17.6,52.0,1018.5,False,33.4,157,0.8,Australia,2023
0 days 01:17:35.821000,17.5,50.0,1018.5,False,33.2,135,1.6,Australia,2023
0 days 01:18:35.836000,17.6,50.0,1018.5,False,33.2,156,0.8,Australia,2023
0 days 01:19:35.820000,17.7,51.0,1018.5,False,33.3,170,0.6,Australia,2023
0 days 01:20:35.803000,17.6,51.0,1018.5,False,33.5,0,0.8,Australia,2023
0 days 01:21:35.818000,17.6,51.0,1018.5,False,33.6,183,0.8,Australia,2023
0 days 01:22:35.818000,17.7,51.0,1018.5,False,33.5,155,0.8,Australia,2023
0 days 01:23:35.864000,17.8,52.0,1018.5,False,33.6,0,0.8,Australia,2023
0 days 01:24:35.816000,17.9,52.0,1018.5,False,33.3,234,1.3,Australia,2023
0 days 01:25:35.816000,17.8,52.0,1018.5,False,33.0,204,1.0,Australia,2023
0 days 01:26:35.815000,17.8,52.0,1018.5,False,33.0,201,1.1,Australia,2023
0 days 01:27:35.830000,17.9,52.0,1018.5,False,33.0,0,0.8,Australia,2023
0 days 01:28:35.813000,17.9,53.0,1018.5,False,33.0,153,0.6,Australia,2023
0 days 01:29:35.828000,17.9,53.0,1018.5,False,33.3,222,1.1,Australia,2023
0 days 01:30:35.828000,17.9,52.0,1018.4,False,33.3,0,0.6,Australia,2023
0 days 01:31:35.827000,17.8,52.0,1018.4,False,33.1,268,1.6,Australia,2023
0 days 01:32:35.857000,17.6,51.0,1018.4,False,32.9,266,1.5,Australia,2023
0 days 01:33:35.826000,17.6,52.0,1018.5,False,32.8,222,0.8,Australia,2023
0 days 01:34:35.809000,17.7,52.0,1018.5,False,32.7,283,0.6,Australia,2023
0 days 01:35:35.824000,17.9,52.0,1018.4,False,32.8,247,0.6,Australia,2023
0 days 01:36:35.823000,18.0,52.0,1018.4,False,32.9,161,1.2,Australia,2023
0 days 01:37:35.870000,18.0,52.0,1018.4,False,33.1,165,0.6,Australia,2023
0 days 01:38:35.822000,18.0,51.0,1018.5,False,33.0,74,0.6,Australia,2023
0 days 01:39:35.821000,18.0,51.0,1018.4,False,33.0,141,0.8,Australia,2023
0 days 01:40:35.821000,18.0,52.0,1018.4,False,32.9,140,1.2,Australia,2023
0 days 01:41:35.836000,18.0,51.0,1018.4,False,32.8,163,2.0,Australia,2023
0 days 01:42:35.835000,18.0,50.0,1018.5,False,32.8,128,1.2,Australia,2023
0 days 01:43:35.850000,18.1,51.0,1018.2,False,32.5,155,1.0,Australia,2023
0 days 01:44:35.818000,18.0,51.0,1018.4,False,32.5,346,1.1,Australia,2023
0 days 01:45:35.848000,18.1,51.0,1018.5,False,32.2,80,0.8,Australia,2023
0 days 01:46:35.832000,17.9,50.0,1018.4,False,32.1,142,0.8,Australia,2023
0 days 01:47:35.863000,17.9,51.0,1018.4,False,32.2,0,1.1,Australia,2023
0 days 01:48:35.909000,18.0,51.0,1018.4,False,32.3,134,1.7,Australia,2023
0 days 01:49:35.861000,17.9,51.0,1018.5,False,32.0,343,1.5,Australia,2023
0 days 01:50:35.876000,17.9,51.0,1018.4,False,32.0,126,1.8,Australia,2023
0 days 01:51:35.860000,17.9,51.0,1018.4,False,31.7,251,1.3,Australia,2023
0 days 01:52:35.875000,17.8,54.0,1018.2,False,31.7,147,0.8,Australia,2023
0 days 01:53:35.890000,17.9,54.0,1018.2,False,31.7,321,1.6,Australia,2023
0 days 01:54:35.873000,17.8,53.0,1018.2,False,31.7,120,1.7,Australia,2023
0 days 01:55:35.888000,17.8,53.0,1018.2,False,31.7,141,0.6,Australia,2023
0 days 01:56:35.888000,17.7,55.0,1018.2,False,31.7,164,1.5,Australia,2023
0 days 01:57:35.887000,17.8,53.0,1018.2,False,31.4,130,1.7,Australia,2023
0 days 01:58:35.902000,17.7,53.0,1018.2,False,31.6,148,2.2,Australia,2023
0 days 01:59:35.917000,17.7,52.0,1018.2,False,31.4,148,1.0,Australia,2023
0 days 02:00:35.932000,17.8,54.0,1018.2,False,31.4,133,1.6,Australia,2023
0 days 02:01:35.947000,17.8,54.0,1018.4,False,31.4,323,1.3,Australia,2023
0 days 02:02:35.946000,17.7,54.0,1018.2,False,31.1,147,0.6,Australia,2023
0 days 02:03:35.945000,17.7,54.0,1018.2,False,31.1,156,0.8,Australia,2023
0 days 02:04:35.945000,17.8,54.0,1018.2,False,31.0,343,1.3,Australia,2023
0 days 02:05:35.960000,17.8,54.0,1018.2,False,31.0,152,1.2,Australia,2023
0 days 02:06:35.943000,17.9,54.0,1018.4,False,30.9,91,0.6,Australia,2023
0 days 02:07:35.958000,17.9,54.0,1018.2,False,31.0,139,1.0,Australia,2023
0 days 02:08:35.942000,17.9,53.0,1018.2,False,30.8,0,1.0,Australia,2023
0 days 02:09:35.957000,18.0,53.0,1018.2,False,30.7,144,0.6,Australia,2023
0 days 02:10:35.940000,17.9,54.0,1018.0,False,30.7,326,0.8,Australia,2023
0 days 02:11:35.940000,17.9,54.0,1018.2,False,30.6,94,1.6,Australia,2023
0 days 02:12:35.939000,17.9,55.0,1018.2,False,30.6,118,1.3,Australia,2023
0 days 02:13:35.954000,17.8,55.0,1018.2,False,30.4,135,1.3,Australia,2023
0 days 02:14:35.938000,17.8,55.0,1018.4,False,30.2,155,0.8,Australia,2023
0 days 02:15:35.937000,17.9,55.0,1018.2,False,30.2,0,0.8,Australia,2023
0 days 02:16:35.952000,17.9,55.0,1018.2,False,30.2,0,1.1,Australia,2023
0 days 02:17:35.951000,17.8,55.0,1018.2,False,30.1,144,1.0,Australia,2023
0 days 02:18:35.951000,17.7,56.0,1018.4,False,30.1,128,2.2,Australia,2023
0 days 02:19:35.950000,17.6,56.0,1018.2,False,29.9,0,1.5,Australia,2023
0 days 02:20:35.949000,17.6,56.0,1018.2,False,29.9,146,1.0,Australia,2023
0 days 02:21:35.964000,17.6,57.0,1018.2,False,29.9,0,0.6,Australia,2023
0 days 02:22:35.979000,17.6,57.0,1018.2,False,29.7,156,0.8,Australia,2023
0 days 02:23:35.994000,17.6,57.0,1018.2,False,29.6,0,1.7,Australia,2023
0 days 02:24:36.025000,17.6,57.0,1018.2,False,29.6,136,1.2,Australia,2023
0 days 02:25:36.008000,17.5,57.0,1018.2,False,29.2,0,1.1,Australia,2023
0 days 02:26:36.008000,17.5,58.0,1018.4,False,29.3,90,1.2,Australia,2023
0 days 02:27:36.007000,17.5,58.0,1018.4,False,29.4,140,0.8,Australia,2023
0 days 02:28:36.006000,17.5,57.0,1018.2,False,29.2,151,1.7,Australia,2023
0 days 02:29:36.068000,17.5,57.0,1018.2,False,29.2,126,0.8,Australia,2023
0 days 02:30:36.020000,17.5,57.0,1018.2,False,29.2,133,1.2,Australia,2023
0 days 02:31:36.035000,17.5,57.0,1018.2,False,29.2,160,0.8,Australia,2023
0 days 02:32:36.035000,17.5,56.0,1018.2,False,29.1,106,0.6,Australia,2023
0 days 02:33:36.050000,17.5,56.0,1018.2,False,29.0,147,0.8,Australia,2023
0 days 02:34:36.096000,17.5,56.0,1018.2,False,28.9,61,1.3,Australia,2023
0 days 02:35:36.048000,17.5,56.0,1018.2,False,28.7,0,0.6,Australia,2023
0 days 02:36:36.032000,17.5,55.0,1018.2,False,28.9,113,1.0,Australia,2023
0 days 02:37:36.047000,17.5,55.0,1018.2,False,28.9,145,0.4,Australia,2023
0 days 02:38:36.046000,17.5,55.0,1018.2,False,28.9,154,1.6,Australia,2023
0 days 02:39:36.046000,17.5,56.0,1018.2,False,28.4,130,1.5,Australia,2023
0 days 02:40:36.061000,17.5,56.0,1018.2,False,28.4,158,1.5,Australia,2023
0 days 02:41:36.075000,17.4,57.0,1018.2,False,28.1,123,1.6,Australia,2023
0 days 02:42:36.075000,17.4,57.0,1018.2,False,28.1,166,1.6,Australia,2023
0 days 02:43:36.121000,17.3,57.0,1018.2,False,28.0,140,0.6,Australia,2023
0 days 02:44:36.073000,17.2,56.0,1018.2,False,28.0,129,0.8,Australia,2023
0 days 02:45:36.073000,17.3,56.0,1018.2,False,28.0,156,0.8,Australia,2023
0 days 02:46:36.072000,17.3,56.0,1018.2,False,28.0,174,1.1,Australia,2023
0 days 02:47:36.071000,17.3,56.0,1018.2,False,27.7,111,1.8,Australia,2023
0 days 02:48:36.071000,17.2,58.0,1018.2,False,27.4,171,1.3,Australia,2023
0 days 02:49:50.961000,17.2,58.0,1018.2,False,27.4,96,1.2,Australia,2023
0 days 02:50:36.069000,17.3,58.0,1018.4,False,27.4,85,1.2,Australia,2023
0 days 02:51:36.069000,17.3,58.0,1018.2,False,27.5,122,1.2,Australia,2023
0 days 02:52:36.068000,17.3,57.0,1018.2,False,27.5,151,1.0,Australia,2023
0 days 02:53:36.067000,17.2,58.0,1018.2,False,27.5,141,1.2,Australia,2023
0 days 02:54:36.082000,17.3,58.0,1018.2,False,27.4,12,1.0,Australia,2023
0 days 02:55:36.066000,17.2,58.0,1018.2,False,27.2,0,1.6,Australia,2023
0 days 02:56:36.081000,17.3,59.0,1018.4,False,27.1,12,1.1,Australia,2023
0 days 02:57:36.080000,17.2,58.0,1018.4,False,27.2,138,1.2,Australia,2023
0 days 02:58:36.673000,17.2,58.0,1018.2,False,27.2,57,1.1,Australia,2023
0 days 02:59:36.063000,17.2,58.0,1018.2,False,27.0,158,1.8,Australia,2023
0 days 03:00:36.078000,17.1,58.0,1018.2,False,27.0,130,0.4,Australia,2023
0 days 03:01:36.093000,17.2,57.0,1018.2,False,27.1,144,0.8,Australia,2023
0 days 03:02:36.077000,17.2,57.0,1018.2,False,27.1,155,0.8,Australia,2023
0 days 03:03:36.076000,17.2,57.0,1018.2,False,27.0,128,0.6,Australia,2023
0 days 03:04:36.075000,17.2,57.0,1018.2,False,26.7,142,1.0,Australia,2023
0 days 03:05:36.075000,17.2,56.0,1018.2,False,26.8,165,0.8,Australia,2023
0 days 03:06:36.074000,17.2,56.0,1018.2,False,26.8,141,1.7,Australia,2023
0 days 03:07:36.073000,17.1,57.0,1018.2,False,26.3,131,0.8,Australia,2023
0 days 03:08:36.073000,17.2,57.0,1018.2,False,26.3,134,0.8,Australia,2023
0 days 03:09:36.072000,17.1,57.0,1018.2,False,26.3,13,1.2,Australia,2023
0 days 03:10:36.071000,17.1,56.0,1018.2,False,26.2,149,0.6,Australia,2023
0 days 03:11:36.071000,17.1,57.0,1018.2,False,26.2,108,0.8,Australia,2023
0 days 03:12:36.070000,17.1,57.0,1018.2,False,26.1,175,0.6,Australia,2023
0 days 03:13:36.069000,17.0,57.0,1018.2,False,25.8,155,0.8,Australia,2023
0 days 03:14:36.069000,17.0,57.0,1018.4,False,25.7,143,1.1,Australia,2023
0 days 03:15:36.068000,16.9,57.0,1018.2,False,25.5,108,1.2,Australia,2023
0 days 03:16:36.067000,17.0,58.0,1018.2,False,25.4,129,0.8,Australia,2023
0 days 03:17:36.067000,17.0,59.0,1018.2,False,25.3,0,0.8,Australia,2023
0 days 03:18:36.066000,16.9,59.0,1018.2,False,25.2,148,1.6,Australia,2023
0 days 03:19:36.065000,16.9,57.0,1018.2,False,25.2,134,1.5,Australia,2023
0 days 03:20:36.064000,16.9,58.0,1018.2,False,25.1,135,1.2,Australia,2023
0 days 03:21:36.095000,16.8,59.0,1018.2,False,25.1,129,1.2,Australia,2023
0 days 03:22:36.079000,16.9,60.0,1018.2,False,25.0,90,1.0,Australia,2023
0 days 03:23:36.094000,16.9,59.0,1018.4,False,24.9,49,1.8,Australia,2023
0 days 03:24:36.109000,16.9,60.0,1018.4,False,24.7,150,1.7,Australia,2023
0 days 03:25:36.108000,16.9,60.0,1018.2,False,24.5,121,1.8,Australia,2023
0 days 03:26:36.123000,16.8,61.0,1018.2,False,24.5,107,1.5,Australia,2023
0 days 03:27:36.122000,16.8,60.0,1018.2,False,24.5,107,1.5,Australia,2023
0 days 03:28:36.121000,16.9,60.0,1018.2,False,24.4,107,1.5,Australia,2023
0 days 03:29:36.136000,16.9,61.0,1018.2,False,24.4,107,1.5,Australia,2023
0 days 03:30:36.136000,16.9,60.0,1018.2,False,24.3,107,5.0,Australia,2023
0 days 03:31:36.135000,16.9,60.0,1018.2,False,24.3,107,5.0,Australia,2023
0 days 03:32:36.150000,16.9,59.0,1018.2,False,24.3,92,1.7,Australia,2023
0 days 03:33:36.165000,16.9,58.0,1018.2,False,24.2,81,1.1,Australia,2023
0 days 03:34:36.164000,16.9,58.0,1018.4,False,24.0,115,1.5,Australia,2023
0 days 03:35:36.179000,16.9,58.0,1018.2,False,24.0,145,2.0,Australia,2023
0 days 03:36:36.194000,16.9,59.0,1018.4,False,23.9,137,1.6,Australia,2023
0 days 03:37:36.178000,16.9,58.0,1018.4,False,23.8,143,1.7,Australia,2023
0 days 03:38:36.193000,16.9,57.0,1018.4,False,24.0,128,1.2,Australia,2023
0 days 03:39:36.192000,16.9,57.0,1018.4,False,23.8,165,1.2,Australia,2023
0 days 03:40:36.207000,16.9,59.0,1018.4,False,23.7,169,1.5,Australia,2023
0 days 03:41:36.237000,16.9,57.0,1018.4,False,23.7,169,2.5,Australia,2023
0 days 00:00:42.422000,25.8,39.0,1013.7,False,47.4,149,1.0,Monaco,2023
0 days 00:01:42.421000,25.8,40.0,1013.7,False,48.2,158,1.0,Monaco,2023
0 days 00:02:42.419000,25.8,41.0,1013.7,False,48.2,137,1.0,Monaco,2023
0 days 00:03:42.418000,25.8,41.0,1013.7,False,48.3,0,0.8,Monaco,2023
0 days 00:04:42.433000,25.8,41.0,1013.7,False,48.3,0,0.5,Monaco,2023
0 days 00:05:42.432000,25.8,41.0,1013.7,False,47.4,288,0.0,Monaco,2023
0 days 00:06:42.446000,25.9,41.0,1013.5,False,47.2,334,0.6,Monaco,2023
0 days 00:07:42.430000,26.0,40.0,1013.7,False,48.3,151,0.6,Monaco,2023
0 days 00:08:42.429000,26.0,39.0,1013.7,False,48.3,324,1.0,Monaco,2023
0 days 00:09:42.428000,26.0,40.0,1013.5,False,47.2,216,0.6,Monaco,2023
0 days 00:10:42.427000,26.0,41.0,1013.5,False,47.0,277,0.4,Monaco,2023
0 days 00:11:42.441000,26.0,40.0,1013.7,False,47.3,0,0.5,Monaco,2023
0 days 00:12:42.456000,25.9,41.0,1013.5,False,47.3,296,0.5,Monaco,2023
0 days 00:13:42.470000,25.9,41.0,1013.7,False,47.0,128,0.8,Monaco,2023
0 days 00:14:42.469000,25.9,41.0,1013.5,False,47.0,341,0.8,Monaco,2023
0 days 00:15:42.468000,25.9,42.0,1013.5,False,47.5,245,0.6,Monaco,2023
0 days 00:16:42.467000,25.8,42.0,1013.5,False,47.6,332,0.5,Monaco,2023
0 days 00:17:42.497000,25.9,41.0,1013.4,False,47.3,167,0.6,Monaco,2023
0 days 00:18:42.496000,26.1,41.0,1013.5,False,47.8,0,0.4,Monaco,2023
0 days 00:19:42.511000,26.0,41.0,1013.5,False,47.9,349,0.6,Monaco,2023
0 days 00:20:42.510000,25.9,41.0,1013.4,False,48.2,328,0.5,Monaco,2023
0 days 00:21:42.509000,25.8,41.0,1013.5,False,47.9,303,1.0,Monaco,2023
0 days 00:22:42.508000,25.6,41.0,1013.4,False,47.6,69,0.8,Monaco,2023
0 days 00:23:42.507000,25.6,41.0,1013.4,False,47.5,321,1.5,Monaco,2023
0 days 00:24:42.506000,25.6,42.0,1013.5,False,47.5,35,0.6,Monaco,2023
0 days 00:25:42.551000,25.7,43.0,1013.4,False,47.5,122,0.8,Monaco,2023
0 days 00:26:42.519000,25.9,41.0,1013.5,False,47.8,123,0.8,Monaco,2023
0 days 00:27:42.518000,26.0,41.0,1013.5,False,48.0,81,0.8,Monaco,2023
0 days 00:28:42.533000,26.2,41.0,1013.5,False,48.2,150,0.6,Monaco,2023
0 days 00:29:42.547000,26.3,42.0,1013.5,False,47.7,29,1.2,Monaco,2023
0 days 00:30:42.578000,26.1,43.0,1013.4,False,47.5,100,0.8,Monaco,2023
0 days 00:31:42.576000,26.0,43.0,1013.5,False,47.5,301,0.4,Monaco,2023
0 days 00:32:42.591000,26.0,42.0,1013.4,False,47.8,302,1.1,Monaco,2023
0 days 00:33:42.590000,26.1,42.0,1013.5,False,47.6,301,1.0,Monaco,2023
0 days 00:34:42.589000,26.1,41.0,1013.4,False,47.5,63,0.8,Monaco,2023
0 days 00:35:42.619000,26.0,42.0,1013.4,False,47.0,305,0.6,Monaco,2023
0 days 00:36:42.602000,26.0,41.0,1013.5,False,47.0,11,1.1,Monaco,2023
0 days 00:37:42.601000,26.0,42.0,1013.4,False,46.7,291,0.6,Monaco,2023
0 days 00:38:42.600000,26.0,42.0,1013.5,False,46.5,82,1.2,Monaco,2023
0 days 00:39:42.615000,26.0,43.0,1013.4,False,46.5,12,0.8,Monaco,2023
0 days 00:40:42.645000,25.9,42.0,1013.5,False,46.6,143,0.6,Monaco,2023
0 days 00:41:42.628000,25.9,42.0,1013.5,False,46.9,132,0.6,Monaco,2023
0 days 00:42:42.627000,26.0,42.0,1013.5,False,46.3,167,1.5,Monaco,2023
0 days 00:43:42.642000,25.8,43.0,1013.5,False,46.2,119,0.6,Monaco,2023
0 days 00:44:42.640000,25.7,43.0,1013.5,False,45.7,270,0.6,Monaco,2023
0 days 00:45:42.639000,25.6,43.0,1013.5,False,45.7,152,0.6,Monaco,2023
0 days 00:46:42.654000,25.5,42.0,1013.5,False,45.5,138,0.8,Monaco,2023
0 days 00:47:42.653000,25.3,43.0,1013.5,False,45.5,0,1.2,Monaco,2023
0 days 00:48:42.652000,25.3,43.0,1013.5,False,45.4,134,0.8,Monaco,2023
0 days 00:49:42.666000,25.2,43.0,1013.5,False,44.8,291,0.5,Monaco,2023
0 days 00:50:42.665000,25.2,44.0,1013.5,False,44.7,51,0.6,Monaco,2023
0 days 00:51:42.680000,25.2,44.0,1013.5,False,44.5,154,1.2,Monaco,2023
0 days 00:52:42.679000,25.3,44.0,1013.5,False,44.3,0,1.2,Monaco,2023
0 days 00:53:42.678000,25.3,44.0,1013.4,False,44.3,154,1.2,Monaco,2023
0 days 00:54:42.692000,25.4,44.0,1013.5,False,44.0,0,0.8,Monaco,2023
0 days 00:55:42.691000,25.3,45.0,1013.5,False,43.7,133,0.3,Monaco,2023
0 days 00:56:42.722000,25.3,44.0,1013.5,False,43.3,0,1.0,Monaco,2023
0 days 00:57:42.720000,25.3,45.0,1013.4,False,43.0,296,0.8,Monaco,2023
0 days 00:58:42.719000,25.3,44.0,1013.4,False,43.0,298,1.0,Monaco,2023
0 days 00:59:42.718000,25.3,44.0,1013.4,False,42.9,125,0.8,Monaco,2023
0 days 01:00:42.717000,25.2,44.0,1013.4,False,42.3,155,0.5,Monaco,2023
0 days 01:01:42.717000,25.1,44.0,1013.5,False,42.3,94,0.4,Monaco,2023
0 days 01:02:42.715000,25.2,44.0,1013.4,False,43.1,153,0.8,Monaco,2023
0 days 01:03:42.714000,25.2,44.0,1013.4,False,43.1,48,1.0,Monaco,2023
0 days 01:04:42.729000,25.2,45.0,1013.5,False,42.8,66,0.8,Monaco,2023
0 days 01:05:42.712000,25.3,45.0,1013.4,False,42.8,18,1.0,Monaco,2023
0 days 01:06:42.711000,25.4,45.0,1013.5,False,42.8,115,1.0,Monaco,2023
0 days 01:07:42.710000,25.5,44.0,1013.5,False,42.4,161,1.3,Monaco,2023
0 days 01:08:42.709000,25.4,44.0,1013.5,False,42.4,132,1.0,Monaco,2023
0 days 01:09:42.723000,25.4,44.0,1013.5,False,41.6,76,0.8,Monaco,2023
0 days 01:10:42.722000,25.4,44.0,1013.5,False,41.4,50,0.6,Monaco,2023
0 days 01:11:42.721000,25.4,44.0,1013.5,False,40.9,359,0.8,Monaco,2023
0 days 01:12:42.720000,25.4,44.0,1013.5,False,41.0,147,1.2,Monaco,2023
0 days 01:13:42.719000,25.5,43.0,1013.5,False,41.2,140,1.2,Monaco,2023
0 days 01:14:42.718000,25.5,42.0,1013.5,False,40.9,137,2.2,Monaco,2023
0 days 01:15:42.717000,25.4,43.0,1013.5,False,40.2,142,1.2,Monaco,2023
0 days 01:16:42.700000,25.3,44.0,1013.5,False,40.0,1,0.6,Monaco,2023
0 days 01:17:42.715000,25.3,44.0,1013.5,False,40.0,0,1.7,Monaco,2023
0 days 01:18:42.714000,25.4,43.0,1013.5,False,40.1,136,0.6,Monaco,2023
0 days 01:19:42.713000,25.4,43.0,1013.5,False,40.1,146,1.2,Monaco,2023
0 days 01:20:42.712000,25.3,43.0,1013.5,False,39.9,148,0.8,Monaco,2023
0 days 01:21:42.742000,25.3,44.0,1013.7,False,39.9,134,1.6,Monaco,2023
0 days 01:22:42.710000,25.3,44.0,1013.5,False,39.5,129,0.8,Monaco,2023
0 days 01:23:42.724000,25.3,44.0,1013.5,False,39.5,168,0.8,Monaco,2023
0 days 01:24:42.723000,25.2,44.0,1013.5,False,39.8,145,0.8,Monaco,2023
0 days 01:25:42.722000,25.3,43.0,1013.5,False,39.8,104,1.5,Monaco,2023
0 days 01:26:42.737000,25.3,42.0,1013.5,False,39.9,132,0.6,Monaco,2023
0 days 01:27:42.751000,25.3,42.0,1013.5,False,39.9,142,1.2,Monaco,2023
0 days 01:28:42.766000,25.3,43.0,1013.5,False,39.7,91,2.0,Monaco,2023
0 days 01:29:42.780000,25.4,43.0,1013.5,False,39.2,154,1.3,Monaco,2023
0 days 01:30:42.779000,25.4,43.0,1013.5,False,39.1,125,1.6,Monaco,2023
0 days 01:31:42.794000,25.3,43.0,1013.4,False,39.1,151,1.2,Monaco,2023
0 days 01:32:42.808000,25.4,42.0,1013.4,False,39.0,141,1.1,Monaco,2023
0 days 01:33:42.823000,25.4,42.0,1013.2,False,39.0,140,1.5,Monaco,2023
0 days 01:34:42.837000,25.4,42.0,1013.4,False,38.8,152,1.8,Monaco,2023
0 days 01:35:42.852000,25.3,42.0,1013.2,False,38.6,132,1.2,Monaco,2023
0 days 01:36:42.851000,25.3,42.0,1013.2,False,38.8,131,0.6,Monaco,2023
0 days 01:37:42.850000,25.4,42.0,1013.4,False,39.1,158,1.2,Monaco,2023
0 days 01:38:42.849000,25.4,41.0,1013.2,False,39.1,134,1.0,Monaco,2023
0 days 01:39:42.848000,25.4,41.0,1013.2,False,38.9,166,0.8,Monaco,2023
0 days 01:40:42.847000,25.5,41.0,1013.2,False,38.8,81,1.1,Monaco,2023
0 days 01:41:42.846000,25.6,41.0,1013.4,False,38.6,168,0.8,Monaco,2023
0 days 01:42:42.844000,25.6,40.0,1013.4,False,38.4,110,1.0,Monaco,2023
0 days 01:43:42.843000,25.6,40.0,1013.5,False,38.4,137,1.0,Monaco,2023
0 days 01:44:42.842000,25.6,40.0,1013.4,False,38.4,156,1.0,Monaco,2023
0 days 01:45:42.857000,25.5,41.0,1013.5,False,38.4,147,1.2,Monaco,2023
0 days 01:46:42.856000,25.5,41.0,1013.4,False,37.9,92,1.0,Monaco,2023
0 days 01:47:42.870000,25.5,41.0,1013.4,False,37.9,174,1.1,Monaco,2023
0 days 01:48:42.869000,25.4,41.0,1013.4,False,37.9,154,1.6,Monaco,2023
0 days 01:49:42.884000,25.3,41.0,1013.4,False,37.6,145,1.1,Monaco,2023
0 days 01:50:42.914000,25.3,41.0,1013.2,False,37.5,140,1.3,Monaco,2023
0 days 01:51:42.897000,25.3,41.0,1013.4,False,36.8,67,0.6,Monaco,2023
0 days 01:52:42.912000,25.3,41.0,1013.4,False,36.8,158,1.2,Monaco,2023
0 days 01:53:42.926000,25.3,41.0,1013.2,False,36.7,143,1.0,Monaco,2023
0 days 01:54:42.941000,25.3,41.0,1013.4,False,36.8,152,1.2,Monaco,2023
0 days 01:55:42.940000,25.3,42.0,1013.2,False,36.5,139,1.2,Monaco,2023
0 days 01:56:42.954000,25.3,41.0,1013.2,False,36.5,109,1.2,Monaco,2023
0 days 01:57:42.969000,25.2,42.0,1013.4,False,36.4,151,0.8,Monaco,2023
0 days 01:58:42.968000,25.2,42.0,1013.4,False,36.3,155,1.1,Monaco,2023
0 days 01:59:42.967000,25.2,42.0,1013.4,False,36.3,0,0.0,Monaco,2023
0 days 02:00:42.981000,25.1,43.0,1013.4,False,36.1,153,0.8,Monaco,2023
0 days 02:01:42.980000,25.0,43.0,1013.2,False,36.1,131,0.8,Monaco,2023
0 days 02:02:42.979000,25.0,43.0,1013.4,False,36.0,70,0.8,Monaco,2023
0 days 02:03:42.963000,25.1,42.0,1013.4,False,36.0,145,1.0,Monaco,2023
0 days 02:04:42.977000,25.0,42.0,1013.2,False,35.9,128,2.0,Monaco,2023
0 days 02:05:42.976000,25.0,42.0,1013.2,False,35.8,163,1.0,Monaco,2023
0 days 02:06:42.975000,25.0,43.0,1013.4,False,35.8,158,0.6,Monaco,2023
0 days 02:07:42.974000,25.0,43.0,1013.2,False,35.7,130,1.1,Monaco,2023
0 days 02:08:42.973000,25.0,43.0,1013.4,False,35.7,0,0.4,Monaco,2023
0 days 02:09:42.972000,25.0,42.0,1013.2,False,35.3,97,0.5,Monaco,2023
0 days 02:10:42.971000,24.9,42.0,1013.2,False,35.2,172,1.2,Monaco,2023
0 days 02:11:42.970000,24.8,42.0,1013.2,True,35.1,75,0.6,Monaco,2023
0 days 02:12:42.968000,24.7,42.0,1013.2,True,34.9,133,0.8,Monaco,2023
0 days 02:13:42.967000,24.7,43.0,1013.2,True,34.7,0,0.8,Monaco,2023
0 days 02:14:42.982000,24.6,43.0,1013.2,True,34.5,217,0.5,Monaco,2023
0 days 02:15:42.965000,24.6,44.0,1013.2,True,34.0,201,0.8,Monaco,2023
0 days 02:16:42.964000,24.5,45.0,1013.2,True,33.9,104,0.6,Monaco,2023
0 days 02:17:42.979000,24.3,48.0,1013.2,True,32.8,276,0.5,Monaco,2023
0 days 02:18:42.978000,24.0,49.0,1013.2,True,31.7,147,0.6,Monaco,2023
0 days 02:19:43.039000,24.0,51.0,1013.2,True,31.3,0,1.2,Monaco,2023
0 days 02:20:42.976000,24.0,52.0,1013.2,True,30.1,127,0.6,Monaco,2023
0 days 02:21:42.974000,24.0,50.0,1013.2,True,29.7,150,0.8,Monaco,2023
0 days 02:22:42.973000,23.9,51.0,1013.2,True,29.6,189,1.2,Monaco,2023
0 days 02:23:42.972000,23.8,47.0,1013.2,True,29.5,142,0.6,Monaco,2023
0 days 02:24:43.065000,23.6,58.0,1013.2,True,29.2,154,1.3,Monaco,2023
0 days 02:25:42.970000,23.5,58.0,1013.2,True,28.7,147,1.0,Monaco,2023
0 days 02:26:42.969000,23.5,62.0,1013.2,True,28.4,132,1.3,Monaco,2023
0 days 02:27:42.968000,23.3,62.0,1013.2,True,28.2,146,1.8,Monaco,2023
0 days 02:28:42.967000,23.1,65.0,1013.2,True,27.7,145,1.7,Monaco,2023
0 days 02:29:42.981000,23.0,65.0,1013.2,True,27.7,146,1.7,Monaco,2023
0 days 02:30:42.980000,23.0,66.0,1013.2,True,27.2,141,1.6,Monaco,2023
0 days 02:31:42.979000,23.1,67.0,1013.2,True,27.4,134,1.6,Monaco,2023
0 days 02:32:42.978000,23.1,66.0,1013.2,True,27.4,146,1.6,Monaco,2023
0 days 02:33:42.993000,23.2,66.0,1013.2,True,27.3,142,1.7,Monaco,2023
0 days 02:34:42.992000,23.1,65.0,1013.2,True,27.4,152,1.7,Monaco,2023
0 days 02:35:42.975000,23.1,65.0,1013.2,True,27.6,136,1.7,Monaco,2023
0 days 02:36:42.990000,23.3,64.0,1013.2,True,27.7,143,1.7,Monaco,2023
0 days 02:37:42.973000,23.3,63.0,1013.2,False,27.8,138,2.0,Monaco,2023
0 days 02:38:43.003000,23.4,62.0,1013.2,False,28.1,151,1.6,Monaco,2023
0 days 02:39:42.971000,23.5,63.0,1013.2,False,28.2,140,1.7,Monaco,2023
0 days 02:40:42.970000,23.5,62.0,1013.0,False,28.7,148,1.7,Monaco,2023
0 days 02:41:42.968000,23.6,59.0,1013.0,False,29.0,137,2.0,Monaco,2023
0 days 02:42:42.999000,23.6,58.0,1013.0,False,29.2,136,2.0,Monaco,2023
0 days 02:43:43.013000,23.7,57.0,1013.0,False,29.6,139,1.3,Monaco,2023
0 days 02:44:43.012000,23.8,57.0,1013.0,False,30.0,138,1.3,Monaco,2023
0 days 02:45:43.011000,23.8,57.0,1013.0,False,30.0,125,1.1,Monaco,2023
0 days 02:46:43.026000,23.8,56.0,1013.0,False,30.3,146,1.5,Monaco,2023
0 days 02:47:43.040000,23.9,57.0,1013.0,False,30.4,138,1.5,Monaco,2023
0 days 02:48:43.055000,23.9,57.0,1012.9,False,30.7,136,1.7,Monaco,2023
0 days 02:49:43.069000,24.0,59.0,1012.9,False,30.7,144,1.3,Monaco,2023
0 days 02:50:43.068000,23.9,58.0,1012.9,False,30.7,135,1.5,Monaco,2023
0 days 02:51:43.083000,23.9,56.0,1012.9,False,30.7,134,1.3,Monaco,2023
0 days 02:52:43.097000,23.9,54.0,1013.0,False,30.7,131,1.1,Monaco,2023
0 days 02:53:43.096000,23.9,55.0,1012.7,False,30.5,115,0.6,Monaco,2023
0 days 02:54:43.095000,23.9,56.0,1012.7,False,30.6,135,0.5,Monaco,2023
0 days 02:55:43.110000,23.9,55.0,1012.7,False,30.6,123,0.8,Monaco,2023
0 days 00:00:23.518000,30.0,68.0,1007.9,False,38.3,106,0.8,Singapore,2023
0 days 00:01:23.533000,30.1,68.0,1007.9,False,38.5,168,1.2,Singapore,2023
0 days 00:02:23.532000,30.0,68.0,1008.0,False,38.6,198,1.2,Singapore,2023
0 days 00:03:23.531000,30.0,68.0,1008.0,False,38.6,162,1.6,Singapore,2023
0 days 00:04:23.531000,30.0,68.0,1007.9,False,38.4,175,0.8,Singapore,2023
0 days 00:05:23.546000,30.0,69.0,1008.0,False,38.1,203,1.1,Singapore,2023
0 days 00:06:23.545000,30.0,69.0,1008.0,False,38.3,194,1.2,Singapore,2023
0 days 00:07:23.544000,30.0,68.0,1008.0,False,38.1,161,1.1,Singapore,2023
0 days 00:08:23.544000,30.0,67.0,1008.0,False,38.6,164,1.1,Singapore,2023
0 days 00:09:23.543000,30.0,68.0,1008.0,False,38.2,181,1.2,Singapore,2023
0 days 00:10:23.542000,30.0,68.0,1008.0,False,38.1,166,0.8,Singapore,2023
0 days 00:11:23.542000,30.0,67.0,1008.0,False,38.2,152,1.2,Singapore,2023
0 days 00:12:23.541000,30.0,67.0,1008.0,False,38.1,179,1.1,Singapore,2023
0 days 00:13:23.540000,30.1,67.0,1008.0,False,38.1,145,1.2,Singapore,2023
0 days 00:14:23.540000,30.1,68.0,1008.0,False,38.0,0,1.2,Singapore,2023
0 days 00:15:23.539000,30.2,67.0,1008.0,False,38.0,186,1.0,Singapore,2023
0 days 00:16:23.538000,30.2,67.0,1008.0,False,37.7,188,1.2,Singapore,2023
0 days 00:17:23.553000,30.2,67.0,1008.0,False,37.7,164,1.1,Singapore,2023
0 days 00:18:23.568000,30.2,67.0,1008.0,False,38.3,182,1.3,Singapore,2023
0 days 00:19:23.583000,30.2,67.0,1008.0,False,37.9,186,1.2,Singapore,2023
0 days 00:20:23.598000,30.1,68.0,1008.0,False,37.5,197,1.5,Singapore,2023
0 days 00:21:23.598000,30.0,69.0,1007.9,False,37.4,162,1.1,Singapore,2023
0 days 00:22:23.597000,30.0,69.0,1007.9,False,37.4,189,0.6,Singapore,2023
0 days 00:23:23.612000,30.0,70.0,1007.9,False,37.5,201,0.6,Singapore,2023
0 days 00:24:23.627000,29.9,69.0,1007.9,False,37.7,190,1.2,Singapore,2023
0 days 00:25:23.642000,29.9,69.0,1008.0,False,37.8,157,1.1,Singapore,2023
0 days 00:26:23.641000,29.9,70.0,1008.0,False,37.7,171,1.2,Singapore,2023
0 days 00:27:23.656000,29.9,69.0,1007.9,False,37.9,214,0.8,Singapore,2023
0 days 00:28:23.671000,29.9,70.0,1007.9,False,37.6,164,1.0,Singapore,2023
0 days 00:29:23.670000,29.9,69.0,1007.9,False,37.9,199,1.1,Singapore,2023
0 days 00:30:23.685000,29.9,69.0,1007.9,False,37.9,192,1.1,Singapore,2023
0 days 00:31:23.685000,29.9,69.0,1007.9,False,37.9,176,1.0,Singapore,2023
0 days 00:32:23.684000,29.9,69.0,1007.9,False,37.7,156,1.2,Singapore,2023
0 days 00:33:23.683000,29.9,69.0,1007.9,False,37.7,184,1.2,Singapore,2023
0 days 00:34:23.683000,29.8,69.0,1007.9,False,37.4,160,1.2,Singapore,2023
0 days 00:35:23.682000,29.8,69.0,1008.0,False,37.0,177,1.2,Singapore,2023
0 days 00:36:23.681000,29.8,69.0,1007.9,False,37.1,182,1.0,Singapore,2023
0 days 00:37:23.681000,29.8,69.0,1008.0,False,37.2,155,1.1,Singapore,2023
0 days 00:38:23.680000,29.8,69.0,1008.0,False,37.2,167,0.8,Singapore,2023
0 days 00:39:23.695000,29.8,69.0,1008.0,False,37.5,159,1.2,Singapore,2023
0 days 00:40:23.679000,29.8,70.0,1008.0,False,37.5,156,0.8,Singapore,2023
0 days 00:41:23.678000,29.8,69.0,1008.0,False,37.2,188,1.2,Singapore,2023
0 days 00:42:23.693000,29.8,70.0,1007.9,False,37.1,127,1.2,Singapore,2023
0 days 00:43:23.692000,29.7,70.0,1008.0,False,36.7,130,1.0,Singapore,2023
0 days 00:44:23.692000,29.8,70.0,1008.0,False,36.7,199,0.8,Singapore,2023
0 days 00:45:23.691000,29.8,71.0,1008.0,False,36.7,141,1.0,Singapore,2023
0 days 00:46:23.690000,29.8,70.0,1008.0,False,37.3,155,0.8,Singapore,2023
0 days 00:47:23.690000,29.8,70.0,1008.0,False,37.3,179,1.2,Singapore,2023
0 days 00:48:23.689000,29.8,70.0,1008.2,False,37.5,181,0.8,Singapore,2023
0 days 00:49:23.688000,29.8,69.0,1008.2,False,37.1,206,1.5,Singapore,2023
0 days 00:50:23.688000,29.8,70.0,1008.2,False,37.1,203,1.1,Singapore,2023
0 days 00:51:23.687000,29.7,70.0,1008.2,False,37.1,154,0.8,Singapore,2023
0 days 00:52:23.686000,29.8,70.0,1008.4,False,37.1,168,0.8,Singapore,2023
0 days 00:53:23.701000,29.8,70.0,1008.5,False,36.9,167,0.8,Singapore,2023
0 days 00:54:23.685000,29.7,70.0,1008.4,False,37.0,199,1.5,Singapore,2023
0 days 00:55:23.715000,29.7,70.0,1008.5,False,37.3,150,0.8,Singapore,2023
0 days 00:56:23.730000,29.7,71.0,1008.5,False,37.4,169,0.8,Singapore,2023
0 days 00:57:23.745000,29.7,71.0,1008.5,False,37.4,158,1.2,Singapore,2023
0 days 00:58:23.760000,29.8,71.0,1008.5,False,37.2,178,0.8,Singapore,2023
0 days 00:59:23.760000,29.8,71.0,1008.5,False,36.9,159,1.2,Singapore,2023
0 days 01:00:23.759000,29.8,71.0,1008.5,False,36.9,160,1.1,Singapore,2023
0 days 01:01:23.790000,29.7,71.0,1008.7,False,36.9,188,0.8,Singapore,2023
0 days 01:02:23.789000,29.8,71.0,1008.7,False,36.8,178,1.3,Singapore,2023
0 days 01:03:23.804000,29.8,72.0,1008.5,False,36.7,156,1.1,Singapore,2023
0 days 01:04:23.834000,29.8,72.0,1008.7,False,36.7,180,1.0,Singapore,2023
0 days 01:05:23.818000,29.8,72.0,1008.7,False,37.2,188,1.7,Singapore,2023
0 days 01:06:23.817000,29.9,71.0,1008.7,False,37.3,168,1.0,Singapore,2023
0 days 01:07:23.832000,29.9,72.0,1008.7,False,37.3,171,2.0,Singapore,2023
0 days 01:08:23.832000,29.9,71.0,1008.7,False,37.2,183,1.2,Singapore,2023
0 days 01:09:23.831000,29.9,71.0,1008.7,False,37.2,196,1.7,Singapore,2023
0 days 01:10:23.830000,29.9,71.0,1008.7,False,37.0,163,1.2,Singapore,2023
0 days 01:11:23.830000,30.0,71.0,1008.9,False,36.7,172,1.7,Singapore,2023
0 days 01:12:23.829000,30.0,72.0,1008.9,False,36.8,162,1.5,Singapore,2023
0 days 01:13:23.828000,30.0,72.0,1008.9,False,36.8,163,1.2,Singapore,2023
0 days 01:14:23.828000,30.0,71.0,1008.9,False,36.8,163,1.6,Singapore,2023
0 days 01:15:23.843000,30.0,72.0,1008.9,False,36.5,161,1.7,Singapore,2023
0 days 01:16:23.842000,30.0,72.0,1009.0,False,36.3,163,1.7,Singapore,2023
0 days 01:17:23.826000,30.0,73.0,1009.0,False,36.6,168,1.7,Singapore,2023
0 days 01:18:23.841000,30.0,73.0,1009.0,False,36.2,175,1.2,Singapore,2023
0 days 01:19:23.840000,30.0,73.0,1009.0,False,36.8,160,1.6,Singapore,2023
0 days 01:20:23.839000,30.0,72.0,1009.0,False,36.8,145,1.1,Singapore,2023
0 days 01:21:23.838000,30.1,72.0,1009.0,False,36.8,138,2.0,Singapore,2023
0 days 01:22:23.838000,30.0,72.0,1009.0,False,36.8,181,1.5,Singapore,2023
0 days 01:23:23.837000,30.1,72.0,1009.0,False,36.6,158,1.5,Singapore,2023
0 days 01:24:23.837000,30.1,72.0,1009.0,False,36.6,175,1.5,Singapore,2023
0 days 01:25:23.836000,30.1,72.0,1009.0,False,36.4,156,1.2,Singapore,2023
0 days 01:26:23.835000,30.1,72.0,1009.0,False,36.4,169,1.6,Singapore,2023
0 days 01:27:23.834000,30.1,72.0,1009.0,False,36.4,160,1.6,Singapore,2023
0 days 01:28:23.849000,30.1,72.0,1009.0,False,36.4,173,1.6,Singapore,2023
0 days 01:29:23.849000,30.1,72.0,1009.0,False,36.5,186,1.5,Singapore,2023
0 days 01:30:23.848000,30.1,73.0,1009.0,False,36.5,189,1.2,Singapore,2023
0 days 01:31:23.847000,30.0,73.0,1009.0,False,36.5,181,1.0,Singapore,2023
0 days 01:32:23.847000,30.0,73.0,1009.0,False,36.4,185,1.3,Singapore,2023
0 days 01:33:23.846000,30.0,73.0,1009.0,False,36.3,187,1.1,Singapore,2023
0 days 01:34:23.845000,30.0,73.0,1009.2,False,36.3,197,1.5,Singapore,2023
0 days 01:35:23.844000,30.0,73.0,1009.2,False,36.2,158,1.6,Singapore,2023
0 days 01:36:23.844000,30.0,72.0,1009.2,False,36.2,170,1.7,Singapore,2023
0 days 01:37:23.843000,30.0,73.0,1009.2,False,36.3,154,1.6,Singapore,2023
0 days 01:38:23.842000,30.0,72.0,1009.2,False,36.3,174,1.2,Singapore,2023
0 days 01:39:23.842000,30.0,72.0,1009.2,False,36.4,175,1.2,Singapore,2023
0 days 01:40:23.857000,30.0,72.0,1009.2,False,36.2,155,1.6,Singapore,2023
0 days 01:41:23.840000,29.9,72.0,1009.2,False,36.0,159,1.2,Singapore,2023
0 days 01:42:23.840000,30.0,72.0,1009.2,False,36.0,160,1.6,Singapore,2023
0 days 01:43:23.854000,29.9,72.0,1009.2,False,36.1,152,1.5,Singapore,2023
0 days 01:44:23.854000,29.9,73.0,1009.2,False,36.1,166,1.5,Singapore,2023
0 days 01:45:23.853000,29.9,72.0,1009.2,False,35.9,183,1.8,Singapore,2023
0 days 01:46:23.852000,29.9,72.0,1009.2,False,36.0,171,1.7,Singapore,2023
0 days 01:47:23.852000,29.8,72.0,1009.2,False,36.0,161,1.2,Singapore,2023
0 days 01:48:23.851000,29.9,72.0,1009.2,False,36.2,168,1.7,Singapore,2023
0 days 01:49:23.850000,29.9,72.0,1009.2,False,36.1,167,1.7,Singapore,2023
0 days 01:50:23.850000,30.0,72.0,1009.2,False,36.1,176,1.5,Singapore,2023
0 days 01:51:23.849000,30.0,73.0,1009.2,False,35.7,165,1.3,Singapore,2023
0 days 01:52:23.864000,30.0,73.0,1009.4,False,35.7,189,1.6,Singapore,2023
0 days 01:53:23.863000,30.0,74.0,1009.4,False,35.9,179,1.0,Singapore,2023
0 days 01:54:23.894000,30.0,74.0,1009.2,False,35.9,181,1.0,Singapore,2023
0 days 01:55:23.909000,30.0,74.0,1009.5,False,35.9,188,0.8,Singapore,2023
0 days 01:56:23.908000,30.0,74.0,1009.5,False,35.9,188,0.8,Singapore,2023
0 days 01:57:23.923000,30.0,73.0,1009.5,False,35.9,185,1.2,Singapore,2023
0 days 01:58:23.907000,30.0,74.0,1009.4,False,35.9,163,0.8,Singapore,2023
0 days 01:59:23.906000,30.0,74.0,1009.5,False,35.9,168,1.5,Singapore,2023
0 days 02:00:23.905000,30.0,74.0,1009.4,False,35.9,178,1.3,Singapore,2023
0 days 02:01:23.905000,30.0,74.0,1009.5,False,35.9,153,1.5,Singapore,2023
0 days 02:02:23.904000,30.0,74.0,1009.5,False,35.9,166,1.5,Singapore,2023
0 days 02:03:23.919000,30.0,74.0,1009.5,False,35.5,158,1.7,Singapore,2023
0 days 02:04:23.934000,29.9,74.0,1009.5,False,35.4,180,1.7,Singapore,2023
0 days 02:05:23.949000,29.9,74.0,1009.5,False,35.5,158,1.8,Singapore,2023
0 days 02:06:23.948000,29.9,74.0,1009.7,False,35.3,165,1.7,Singapore,2023
0 days 02:07:23.963000,29.8,74.0,1009.7,False,35.5,183,1.8,Singapore,2023
0 days 02:08:23.978000,29.8,74.0,1009.7,False,35.5,168,2.2,Singapore,2023
0 days 02:09:23.993000,29.8,74.0,1009.7,False,35.5,165,2.0,Singapore,2023
0 days 02:10:23.992000,29.7,75.0,1009.7,False,35.5,171,1.8,Singapore,2023
0 days 02:11:23.991000,29.7,74.0,1009.7,False,35.5,189,1.7,Singapore,2023
0 days 02:12:23.991000,29.8,75.0,1009.7,False,35.5,171,1.7,Singapore,2023
0 days 02:13:23.990000,29.8,75.0,1009.7,False,35.5,169,1.8,Singapore,2023
0 days 02:14:23.989000,29.8,74.0,1009.7,False,35.5,167,2.0,Singapore,2023
0 days 02:15:23.989000,29.8,74.0,1009.9,False,35.3,161,1.7,Singapore,2023
0 days 02:16:24.004000,29.7,74.0,1009.9,False,34.8,183,2.4,Singapore,2023
0 days 02:17:23.987000,29.7,74.0,1009.9,False,34.9,174,1.6,Singapore,2023
0 days 02:18:24.002000,29.7,75.0,1009.9,False,35.3,153,2.2,Singapore,2023
0 days 02:19:23.986000,29.6,74.0,1009.9,False,35.3,175,2.2,Singapore,2023
0 days 02:20:24.001000,29.6,74.0,1009.9,False,35.3,165,2.0,Singapore,2023
0 days 02:21:24,29.6,74.0,1009.9,False,35.1,174,2.5,Singapore,2023
0 days 02:22:24,29.6,74.0,1009.9,False,35.0,163,2.4,Singapore,2023
0 days 02:23:23.999000,29.5,75.0,1009.9,False,35.0,168,2.2,Singapore,2023
0 days 02:24:23.998000,29.5,75.0,1009.9,False,34.9,181,2.2,Singapore,2023
0 days 02:25:23.997000,29.5,75.0,1009.9,False,34.9,173,1.6,Singapore,2023
0 days 02:26:23.997000,29.6,75.0,1009.9,False,34.8,167,1.7,Singapore,2023
0 days 02:27:23.996000,29.5,75.0,1010.0,False,35.0,161,1.8,Singapore,2023
0 days 02:28:23.995000,29.6,75.0,1010.0,False,34.9,134,1.8,Singapore,2023
0 days 02:29:23.995000,29.6,75.0,1010.0,False,35.2,178,1.2,Singapore,2023
0 days 02:30:24.010000,29.6,75.0,1010.0,False,35.2,156,1.8,Singapore,2023
0 days 02:31:24.009000,29.6,75.0,1010.0,False,35.6,178,1.7,Singapore,2023
0 days 02:32:24.008000,29.7,75.0,1010.0,False,35.3,180,1.7,Singapore,2023
0 days 02:33:24.008000,29.6,75.0,1010.0,False,34.9,164,2.2,Singapore,2023
0 days 02:34:24.007000,29.6,75.0,1010.0,False,34.8,162,2.0,Singapore,2023
0 days 02:35:24.006000,29.6,75.0,1010.0,False,34.6,172,1.5,Singapore,2023
0 days 02:36:24.006000,29.6,76.0,1009.9,False,34.6,174,1.3,Singapore,2023
0 days 02:37:24.005000,29.5,76.0,1010.0,False,34.8,157,1.8,Singapore,2023
0 days 02:38:24.004000,29.5,76.0,1010.0,False,34.8,167,1.8,Singapore,2023
0 days 02:39:24.004000,29.5,76.0,1010.0,False,34.8,177,1.7,Singapore,2023
0 days 02:40:24.003000,29.6,76.0,1010.0,False,34.8,179,2.0,Singapore,2023
0 days 02:41:24.002000,29.6,76.0,1010.0,False,34.8,173,1.7,Singapore,2023
0 days 02:42:24.001000,29.5,76.0,1010.2,False,34.9,160,2.0,Singapore,2023
0 days 02:43:24.016000,29.5,76.0,1010.2,False,35.0,173,2.0,Singapore,2023
0 days 02:44:24.016000,29.5,76.0,1010.0,False,35.2,173,1.5,Singapore,2023
0 days 02:45:24.015000,29.5,76.0,1010.2,False,35.1,191,1.8,Singapore,2023
0 days 02:46:24.014000,29.5,76.0,1010.0,False,35.0,168,1.7,Singapore,2023
0 days 02:47:24.014000,29.5,76.0,1010.0,False,34.9,171,1.7,Singapore,2023
0 days 02:48:24.013000,29.5,76.0,1010.2,False,34.9,185,2.2,Singapore,2023
0 days 02:49:24.012000,29.4,76.0,1010.0,False,34.8,176,2.0,Singapore,2023
0 days 02:50:24.012000,29.5,76.0,1010.0,False,34.9,184,2.5,Singapore,2023
0 days 02:51:24.011000,29.5,76.0,1010.0,False,35.0,170,2.0,Singapore,2023
0 days 02:52:24.010000,29.5,76.0,1010.2,False,35.0,188,1.7,Singapore,2023
0 days 02:53:24.010000,29.5,76.0,1010.2,False,35.0,162,1.7,Singapore,2023
0 days 02:54:24.009000,29.5,76.0,1010.2,False,35.0,0,1.5,Singapore,2023
0 days 02:55:24.024000,29.4,77.0,1010.2,False,35.0,171,0.6,Singapore,2023
0 days 00:00:23.484000,17.0,66.0,966.5,False,26.3,83,2.5,Belgium,2023
0 days 00:01:23.452000,17.0,65.0,966.5,False,26.5,269,1.3,Belgium,2023
0 days 00:02:23.467000,17.0,66.0,966.5,False,26.6,81,1.2,Belgium,2023
0 days 00:03:23.467000,17.0,66.0,966.5,False,26.6,92,0.6,Belgium,2023
0 days 00:04:23.466000,17.0,65.0,966.4,False,27.1,215,1.2,Belgium,2023
0 days 00:05:23.450000,17.1,65.0,966.4,False,27.0,133,1.5,Belgium,2023
0 days 00:06:23.464000,17.1,65.0,966.4,False,27.0,108,2.0,Belgium,2023
0 days 00:07:23.464000,17.1,64.0,966.4,False,27.3,158,1.8,Belgium,2023
0 days 00:08:23.479000,17.1,64.0,966.5,False,27.1,1,1.3,Belgium,2023
0 days 00:09:23.478000,17.2,63.0,966.5,False,27.1,127,0.8,Belgium,2023
0 days 00:10:23.493000,17.2,63.0,966.5,False,27.2,86,1.7,Belgium,2023
0 days 00:11:23.524000,17.3,62.0,966.5,False,27.9,111,1.1,Belgium,2023
0 days 00:12:23.507000,17.3,63.0,966.5,False,28.0,100,1.0,Belgium,2023
0 days 00:13:23.538000,17.4,63.0,966.5,False,28.0,42,2.5,Belgium,2023
0 days 00:14:23.522000,17.4,63.0,966.5,False,27.5,146,2.2,Belgium,2023
0 days 00:15:23.552000,17.5,63.0,966.5,False,27.4,135,2.0,Belgium,2023
0 days 00:16:23.551000,17.4,63.0,966.5,False,27.4,71,1.8,Belgium,2023
0 days 00:17:23.551000,17.7,62.0,966.4,False,27.8,149,1.1,Belgium,2023
0 days 00:18:23.550000,17.7,61.0,966.5,False,27.8,228,2.0,Belgium,2023
0 days 00:19:23.550000,17.8,62.0,966.5,False,27.8,187,1.7,Belgium,2023
0 days 00:20:23.549000,17.8,62.0,966.5,False,27.6,264,0.8,Belgium,2023
0 days 00:21:23.548000,17.6,62.0,966.5,False,27.7,0,0.8,Belgium,2023
0 days 00:22:23.547000,17.6,63.0,966.5,False,28.0,193,0.5,Belgium,2023
0 days 00:23:23.563000,17.5,63.0,966.5,False,28.2,110,0.8,Belgium,2023
0 days 00:24:23.546000,17.5,63.0,966.5,False,28.3,134,1.6,Belgium,2023
0 days 00:25:23.561000,17.5,62.0,966.5,False,28.2,159,1.8,Belgium,2023
0 days 00:26:23.576000,17.5,62.0,966.5,False,27.7,14,2.0,Belgium,2023
0 days 00:27:23.544000,17.5,62.0,966.5,False,27.5,107,0.4,Belgium,2023
0 days 00:28:23.543000,17.4,63.0,966.5,False,27.4,35,0.8,Belgium,2023
0 days 00:29:23.558000,17.4,62.0,966.5,False,27.7,136,1.7,Belgium,2023
0 days 00:30:23.558000,17.5,63.0,966.7,False,28.0,89,2.0,Belgium,2023
0 days 00:31:23.541000,17.6,63.0,966.5,False,28.2,136,1.1,Belgium,2023
0 days 00:32:23.572000,17.7,62.0,966.5,False,28.2,110,2.0,Belgium,2023
0 days 00:33:23.540000,17.7,62.0,966.5,False,28.1,123,2.4,Belgium,2023
0 days 00:34:23.539000,17.7,63.0,966.5,False,27.7,115,1.7,Belgium,2023
0 days 00:35:23.570000,17.7,62.0,966.5,False,27.4,330,1.2,Belgium,2023
0 days 00:36:23.554000,17.7,63.0,966.5,False,27.2,83,0.6,Belgium,2023
0 days 00:37:23.553000,17.7,63.0,966.5,False,27.1,133,1.1,Belgium,2023
0 days 00:38:23.552000,17.7,63.0,966.5,False,27.1,48,1.2,Belgium,2023
0 days 00:39:23.552000,17.7,62.0,966.5,False,26.6,94,1.5,Belgium,2023
0 days 00:40:23.567000,17.7,62.0,966.7,False,26.6,94,1.0,Belgium,2023
0 days 00:41:23.550000,17.7,62.0,966.7,True,26.7,0,1.2,Belgium,2023
0 days 00:42:23.565000,17.7,62.0,966.5,False,26.7,127,0.8,Belgium,2023
0 days 00:43:23.565000,17.5,62.0,966.7,False,26.5,139,1.6,Belgium,2023
0 days 00:44:23.564000,17.5,63.0,966.7,False,26.5,135,1.5,Belgium,2023
0 days 00:45:23.563000,17.5,63.0,966.7,False,26.6,131,0.8,Belgium,2023
0 days 00:46:23.594000,17.5,63.0,966.7,False,26.6,200,2.7,Belgium,2023
0 days 00:47:23.562000,17.6,62.0,966.7,False,27.2,338,1.7,Belgium,2023
0 days 00:48:23.561000,17.6,63.0,966.7,False,27.5,161,0.8,Belgium,2023
0 days 00:49:23.576000,17.7,63.0,966.5,False,28.4,79,0.8,Belgium,2023
0 days 00:50:23.576000,17.8,62.0,966.7,False,28.5,106,1.7,Belgium,2023
0 days 00:51:23.559000,17.9,63.0,966.7,False,28.4,108,1.0,Belgium,2023
0 days 00:52:23.559000,17.9,62.0,966.5,False,28.6,118,1.5,Belgium,2023
0 days 00:53:23.574000,17.9,62.0,966.5,False,28.6,157,1.8,Belgium,2023
0 days 00:54:23.604000,18.0,61.0,966.5,False,28.3,149,2.0,Belgium,2023
0 days 00:55:23.650000,18.0,62.0,966.5,False,27.9,111,2.5,Belgium,2023
0 days 00:56:23.618000,18.0,62.0,966.5,False,27.9,209,1.7,Belgium,2023
0 days 00:57:23.618000,18.1,61.0,966.5,False,27.7,38,1.2,Belgium,2023
0 days 00:58:23.617000,18.0,61.0,966.5,False,27.4,109,1.1,Belgium,2023
0 days 00:59:23.616000,18.0,61.0,966.5,False,27.0,204,0.8,Belgium,2023
0 days 01:00:23.631000,18.0,61.0,966.7,False,27.0,131,0.8,Belgium,2023
0 days 01:01:23.615000,18.0,63.0,966.5,False,27.4,147,1.7,Belgium,2023
0 days 01:02:23.614000,18.1,59.0,966.5,False,29.7,141,4.5,Belgium,2023
0 days 01:03:23.614000,18.0,58.0,966.7,False,29.2,165,3.0,Belgium,2023
0 days 01:04:23.613000,18.0,59.0,966.7,False,28.6,150,2.7,Belgium,2023
0 days 01:05:23.628000,18.0,60.0,966.7,False,28.7,132,2.9,Belgium,2023
0 days 01:06:23.643000,18.0,58.0,966.7,False,29.0,23,0.8,Belgium,2023
0 days 01:07:23.658000,18.1,58.0,966.5,False,29.4,103,2.4,Belgium,2023
0 days 01:08:23.673000,18.1,58.0,966.5,False,30.1,306,2.0,Belgium,2023
0 days 01:09:23.688000,18.1,57.0,966.5,False,30.1,235,1.7,Belgium,2023
0 days 01:10:23.687000,18.1,57.0,966.5,False,30.4,126,2.0,Belgium,2023
0 days 01:11:23.687000,18.1,57.0,966.5,False,30.6,132,1.2,Belgium,2023
0 days 01:12:23.702000,18.1,57.0,966.5,False,31.4,95,1.5,Belgium,2023
0 days 01:13:23.701000,18.1,57.0,966.5,False,31.5,13,1.8,Belgium,2023
0 days 01:14:23.700000,18.1,57.0,966.5,False,31.5,110,0.8,Belgium,2023
0 days 01:15:23.715000,18.1,58.0,966.5,False,30.7,104,1.8,Belgium,2023
0 days 01:16:23.699000,18.1,58.0,966.5,False,30.6,112,1.2,Belgium,2023
0 days 01:17:23.698000,18.1,57.0,966.5,False,30.2,136,2.7,Belgium,2023
0 days 01:18:23.698000,18.1,57.0,966.7,False,30.1,311,2.2,Belgium,2023
0 days 01:19:23.697000,18.2,57.0,966.5,False,29.6,283,3.0,Belgium,2023
0 days 01:20:23.712000,18.2,58.0,966.7,False,29.6,168,1.7,Belgium,2023
0 days 01:21:23.711000,18.2,59.0,966.7,False,29.8,67,1.8,Belgium,2023
0 days 01:22:23.726000,18.3,58.0,966.7,False,29.9,266,1.2,Belgium,2023
0 days 01:23:23.741000,18.1,60.0,966.7,False,29.5,128,1.2,Belgium,2023
0 days 01:24:23.756000,18.2,60.0,966.7,False,29.2,159,2.5,Belgium,2023
0 days 01:25:23.787000,18.0,60.0,966.7,False,29.1,349,1.7,Belgium,2023
0 days 01:26:23.755000,18.1,60.0,966.7,False,28.8,21,1.1,Belgium,2023
0 days 01:27:23.754000,18.0,60.0,966.9,False,28.4,305,1.0,Belgium,2023
0 days 01:28:23.785000,17.9,61.0,966.7,False,28.4,61,0.8,Belgium,2023
0 days 01:29:23.784000,18.0,61.0,966.7,False,28.3,93,2.7,Belgium,2023
0 days 01:30:23.783000,18.0,61.0,966.7,False,28.3,111,1.5,Belgium,2023
0 days 01:31:23.783000,18.2,61.0,966.7,False,28.3,55,1.0,Belgium,2023
0 days 01:32:23.798000,18.3,61.0,966.7,False,28.8,113,1.2,Belgium,2023
0 days 01:33:23.828000,18.2,61.0,966.7,False,28.8,133,2.4,Belgium,2023
0 days 01:34:23.812000,18.3,61.0,966.7,False,28.7,39,2.9,Belgium,2023
0 days 01:35:23.811000,18.2,61.0,966.7,False,28.3,144,1.0,Belgium,2023
0 days 01:36:23.811000,18.1,61.0,966.7,False,28.2,144,3.0,Belgium,2023
0 days 01:37:23.826000,18.0,61.0,966.7,False,27.9,134,0.8,Belgium,2023
0 days 01:38:23.825000,17.9,62.0,966.7,False,27.8,144,1.2,Belgium,2023
0 days 01:39:23.855000,17.9,62.0,966.7,True,27.5,37,0.3,Belgium,2023
0 days 01:40:23.855000,17.7,63.0,966.7,True,27.4,117,1.0,Belgium,2023
0 days 01:41:23.838000,17.7,63.0,966.7,True,27.2,55,1.5,Belgium,2023
0 days 01:42:23.838000,17.6,63.0,966.9,True,27.2,111,1.5,Belgium,2023
0 days 01:43:23.931000,17.5,65.0,966.9,True,26.0,123,1.5,Belgium,2023
0 days 01:44:23.852000,17.4,65.0,967.0,True,25.6,179,1.7,Belgium,2023
0 days 01:45:23.851000,17.3,65.0,966.9,True,25.3,336,1.3,Belgium,2023
0 days 01:46:23.851000,17.1,66.0,967.0,True,25.1,84,1.7,Belgium,2023
0 days 01:47:23.850000,17.1,67.0,966.9,True,25.0,140,2.2,Belgium,2023
0 days 01:48:23.849000,17.0,68.0,966.9,True,25.0,128,1.7,Belgium,2023
0 days 01:49:23.849000,17.0,68.0,966.9,False,25.0,96,1.5,Belgium,2023
0 days 01:50:23.848000,16.9,69.0,966.9,False,25.0,103,1.1,Belgium,2023
0 days 01:51:23.863000,16.8,69.0,966.9,False,25.6,71,1.7,Belgium,2023
0 days 01:52:23.847000,16.9,67.0,966.9,False,25.9,107,1.0,Belgium,2023
0 days 01:53:23.846000,16.9,69.0,966.7,False,26.1,211,1.0,Belgium,2023
0 days 01:54:23.877000,17.0,69.0,966.7,False,26.9,106,0.8,Belgium,2023
0 days 01:55:23.860000,17.1,68.0,966.7,False,27.9,51,1.7,Belgium,2023
0 days 01:56:23.844000,17.3,66.0,966.7,False,27.9,78,1.6,Belgium,2023
0 days 01:57:23.859000,17.4,66.0,966.7,False,29.3,94,1.0,Belgium,2023
0 days 01:58:23.874000,17.6,66.0,966.7,False,29.5,171,1.8,Belgium,2023
0 days 01:59:23.858000,17.6,66.0,966.7,False,30.3,146,1.1,Belgium,2023
0 days 02:00:23.857000,17.7,65.0,966.7,False,30.6,164,1.6,Belgium,2023
0 days 02:01:23.857000,18.0,63.0,966.7,False,31.0,178,1.7,Belgium,2023
0 days 02:02:23.856000,18.1,62.0,966.7,False,31.0,135,2.4,Belgium,2023
0 days 02:03:23.886000,18.3,61.0,966.7,False,31.1,122,2.7,Belgium,2023
0 days 02:04:23.870000,18.4,61.0,966.7,False,31.0,355,2.0,Belgium,2023
0 days 02:05:23.885000,18.5,62.0,966.7,False,30.0,68,1.3,Belgium,2023
0 days 02:06:23.869000,18.5,61.0,966.7,False,29.7,37,1.3,Belgium,2023
0 days 02:07:23.853000,18.4,61.0,966.7,False,29.3,65,0.6,Belgium,2023
0 days 02:08:23.868000,18.4,60.0,966.9,False,29.3,79,0.8,Belgium,2023
0 days 02:09:23.867000,18.5,60.0,966.7,False,30.1,77,1.0,Belgium,2023
0 days 02:10:23.882000,18.8,59.0,966.7,False,30.7,43,1.7,Belgium,2023
0 days 02:11:23.881000,18.8,59.0,966.7,False,30.7,106,1.3,Belgium,2023
0 days 02:12:23.881000,18.9,59.0,966.7,False,30.0,25,1.2,Belgium,2023
0 days 02:13:23.895000,18.8,60.0,966.7,False,29.1,141,1.7,Belgium,2023
0 days 02:14:23.879000,18.8,60.0,966.7,False,29.1,203,2.0,Belgium,2023
0 days 02:15:23.941000,18.7,62.0,966.5,False,28.8,223,2.5,Belgium,2023
0 days 02:16:23.909000,18.8,62.0,966.5,False,28.8,94,1.7,Belgium,2023
0 days 02:17:23.908000,18.8,61.0,966.7,False,28.8,111,1.6,Belgium,2023
0 days 02:18:23.923000,18.9,62.0,966.7,False,29.0,149,1.5,Belgium,2023
0 days 02:19:23.907000,19.0,61.0,966.7,False,29.9,108,1.2,Belgium,2023
0 days 02:20:23.922000,19.0,60.0,966.7,False,30.0,89,1.5,Belgium,2023
0 days 02:21:23.921000,19.1,59.0,966.5,False,29.7,155,1.5,Belgium,2023
0 days 02:22:23.905000,19.2,59.0,966.7,False,29.3,119,2.2,Belgium,2023
0 days 02:23:23.920000,19.1,60.0,966.7,False,28.9,110,1.2,Belgium,2023
0 days 02:24:23.919000,18.8,61.0,966.7,False,28.4,156,1.2,Belgium,2023
0 days 02:25:23.919000,18.9,61.0,966.7,False,28.4,186,3.2,Belgium,2023
0 days 02:26:23.918000,18.7,61.0,966.7,False,28.3,133,2.0,Belgium,2023
0 days 02:27:23.917000,18.7,61.0,966.7,False,28.0,104,3.5,Belgium,2023
0 days 02:28:23.917000,18.5,59.0,966.7,False,27.9,191,3.5,Belgium,2023
0 days 02:29:23.916000,18.5,61.0,966.7,False,27.7,0,2.0,Belgium,2023
0 days 00:00:22.083000,27.3,46.0,1013.2,False,45.8,109,2.0,Japan,2023
0 days 00:01:22.066000,27.3,46.0,1013.2,False,46.4,118,2.4,Japan,2023
0 days 00:02:22.081000,27.3,45.0,1013.2,False,46.4,124,2.7,Japan,2023
0 days 00:03:22.080000,27.5,46.0,1013.2,False,46.2,117,2.7,Japan,2023
0 days 00:04:22.079000,27.7,45.0,1013.2,False,45.8,117,2.0,Japan,2023
0 days 00:05:22.078000,27.7,45.0,1013.2,False,46.4,121,1.8,Japan,2023
0 days 00:06:22.077000,27.7,44.0,1013.2,False,46.5,125,2.7,Japan,2023
0 days 00:07:22.076000,27.5,44.0,1013.2,False,45.9,101,3.0,Japan,2023
0 days 00:08:22.075000,27.5,45.0,1013.2,False,45.7,116,1.2,Japan,2023
0 days 00:09:22.073000,27.5,45.0,1013.2,False,45.7,144,2.0,Japan,2023
0 days 00:10:22.072000,27.6,44.0,1013.0,False,46.7,124,2.0,Japan,2023
0 days 00:11:22.071000,27.6,43.0,1013.0,False,46.5,112,2.7,Japan,2023
0 days 00:12:22.086000,27.5,44.0,1013.2,False,46.1,112,1.7,Japan,2023
0 days 00:13:22.085000,27.5,45.0,1013.0,False,45.6,115,1.7,Japan,2023
0 days 00:14:22.084000,27.5,44.0,1013.0,False,45.6,107,2.5,Japan,2023
0 days 00:15:22.083000,27.5,43.0,1013.0,False,45.9,108,2.4,Japan,2023
0 days 00:16:22.082000,27.5,43.0,1013.0,False,46.1,125,2.7,Japan,2023
0 days 00:17:22.081000,27.4,43.0,1013.0,False,46.0,112,2.5,Japan,2023
0 days 00:18:22.064000,27.4,43.0,1013.0,False,45.8,114,2.5,Japan,2023
0 days 00:19:22.078000,27.5,42.0,1013.0,False,46.1,136,2.5,Japan,2023
0 days 00:20:22.077000,27.6,42.0,1013.0,False,46.1,112,2.0,Japan,2023
0 days 00:21:22.076000,27.6,41.0,1013.0,False,46.2,104,1.7,Japan,2023
0 days 00:22:22.091000,27.6,41.0,1013.0,False,46.2,100,1.8,Japan,2023
0 days 00:23:22.090000,27.6,41.0,1013.0,False,46.0,86,1.7,Japan,2023
0 days 00:24:22.073000,27.6,42.0,1013.0,False,46.0,123,1.6,Japan,2023
0 days 00:25:22.088000,27.5,41.0,1013.0,False,46.0,107,2.7,Japan,2023
0 days 00:26:22.087000,27.6,41.0,1013.0,False,45.8,121,2.4,Japan,2023
0 days 00:27:22.101000,27.5,41.0,1013.0,False,45.7,137,2.7,Japan,2023
0 days 00:28:22.084000,27.6,41.0,1012.9,False,45.7,113,3.5,Japan,2023
0 days 00:29:22.083000,27.5,42.0,1013.2,False,45.6,131,2.7,Japan,2023
0 days 00:30:22.082000,27.5,42.0,1013.0,False,45.4,127,2.9,Japan,2023
0 days 00:31:22.113000,27.4,41.0,1013.0,False,45.4,134,2.7,Japan,2023
0 days 00:32:22.111000,27.3,40.0,1013.0,False,45.4,113,2.2,Japan,2023
0 days 00:33:22.110000,27.2,41.0,1013.0,False,45.1,122,2.7,Japan,2023
0 days 00:34:22.109000,27.1,40.0,1013.0,False,45.1,110,2.5,Japan,2023
0 days 00:35:22.124000,27.3,41.0,1013.0,False,45.0,129,2.2,Japan,2023
0 days 00:36:22.123000,27.1,41.0,1013.0,False,45.0,132,2.5,Japan,2023
0 days 00:37:22.122000,27.1,41.0,1013.0,False,45.0,134,2.2,Japan,2023
0 days 00:38:22.136000,27.1,41.0,1013.0,False,44.1,131,2.4,Japan,2023
0 days 00:39:22.135000,27.2,40.0,1013.0,False,43.8,108,2.4,Japan,2023
0 days 00:40:22.150000,27.1,41.0,1013.0,False,43.8,114,1.8,Japan,2023
0 days 00:41:22.164000,27.2,41.0,1013.2,False,43.8,113,1.5,Japan,2023
0 days 00:42:22.179000,27.2,41.0,1013.0,False,44.7,100,1.8,Japan,2023
0 days 00:43:22.193000,27.1,40.0,1013.0,False,44.7,109,1.7,Japan,2023
0 days 00:44:22.192000,27.1,41.0,1013.0,False,44.6,114,1.8,Japan,2023
0 days 00:45:22.191000,27.1,40.0,1013.0,False,44.6,125,1.8,Japan,2023
0 days 00:46:22.190000,27.1,41.0,1013.0,False,44.8,113,1.7,Japan,2023
0 days 00:47:22.205000,27.1,40.0,1013.0,False,44.3,129,2.4,Japan,2023
0 days 00:48:22.235000,27.2,41.0,1013.0,False,44.6,111,2.2,Japan,2023
0 days 00:49:22.218000,27.3,41.0,1013.0,False,44.6,114,2.0,Japan,2023
0 days 00:50:22.233000,27.3,41.0,1013.0,False,44.6,106,2.7,Japan,2023
0 days 00:51:22.232000,27.5,41.0,1012.9,False,44.5,120,2.4,Japan,2023
0 days 00:52:22.215000,27.5,41.0,1013.0,False,44.4,142,2.7,Japan,2023
0 days 00:53:22.230000,27.4,41.0,1013.0,False,44.5,137,2.7,Japan,2023
0 days 00:54:22.229000,27.4,41.0,1012.9,False,44.4,112,1.7,Japan,2023
0 days 00:55:22.228000,27.4,41.0,1013.0,False,44.3,109,2.5,Japan,2023
0 days 00:56:22.226000,27.3,41.0,1013.0,False,44.3,116,3.0,Japan,2023
0 days 00:57:22.225000,27.2,41.0,1013.0,False,44.3,121,3.2,Japan,2023
0 days 00:58:22.240000,27.2,41.0,1013.0,False,44.1,112,3.0,Japan,2023
0 days 00:59:22.239000,27.1,42.0,1013.0,False,43.7,119,2.7,Japan,2023
0 days 01:00:22.238000,27.1,43.0,1013.0,False,43.8,112,2.5,Japan,2023
0 days 01:01:22.237000,27.1,42.0,1013.0,False,43.8,125,1.7,Japan,2023
0 days 01:02:22.236000,27.0,42.0,1013.0,False,43.9,147,2.0,Japan,2023
0 days 01:03:22.235000,27.0,42.0,1013.0,False,44.0,145,2.5,Japan,2023
0 days 01:04:22.234000,27.0,42.0,1013.0,False,43.9,138,2.5,Japan,2023
0 days 01:05:22.232000,27.0,41.0,1013.0,False,43.9,129,1.7,Japan,2023
0 days 01:06:22.247000,27.1,39.0,1013.0,False,44.1,119,2.7,Japan,2023
0 days 01:07:22.230000,27.1,41.0,1013.0,False,43.6,135,3.0,Japan,2023
0 days 01:08:22.229000,27.1,42.0,1013.0,False,43.5,110,1.5,Japan,2023
0 days 01:09:22.244000,27.2,42.0,1013.0,False,43.5,113,1.7,Japan,2023
0 days 01:10:22.243000,27.2,42.0,1013.0,False,43.7,136,2.5,Japan,2023
0 days 01:11:22.257000,27.2,41.0,1013.0,False,43.7,130,2.5,Japan,2023
0 days 01:12:22.241000,27.2,43.0,1013.0,False,43.2,133,3.0,Japan,2023
0 days 01:13:22.240000,27.1,43.0,1013.0,False,43.0,114,2.2,Japan,2023
0 days 01:14:22.239000,27.2,43.0,1013.0,False,42.6,133,2.0,Japan,2023
0 days 01:15:22.237000,27.2,42.0,1012.9,False,43.0,130,3.0,Japan,2023
0 days 01:16:22.236000,27.1,43.0,1013.0,False,42.4,123,2.4,Japan,2023
0 days 01:17:22.235000,27.1,42.0,1013.0,False,42.8,79,1.3,Japan,2023
0 days 01:18:22.250000,27.1,42.0,1013.0,False,43.0,106,1.2,Japan,2023
0 days 01:19:22.249000,27.2,41.0,1013.0,False,43.1,85,1.2,Japan,2023
0 days 01:20:22.232000,27.1,41.0,1012.9,False,43.0,9,1.7,Japan,2023
0 days 01:21:22.247000,27.1,41.0,1013.0,False,42.9,139,1.0,Japan,2023
0 days 01:22:22.246000,27.1,40.0,1012.9,False,43.5,155,1.5,Japan,2023
0 days 01:23:22.260000,27.2,40.0,1012.9,False,43.5,95,1.7,Japan,2023
0 days 01:24:22.275000,27.2,41.0,1012.7,False,43.3,145,1.6,Japan,2023
0 days 01:25:22.289000,27.3,40.0,1012.9,False,43.3,324,0.8,Japan,2023
0 days 01:26:22.304000,27.3,41.0,1012.7,False,43.4,97,1.2,Japan,2023
0 days 01:27:22.287000,27.3,41.0,1012.9,False,43.4,35,1.2,Japan,2023
0 days 01:28:22.302000,27.4,41.0,1012.9,False,43.1,132,1.6,Japan,2023
0 days 01:29:22.301000,27.3,41.0,1012.9,False,43.2,135,0.8,Japan,2023
0 days 01:30:22.300000,27.3,40.0,1012.7,False,43.0,85,0.8,Japan,2023
0 days 01:31:22.299000,27.2,40.0,1012.7,False,43.0,87,1.6,Japan,2023
0 days 01:32:22.297000,27.2,40.0,1012.9,False,43.1,308,1.1,Japan,2023
0 days 01:33:22.296000,27.3,40.0,1012.9,False,43.1,92,1.1,Japan,2023
0 days 01:34:22.311000,27.3,40.0,1012.9,False,43.0,141,0.8,Japan,2023
0 days 01:35:22.294000,27.3,41.0,1012.9,False,43.2,96,2.0,Japan,2023
0 days 01:36:22.293000,27.3,42.0,1012.9,False,42.8,128,1.0,Japan,2023
0 days 01:37:22.308000,27.2,42.0,1012.9,False,42.6,82,1.2,Japan,2023
0 days 01:38:22.307000,27.3,43.0,1012.9,False,42.5,199,0.8,Japan,2023
0 days 01:39:22.306000,27.3,42.0,1012.9,False,42.3,3,1.7,Japan,2023
0 days 01:40:22.320000,27.3,42.0,1012.9,False,42.3,134,1.0,Japan,2023
0 days 01:41:22.335000,27.3,43.0,1013.0,False,42.7,76,1.3,Japan,2023
0 days 01:42:22.349000,27.3,43.0,1013.0,False,40.8,20,1.7,Japan,2023
0 days 01:43:22.348000,27.3,42.0,1012.9,False,40.7,145,1.0,Japan,2023
0 days 01:44:22.363000,27.3,41.0,1012.9,False,40.5,100,1.8,Japan,2023
0 days 01:45:22.377000,27.4,39.0,1012.9,False,40.4,83,1.3,Japan,2023
0 days 01:46:22.376000,27.4,39.0,1012.9,False,40.2,326,1.8,Japan,2023
0 days 01:47:22.391000,27.5,39.0,1013.0,False,39.6,22,1.1,Japan,2023
0 days 01:48:22.390000,27.4,39.0,1012.9,False,39.6,3,1.0,Japan,2023
0 days 01:49:22.389000,27.4,40.0,1013.0,False,39.2,187,0.5,Japan,2023
0 days 01:50:22.388000,27.4,40.0,1012.9,False,39.1,131,0.8,Japan,2023
0 days 01:51:22.387000,27.4,41.0,1013.0,False,39.1,100,2.2,Japan,2023
0 days 01:52:22.417000,27.3,42.0,1012.9,False,38.7,161,1.0,Japan,2023
0 days 01:53:22.384000,27.4,42.0,1012.9,False,38.2,103,0.8,Japan,2023
0 days 01:54:22.383000,27.4,42.0,1012.9,False,38.2,114,1.7,Japan,2023
0 days 01:55:22.398000,27.3,41.0,1013.0,False,38.4,113,1.7,Japan,2023
0 days 01:56:22.397000,27.4,40.0,1012.9,False,38.4,351,1.1,Japan,2023
0 days 01:57:22.396000,27.4,40.0,1012.9,False,38.4,148,1.0,Japan,2023
0 days 01:58:22.395000,27.4,40.0,1012.9,False,38.4,112,0.5,Japan,2023
0 days 01:59:22.394000,27.4,42.0,1012.9,False,38.3,137,1.1,Japan,2023
0 days 02:00:22.393000,27.4,41.0,1012.9,False,38.1,136,1.8,Japan,2023
0 days 02:01:22.392000,27.4,41.0,1012.7,False,37.9,63,1.6,Japan,2023
0 days 02:02:22.391000,27.3,41.0,1012.7,False,37.8,72,1.2,Japan,2023
0 days 02:03:22.389000,27.3,41.0,1012.9,False,37.7,79,1.0,Japan,2023
0 days 02:04:22.404000,27.2,41.0,1012.7,False,37.7,97,1.5,Japan,2023
0 days 02:05:22.403000,27.2,42.0,1012.7,False,37.6,64,1.0,Japan,2023
0 days 02:06:22.386000,27.3,42.0,1012.7,False,37.4,69,1.0,Japan,2023
0 days 02:07:22.401000,27.3,42.0,1012.7,False,37.4,353,1.1,Japan,2023
0 days 02:08:22.400000,27.3,41.0,1012.7,False,37.4,297,0.6,Japan,2023
0 days 02:09:22.414000,27.4,41.0,1012.7,False,38.0,140,0.8,Japan,2023
0 days 02:10:22.413000,27.3,42.0,1012.7,False,38.0,115,1.5,Japan,2023
0 days 02:11:22.412000,27.3,44.0,1012.7,False,37.4,134,2.2,Japan,2023
0 days 02:12:22.427000,27.3,45.0,1012.7,False,37.0,157,1.7,Japan,2023
0 days 02:13:22.426000,27.3,45.0,1012.7,False,37.3,106,1.5,Japan,2023
0 days 02:14:22.456000,27.3,44.0,1012.7,False,37.3,110,1.0,Japan,2023
0 days 02:15:22.455000,27.3,45.0,1012.9,False,37.2,140,1.6,Japan,2023
0 days 02:16:22.454000,27.4,44.0,1012.7,False,37.2,63,1.2,Japan,2023
0 days 02:17:22.453000,27.4,44.0,1012.7,False,37.4,143,0.5,Japan,2023
0 days 02:18:22.452000,27.3,45.0,1012.7,False,37.4,108,1.6,Japan,2023
0 days 02:19:22.466000,27.1,46.0,1012.7,False,37.1,117,1.8,Japan,2023
0 days 02:20:22.465000,27.1,44.0,1012.7,False,36.9,114,1.8,Japan,2023
0 days 02:21:22.464000,27.1,44.0,1012.7,False,36.9,142,2.4,Japan,2023
0 days 02:22:22.463000,27.1,44.0,1012.9,False,36.9,93,2.7,Japan,2023
0 days 02:23:22.478000,27.2,45.0,1012.7,False,36.6,101,1.7,Japan,2023
0 days 02:24:22.492000,27.2,45.0,1012.9,False,36.7,129,1.3,Japan,2023
0 days 02:25:22.491000,27.1,45.0,1012.9,False,36.8,126,1.5,Japan,2023
0 days 02:26:22.506000,27.1,46.0,1012.7,False,36.6,104,2.2,Japan,2023
0 days 02:27:22.505000,27.2,47.0,1012.9,False,36.6,113,1.2,Japan,2023
0 days 02:28:22.519000,27.2,47.0,1012.9,False,36.6,116,1.5,Japan,2023
0 days 02:29:22.518000,27.2,47.0,1012.7,False,36.9,102,1.1,Japan,2023
0 days 02:30:22.533000,27.2,47.0,1012.9,False,36.7,114,1.8,Japan,2023
0 days 02:31:22.532000,27.3,46.0,1012.9,False,36.8,139,0.6,Japan,2023
0 days 02:32:22.531000,27.2,46.0,1012.9,False,36.8,112,1.7,Japan,2023
0 days 02:33:22.530000,27.1,47.0,1012.7,False,36.5,49,1.3,Japan,2023
0 days 02:34:22.544000,27.0,47.0,1012.9,False,36.3,134,1.3,Japan,2023
0 days 02:35:22.543000,26.9,48.0,1012.9,False,36.2,133,2.7,Japan,2023
0 days 02:36:22.542000,26.9,49.0,1012.7,False,36.2,149,2.9,Japan,2023
0 days 02:37:22.541000,26.9,49.0,1012.9,False,35.5,103,2.0,Japan,2023
0 days 00:00:36.015000,28.5,45.0,1001.0,False,43.2,302,1.8,Monza,2023
0 days 00:01:36.014000,28.6,45.0,1001.2,False,43.3,287,2.0,Monza,2023
0 days 00:02:36.014000,28.5,45.0,1001.0,False,43.3,269,0.6,Monza,2023
0 days 00:03:36.013000,28.5,45.0,1001.0,False,43.3,154,0.8,Monza,2023
0 days 00:04:36.012000,28.4,46.0,1001.0,False,42.8,274,0.8,Monza,2023
0 days 00:05:36.012000,28.4,45.0,1001.0,False,42.8,285,1.0,Monza,2023
0 days 00:06:36.011000,28.5,45.0,1001.0,False,42.8,237,1.0,Monza,2023
0 days 00:07:36.010000,28.5,46.0,1001.0,False,42.7,240,1.2,Monza,2023
0 days 00:08:36.010000,28.4,45.0,1001.0,False,43.2,201,1.1,Monza,2023
0 days 00:09:36.009000,28.4,45.0,1001.0,False,43.2,186,1.2,Monza,2023
0 days 00:10:36.024000,28.4,45.0,1001.0,False,43.2,95,0.4,Monza,2023
0 days 00:11:36.008000,28.5,45.0,1001.0,False,42.8,215,1.0,Monza,2023
0 days 00:12:36.022000,28.5,45.0,1001.0,False,43.0,193,1.1,Monza,2023
0 days 00:13:36.022000,28.5,46.0,1001.2,False,42.7,254,1.1,Monza,2023
0 days 00:14:36.006000,28.6,46.0,1001.0,False,42.8,296,0.8,Monza,2023
0 days 00:15:36.020000,28.6,46.0,1001.0,False,43.0,316,1.2,Monza,2023
0 days 00:16:36.020000,28.7,46.0,1001.0,False,43.0,238,0.6,Monza,2023
0 days 00:17:36.019000,28.8,46.0,1001.2,False,42.3,267,1.1,Monza,2023
0 days 00:18:36.018000,28.8,46.0,1001.2,False,42.3,130,1.3,Monza,2023
0 days 00:19:36.018000,28.9,45.0,1001.0,False,42.4,130,2.0,Monza,2023
0 days 00:20:36.017000,28.6,46.0,1001.0,False,42.6,0,1.5,Monza,2023
0 days 00:21:36.016000,28.8,46.0,1001.2,False,42.6,214,0.5,Monza,2023
0 days 00:22:36.016000,28.8,45.0,1001.0,False,43.2,0,0.6,Monza,2023
0 days 00:23:36.031000,28.7,45.0,1001.0,False,42.6,222,0.6,Monza,2023
0 days 00:24:36.046000,28.8,44.0,1001.0,False,42.4,259,0.6,Monza,2023
0 days 00:25:36.045000,28.7,45.0,1001.0,False,42.2,189,1.1,Monza,2023
0 days 00:26:36.060000,28.8,44.0,1001.0,False,42.1,85,1.0,Monza,2023
0 days 00:27:36.075000,28.8,44.0,1001.0,False,42.3,274,1.3,Monza,2023
0 days 00:28:36.074000,28.8,44.0,1001.0,False,42.3,294,1.2,Monza,2023
0 days 00:29:36.074000,28.7,44.0,1001.0,False,42.9,230,0.8,Monza,2023
0 days 00:30:36.073000,28.7,44.0,1001.0,False,42.8,282,1.8,Monza,2023
0 days 00:31:36.088000,28.6,45.0,1000.9,False,42.8,277,1.2,Monza,2023
0 days 00:32:36.103000,28.6,45.0,1000.9,False,42.7,240,1.2,Monza,2023
0 days 00:33:36.102000,28.7,45.0,1000.9,False,43.0,0,1.0,Monza,2023
0 days 00:34:36.117000,28.8,44.0,1000.9,False,43.0,44,0.5,Monza,2023
0 days 00:35:36.132000,28.8,44.0,1000.9,False,43.4,134,1.1,Monza,2023
0 days 00:36:36.131000,28.7,44.0,1000.9,False,43.3,275,1.2,Monza,2023
0 days 00:37:36.146000,28.7,44.0,1000.9,False,43.2,322,1.7,Monza,2023
0 days 00:38:36.146000,28.6,45.0,1000.9,False,42.7,233,1.2,Monza,2023
0 days 00:39:36.161000,28.6,45.0,1000.9,False,42.6,0,0.6,Monza,2023
0 days 00:40:36.160000,28.6,44.0,1000.7,False,42.6,0,0.0,Monza,2023
0 days 00:41:36.159000,28.8,44.0,1000.7,False,42.7,293,0.0,Monza,2023
0 days 00:42:36.159000,28.7,44.0,1000.7,False,42.8,339,0.6,Monza,2023
0 days 00:43:36.174000,28.8,43.0,1000.7,False,42.8,13,1.1,Monza,2023
0 days 00:44:36.157000,28.8,43.0,1000.9,False,42.8,7,0.8,Monza,2023
0 days 00:45:36.157000,28.9,43.0,1000.7,False,42.8,0,0.8,Monza,2023
0 days 00:46:36.156000,28.8,44.0,1000.7,False,42.8,140,1.0,Monza,2023
0 days 00:47:36.155000,28.9,45.0,1000.7,False,42.8,195,0.6,Monza,2023
0 days 00:48:36.170000,28.9,44.0,1000.9,False,43.4,254,0.6,Monza,2023
0 days 00:49:36.170000,29.0,43.0,1000.9,False,43.4,133,0.8,Monza,2023
0 days 00:50:36.169000,29.0,42.0,1000.9,False,43.0,301,1.0,Monza,2023
0 days 00:51:36.168000,28.9,43.0,1000.7,False,42.7,233,0.8,Monza,2023
0 days 00:52:36.168000,28.8,44.0,1000.7,False,42.7,285,0.6,Monza,2023
0 days 00:53:36.167000,28.9,43.0,1000.7,False,42.2,16,0.6,Monza,2023
0 days 00:54:36.166000,29.0,42.0,1000.7,False,42.9,47,1.7,Monza,2023
0 days 00:55:36.166000,28.9,42.0,1000.7,False,42.9,207,0.8,Monza,2023
0 days 00:56:36.165000,28.9,43.0,1000.7,False,43.0,294,0.5,Monza,2023
0 days 00:57:36.164000,29.0,43.0,1000.7,False,43.1,328,0.5,Monza,2023
0 days 00:58:36.164000,29.0,42.0,1000.7,False,43.0,8,1.2,Monza,2023
0 days 00:59:36.163000,29.1,41.0,1000.7,False,42.7,196,1.6,Monza,2023
0 days 01:00:36.178000,29.1,42.0,1000.7,False,42.7,346,0.6,Monza,2023
0 days 01:01:36.177000,29.1,42.0,1000.5,False,43.4,3,0.8,Monza,2023
0 days 01:02:36.176000,29.0,41.0,1000.7,False,43.4,28,1.7,Monza,2023
0 days 01:03:36.176000,28.9,42.0,1000.7,False,43.1,78,0.4,Monza,2023
0 days 01:04:36.175000,29.0,41.0,1000.5,False,43.4,188,0.4,Monza,2023
0 days 01:05:36.174000,29.1,42.0,1000.5,False,43.8,46,0.5,Monza,2023
0 days 01:06:36.174000,29.2,41.0,1000.5,False,43.4,251,0.4,Monza,2023
0 days 01:07:36.173000,29.3,41.0,1000.5,False,43.5,5,0.8,Monza,2023
0 days 01:08:36.172000,29.4,41.0,1000.5,False,43.5,15,1.2,Monza,2023
0 days 01:09:36.187000,29.3,41.0,1000.5,False,43.6,177,1.5,Monza,2023
0 days 01:10:36.171000,29.3,42.0,1000.5,False,43.3,209,0.4,Monza,2023
0 days 01:11:36.186000,29.4,43.0,1000.5,False,43.0,226,0.6,Monza,2023
0 days 01:12:36.201000,29.3,44.0,1000.5,False,43.0,139,0.8,Monza,2023
0 days 01:13:36.216000,29.3,44.0,1000.5,False,43.4,286,0.5,Monza,2023
0 days 01:14:36.215000,29.3,43.0,1000.5,False,43.6,285,0.6,Monza,2023
0 days 01:15:36.215000,29.3,44.0,1000.5,False,43.6,210,0.6,Monza,2023
0 days 01:16:36.230000,29.2,44.0,1000.5,False,43.4,238,1.1,Monza,2023
0 days 01:17:36.229000,29.3,42.0,1000.5,False,43.6,249,1.1,Monza,2023
0 days 01:18:36.228000,29.3,42.0,1000.5,False,43.0,223,0.8,Monza,2023
0 days 01:19:36.275000,29.2,42.0,1000.5,False,42.7,17,0.4,Monza,2023
0 days 01:20:36.243000,29.3,42.0,1000.5,False,42.7,271,0.4,Monza,2023
0 days 01:21:36.242000,29.3,41.0,1000.5,False,42.8,332,0.6,Monza,2023
0 days 01:22:36.257000,29.2,41.0,1000.4,False,42.5,341,1.3,Monza,2023
0 days 01:23:36.272000,29.2,41.0,1000.4,False,42.5,4,1.5,Monza,2023
0 days 01:24:36.271000,29.2,40.0,1000.5,False,43.1,189,1.0,Monza,2023
0 days 01:25:36.302000,29.3,39.0,1000.4,False,43.2,36,0.6,Monza,2023
0 days 01:26:36.317000,29.4,39.0,1000.4,False,43.2,23,1.3,Monza,2023
0 days 01:27:36.316000,29.5,40.0,1000.4,False,43.1,204,0.8,Monza,2023
0 days 01:28:36.315000,29.5,41.0,1000.4,False,43.1,250,1.2,Monza,2023
0 days 01:29:36.315000,29.5,42.0,1000.4,False,43.3,145,1.6,Monza,2023
0 days 01:30:36.314000,29.7,41.0,1000.2,False,43.4,164,1.7,Monza,2023
0 days 01:31:36.329000,29.6,42.0,1000.4,False,43.6,160,1.8,Monza,2023
0 days 01:32:36.313000,29.7,42.0,1000.2,False,43.6,0,2.4,Monza,2023
0 days 01:33:36.312000,29.7,43.0,1000.5,False,43.6,162,1.0,Monza,2023
0 days 01:34:36.311000,29.8,41.0,1000.4,False,44.1,178,0.6,Monza,2023
0 days 01:35:36.311000,29.8,41.0,1000.4,False,43.9,168,2.2,Monza,2023
0 days 01:36:36.326000,29.9,41.0,1000.2,False,43.9,162,2.2,Monza,2023
0 days 01:37:36.309000,29.9,41.0,1000.4,False,43.9,181,1.8,Monza,2023
0 days 01:38:36.324000,29.9,42.0,1000.4,False,43.3,8,1.7,Monza,2023
0 days 01:39:36.324000,29.8,41.0,1000.5,False,43.1,172,1.2,Monza,2023
0 days 01:40:36.339000,29.9,41.0,1000.4,False,43.7,199,1.2,Monza,2023
0 days 01:41:36.322000,30.1,40.0,1000.4,False,43.7,205,1.5,Monza,2023
0 days 01:42:36.322000,30.0,42.0,1000.4,False,43.7,258,2.0,Monza,2023
0 days 01:43:36.337000,30.0,42.0,1000.4,False,43.5,156,0.8,Monza,2023
0 days 01:44:36.320000,30.0,40.0,1000.4,False,43.9,178,1.7,Monza,2023
0 days 01:45:36.320000,29.9,41.0,1000.4,False,43.7,0,1.7,Monza,2023
0 days 01:46:36.319000,29.8,39.0,1000.4,False,43.5,268,1.5,Monza,2023
0 days 01:47:36.334000,29.7,40.0,1000.4,False,43.5,216,1.3,Monza,2023
0 days 01:48:36.333000,29.8,40.0,1000.4,False,43.6,158,1.2,Monza,2023
0 days 01:49:36.333000,29.9,40.0,1000.4,False,44.3,201,0.8,Monza,2023
0 days 01:50:36.316000,30.0,39.0,1000.4,False,44.4,180,1.6,Monza,2023
0 days 01:51:36.331000,30.0,39.0,1000.2,False,44.3,82,1.2,Monza,2023
0 days 01:52:36.346000,30.0,39.0,1000.2,False,44.0,145,1.3,Monza,2023
0 days 01:53:36.330000,30.0,40.0,1000.2,False,43.7,134,1.7,Monza,2023
0 days 01:54:36.329000,29.9,41.0,1000.2,False,43.7,178,1.3,Monza,2023
0 days 01:55:36.344000,29.9,41.0,1000.2,False,43.6,210,1.5,Monza,2023
0 days 01:56:36.328000,29.9,41.0,1000.2,False,43.5,179,2.0,Monza,2023
0 days 01:57:36.327000,29.9,41.0,1000.4,False,43.5,177,1.7,Monza,2023
0 days 01:58:36.342000,29.8,40.0,1000.2,False,43.6,156,1.6,Monza,2023
0 days 01:59:36.326000,29.9,39.0,1000.2,False,43.4,153,1.7,Monza,2023
0 days 02:00:36.341000,29.9,40.0,1000.2,False,43.4,228,1.0,Monza,2023
0 days 02:01:36.340000,29.9,41.0,1000.2,False,43.0,174,1.2,Monza,2023
0 days 02:02:36.340000,29.9,41.0,1000.2,False,43.3,112,0.8,Monza,2023
0 days 02:03:36.355000,29.9,41.0,1000.2,False,42.9,163,1.0,Monza,2023
0 days 02:04:36.369000,29.7,42.0,1000.2,False,42.5,317,0.8,Monza,2023
0 days 02:05:36.369000,29.7,41.0,1000.2,False,42.5,190,1.2,Monza,2023
0 days 02:06:36.368000,29.8,42.0,1000.2,False,42.8,193,1.3,Monza,2023
0 days 02:07:36.367000,29.8,41.0,1000.4,False,42.6,136,1.1,Monza,2023
0 days 02:08:36.367000,29.9,41.0,1000.2,False,42.6,174,1.1,Monza,2023
0 days 02:09:36.366000,29.8,41.0,1000.4,False,42.4,242,1.3,Monza,2023
0 days 02:10:36.397000,29.8,42.0,1000.2,False,42.5,164,1.5,Monza,2023
0 days 02:11:36.412000,29.8,41.0,1000.2,False,42.6,232,0.8,Monza,2023
0 days 02:12:36.395000,29.8,41.0,1000.2,False,42.6,139,1.8,Monza,2023
0 days 02:13:36.379000,29.9,42.0,1000.2,False,42.5,196,1.2,Monza,2023
0 days 02:14:36.410000,30.0,43.0,1000.2,False,42.5,208,1.8,Monza,2023
0 days 02:15:36.425000,30.1,41.0,1000.2,False,42.5,171,1.5,Monza,2023
0 days 02:16:36.502000,30.0,40.0,1000.2,False,42.8,186,1.6,Monza,2023
0 days 02:17:36.486000,30.0,40.0,1000.2,False,42.8,145,1.1,Monza,2023
0 days 02:18:36.438000,30.0,40.0,1000.2,False,42.6,168,1.3,Monza,2023
0 days 02:19:36.438000,30.0,40.0,1000.4,False,42.8,205,1.7,Monza,2023
0 days 02:20:36.452000,30.1,41.0,1000.2,False,42.9,187,2.0,Monza,2023
0 days 02:21:36.467000,30.2,40.0,1000.2,False,42.9,190,1.8,Monza,2023
0 days 02:22:36.467000,30.3,39.0,1000.2,False,42.5,188,1.3,Monza,2023
0 days 02:23:36.466000,30.2,39.0,1000.2,False,42.5,168,1.6,Monza,2023
0 days 02:24:36.481000,30.1,39.0,1000.2,False,42.5,144,1.6,Monza,2023
0 days 02:25:36.480000,30.0,40.0,1000.2,False,41.7,334,0.8,Monza,2023
0 days 02:26:36.480000,30.0,40.0,1000.2,False,41.7,161,1.1,Monza,2023
0 days 02:27:36.479000,30.0,41.0,1000.2,False,41.6,181,1.5,Monza,2023
0 days 02:28:36.478000,30.0,41.0,1000.2,False,41.8,190,1.6,Monza,2023
0 days 02:29:36.493000,30.0,41.0,1000.2,False,41.2,176,1.1,Monza,2023
0 days 02:30:36.493000,30.1,41.0,1000.2,False,41.2,161,1.7,Monza,2023
0 days 02:31:36.508000,30.0,42.0,1000.2,False,41.2,157,1.2,Monza,2023
0 days 02:32:36.523000,30.0,41.0,1000.2,False,41.0,179,1.2,Monza,2023
0 days 02:33:36.537000,30.0,41.0,1000.2,False,40.8,152,1.6,Monza,2023
0 days 02:34:36.537000,30.0,41.0,1000.2,False,40.8,161,1.7,Monza,2023
0 days 02:42:36.609000,29.9,42.0,1000.2,False,39.3,260,1.1,Monza,2023
0 days 00:00:14.093000,18.9,46.0,1017.1,False,26.5,162,0.9,Bahrain,2024
0 days 00:01:14.084000,18.9,46.0,1017.0,False,26.5,55,1.0,Bahrain,2024
0 days 00:02:14.093000,18.9,46.0,1017.0,False,26.5,55,1.0,Bahrain,2024
0 days 00:03:14.090000,18.9,45.0,1017.0,False,26.2,85,1.1,Bahrain,2024
0 days 00:04:14.091000,18.9,46.0,1017.0,False,26.2,178,1.0,Bahrain,2024
0 days 00:05:14.093000,18.9,46.0,1017.0,False,26.2,178,1.0,Bahrain,2024
0 days 00:06:14.087000,18.9,46.0,1017.0,False,26.1,56,1.5,Bahrain,2024
0 days 00:07:14.097000,18.9,46.0,1017.0,False,26.2,155,0.8,Bahrain,2024
0 days 00:08:14.086000,18.9,46.0,1017.0,False,26.2,15,0.9,Bahrain,2024
0 days 00:09:14.100000,18.9,46.0,1017.0,False,26.0,51,1.0,Bahrain,2024
0 days 00:10:14.093000,18.9,46.0,1017.0,False,25.8,147,1.6,Bahrain,2024
0 days 00:11:14.093000,18.8,47.0,1017.0,False,25.7,84,1.1,Bahrain,2024
0 days 00:12:14.090000,18.8,47.0,1017.1,False,25.7,64,1.0,Bahrain,2024
0 days 00:13:14.099000,18.7,47.0,1017.0,False,25.8,26,0.8,Bahrain,2024
0 days 00:14:14.093000,18.8,46.0,1017.0,False,25.8,143,1.3,Bahrain,2024
0 days 00:15:14.091000,18.8,46.0,1017.1,False,25.7,36,1.4,Bahrain,2024
0 days 00:16:14.102000,18.7,46.0,1017.1,False,25.6,216,0.6,Bahrain,2024
0 days 00:17:14.102000,18.7,46.0,1017.0,False,25.6,37,0.5,Bahrain,2024
0 days 00:18:14.104000,18.7,46.0,1017.0,False,25.6,27,1.1,Bahrain,2024
0 days 00:19:14.121000,18.7,46.0,1017.0,False,25.5,48,1.0,Bahrain,2024
0 days 00:20:14.108000,18.7,46.0,1016.9,False,25.5,147,0.8,Bahrain,2024
0 days 00:21:14.111000,18.7,46.0,1017.0,False,25.5,162,1.0,Bahrain,2024
0 days 00:22:14.102000,18.7,46.0,1017.0,False,25.4,140,1.2,Bahrain,2024
0 days 00:23:14.105000,18.7,46.0,1017.0,False,25.4,182,1.3,Bahrain,2024
0 days 00:24:14.101000,18.7,46.0,1017.0,False,25.4,144,1.4,Bahrain,2024
0 days 00:25:14.101000,18.7,46.0,1017.0,False,25.4,14,1.4,Bahrain,2024
0 days 00:26:14.108000,18.7,46.0,1017.0,False,25.4,180,1.1,Bahrain,2024
0 days 00:27:14.100000,18.6,46.0,1017.1,False,25.5,77,0.4,Bahrain,2024
0 days 00:28:14.104000,18.6,46.0,1017.1,False,25.3,0,0.6,Bahrain,2024
0 days 00:29:14.105000,18.6,46.0,1017.1,False,25.3,39,0.7,Bahrain,2024
0 days 00:30:14.103000,18.6,46.0,1017.0,False,25.0,332,0.4,Bahrain,2024
0 days 00:31:14.109000,18.6,46.0,1017.0,False,25.0,45,0.9,Bahrain,2024
0 days 00:32:14.106000,18.6,46.0,1017.0,False,24.9,35,1.4,Bahrain,2024
0 days 00:33:14.112000,18.6,46.0,1017.0,False,24.9,59,1.3,Bahrain,2024
0 days 00:34:14.109000,18.6,46.0,1017.0,False,24.9,36,0.9,Bahrain,2024
0 days 00:35:14.108000,18.5,46.0,1017.0,False,24.7,44,1.6,Bahrain,2024
0 days 00:36:14.113000,18.5,47.0,1017.0,False,24.7,53,1.6,Bahrain,2024
0 days 00:37:14.113000,18.5,47.0,1017.0,False,24.7,44,1.0,Bahrain,2024
0 days 00:38:14.113000,18.5,47.0,1017.1,False,24.6,39,1.4,Bahrain,2024
0 days 00:39:14.111000,18.5,47.0,1017.1,False,24.7,0,1.3,Bahrain,2024
0 days 00:40:14.102000,18.5,47.0,1017.0,False,24.7,26,0.5,Bahrain,2024
0 days 00:41:14.117000,18.5,47.0,1017.1,False,24.5,48,0.8,Bahrain,2024
0 days 00:42:14.108000,18.5,47.0,1017.0,False,24.5,30,1.8,Bahrain,2024
0 days 00:43:14.107000,18.5,47.0,1017.1,False,24.5,113,1.5,Bahrain,2024
0 days 00:44:14.122000,18.4,48.0,1017.1,False,24.3,40,1.2,Bahrain,2024
0 days 00:45:14.117000,18.4,49.0,1017.0,False,24.3,23,1.6,Bahrain,2024
0 days 00:46:14.119000,18.4,49.0,1017.0,False,24.3,43,0.9,Bahrain,2024
0 days 00:47:14.114000,18.4,49.0,1017.0,False,24.2,28,1.8,Bahrain,2024
0 days 00:48:14.120000,18.4,49.0,1017.0,False,24.1,22,1.6,Bahrain,2024
0 days 00:49:14.118000,18.4,49.0,1017.0,False,24.1,40,1.3,Bahrain,2024
0 days 00:50:14.120000,18.4,49.0,1017.0,False,24.2,57,1.6,Bahrain,2024
0 days 00:51:14.116000,18.4,49.0,1017.0,False,24.1,71,1.6,Bahrain,2024
0 days 00:52:14.119000,18.4,49.0,1017.0,False,24.0,42,2.0,Bahrain,2024
0 days 00:53:14.125000,18.4,49.0,1017.0,False,23.9,26,1.8,Bahrain,2024
0 days 00:54:14.118000,18.3,49.0,1017.1,False,23.8,30,1.8,Bahrain,2024
0 days 00:55:14.130000,18.4,49.0,1017.0,False,23.7,32,2.1,Bahrain,2024
0 days 00:56:14.118000,18.3,49.0,1017.0,False,23.7,37,1.6,Bahrain,2024
0 days 00:57:14.122000,18.3,49.0,1017.0,False,23.9,48,1.6,Bahrain,2024
0 days 00:58:14.118000,18.3,49.0,1017.0,False,23.9,34,1.1,Bahrain,2024
0 days 00:59:14.135000,18.3,49.0,1017.1,False,23.8,44,1.2,Bahrain,2024
0 days 01:00:14.115000,18.2,49.0,1017.2,False,23.8,58,1.5,Bahrain,2024
0 days 01:01:14.131000,18.3,49.0,1017.0,False,23.8,28,0.9,Bahrain,2024
0 days 01:02:14.121000,18.3,49.0,1017.0,False,23.8,33,1.1,Bahrain,2024
0 days 01:03:14.127000,18.3,49.0,1017.1,False,23.8,89,1.5,Bahrain,2024
0 days 01:04:14.121000,18.3,49.0,1017.0,False,23.8,32,1.0,Bahrain,2024
0 days 01:05:14.127000,18.3,49.0,1017.0,False,23.7,24,0.9,Bahrain,2024
0 days 01:06:14.123000,18.3,49.0,1017.0,False,23.6,37,0.7,Bahrain,2024
0 days 01:07:14.127000,18.3,50.0,1017.1,False,23.5,40,1.5,Bahrain,2024
0 days 01:08:14.122000,18.3,50.0,1017.1,False,23.5,236,1.1,Bahrain,2024
0 days 01:09:14.126000,18.3,49.0,1017.1,False,23.5,0,0.6,Bahrain,2024
0 days 01:10:14.127000,18.3,50.0,1017.1,False,23.5,13,0.5,Bahrain,2024
0 days 01:11:14.135000,18.3,50.0,1017.2,False,23.7,10,0.5,Bahrain,2024
0 days 01:12:14.127000,18.2,50.0,1017.2,False,23.7,126,1.1,Bahrain,2024
0 days 01:13:14.142000,18.2,50.0,1017.2,False,23.5,98,0.4,Bahrain,2024
0 days 01:14:14.130000,18.2,50.0,1017.1,False,23.5,221,0.6,Bahrain,2024
0 days 01:15:14.132000,18.2,50.0,1017.2,False,23.5,330,0.5,Bahrain,2024
0 days 01:16:14.177000,18.2,50.0,1017.2,False,23.5,330,0.5,Bahrain,2024
0 days 01:17:14.141000,18.2,50.0,1017.2,False,23.4,155,0.6,Bahrain,2024
0 days 01:18:14.133000,18.2,50.0,1017.2,False,23.5,157,0.5,Bahrain,2024
0 days 01:19:14.137000,18.3,50.0,1017.2,False,23.6,354,0.5,Bahrain,2024
0 days 01:20:14.140000,18.3,50.0,1017.2,False,23.5,42,0.4,Bahrain,2024
0 days 01:21:14.145000,18.2,50.0,1017.1,False,23.4,123,1.0,Bahrain,2024
0 days 01:22:14.142000,18.2,50.0,1017.2,False,23.3,0,0.5,Bahrain,2024
0 days 01:23:14.142000,18.1,50.0,1017.1,False,23.5,0,0.4,Bahrain,2024
0 days 01:24:14.131000,18.1,50.0,1017.2,False,23.3,179,0.0,Bahrain,2024
0 days 01:25:14.135000,18.1,50.0,1017.2,False,23.2,236,0.4,Bahrain,2024
0 days 01:26:14.136000,18.1,50.0,1017.2,False,23.3,150,0.3,Bahrain,2024
0 days 01:27:14.137000,18.1,51.0,1017.1,False,23.4,178,0.7,Bahrain,2024
0 days 01:28:14.122000,18.1,50.0,1017.2,False,23.4,20,0.4,Bahrain,2024
0 days 01:29:14.144000,18.1,50.0,1017.1,False,23.3,303,0.0,Bahrain,2024
0 days 01:30:14.138000,18.1,50.0,1017.1,False,23.3,71,0.5,Bahrain,2024
0 days 01:31:14.139000,18.1,50.0,1017.1,False,23.3,47,0.6,Bahrain,2024
0 days 01:32:14.141000,18.1,50.0,1017.1,False,23.2,27,0.7,Bahrain,2024
0 days 01:33:14.145000,18.1,50.0,1017.2,False,23.1,65,0.5,Bahrain,2024
0 days 01:34:14.141000,18.1,50.0,1017.1,False,23.1,94,0.7,Bahrain,2024
0 days 01:35:14.144000,18.1,50.0,1017.2,False,23.2,37,0.5,Bahrain,2024
0 days 01:36:14.143000,18.1,50.0,1017.1,False,23.2,71,0.9,Bahrain,2024
0 days 01:37:14.151000,18.1,50.0,1017.1,False,23.0,338,0.8,Bahrain,2024
0 days 01:38:14.153000,18.1,50.0,1017.2,False,23.0,25,0.3,Bahrain,2024
0 days 01:39:14.151000,18.1,49.0,1017.2,False,23.0,46,0.9,Bahrain,2024
0 days 01:40:14.148000,18.1,49.0,1017.1,False,23.0,47,0.7,Bahrain,2024
0 days 01:41:14.154000,18.1,49.0,1017.2,False,22.9,46,0.7,Bahrain,2024
0 days 01:42:14.155000,18.1,49.0,1017.2,False,22.9,29,0.0,Bahrain,2024
0 days 01:43:14.147000,18.1,49.0,1017.2,False,22.9,246,0.7,Bahrain,2024
0 days 01:44:14.146000,18.1,49.0,1017.2,False,22.9,0,0.0,Bahrain,2024
0 days 01:45:14.166000,18.1,49.0,1017.3,False,22.8,55,0.6,Bahrain,2024
0 days 01:46:14.151000,18.1,49.0,1017.2,False,22.8,0,0.8,Bahrain,2024
0 days 01:47:14.178000,18.0,49.0,1017.3,False,22.8,45,0.6,Bahrain,2024
0 days 01:48:14.196000,18.0,49.0,1017.2,False,22.7,28,0.7,Bahrain,2024
0 days 01:49:14.206000,18.0,49.0,1017.3,False,22.6,96,0.8,Bahrain,2024
0 days 01:50:14.198000,18.0,49.0,1017.3,False,22.7,53,0.5,Bahrain,2024
0 days 01:51:14.211000,18.0,49.0,1017.2,False,22.7,30,0.6,Bahrain,2024
0 days 01:52:14.222000,18.0,49.0,1017.3,False,22.7,82,0.8,Bahrain,2024
0 days 01:53:14.241000,18.0,49.0,1017.3,False,22.7,28,0.7,Bahrain,2024
0 days 01:54:14.250000,18.0,49.0,1017.3,False,22.7,27,0.7,Bahrain,2024
0 days 01:55:14.254000,17.9,49.0,1017.3,False,22.7,29,0.0,Bahrain,2024
0 days 01:56:14.267000,18.0,49.0,1017.4,False,22.7,328,0.6,Bahrain,2024
0 days 01:57:14.264000,18.0,49.0,1017.4,False,22.6,132,0.7,Bahrain,2024
0 days 01:58:14.274000,18.0,50.0,1017.4,False,22.6,41,0.7,Bahrain,2024
0 days 01:59:14.291000,18.0,50.0,1017.5,False,22.6,13,0.9,Bahrain,2024
0 days 02:00:14.284000,17.9,50.0,1017.4,False,22.5,156,0.4,Bahrain,2024
0 days 02:01:14.291000,17.9,50.0,1017.4,False,22.6,66,0.4,Bahrain,2024
0 days 02:02:14.282000,17.9,50.0,1017.4,False,22.6,59,0.8,Bahrain,2024
0 days 02:03:14.291000,17.9,50.0,1017.5,False,22.4,142,0.6,Bahrain,2024
0 days 02:04:14.293000,17.9,50.0,1017.4,False,22.4,50,1.0,Bahrain,2024
0 days 02:05:14.296000,17.9,50.0,1017.4,False,22.4,33,0.4,Bahrain,2024
0 days 02:06:14.286000,17.9,50.0,1017.4,False,22.3,81,0.7,Bahrain,2024
0 days 02:07:14.293000,17.9,50.0,1017.4,False,22.4,0,0.4,Bahrain,2024
0 days 02:08:14.284000,17.9,50.0,1017.4,False,22.4,50,0.0,Bahrain,2024
0 days 02:09:14.283000,17.9,50.0,1017.4,False,22.2,10,0.5,Bahrain,2024
0 days 02:10:14.288000,17.9,50.0,1017.4,False,22.2,141,0.6,Bahrain,2024
0 days 02:11:14.294000,17.9,50.0,1017.4,False,22.2,1,0.4,Bahrain,2024
0 days 02:12:14.323000,17.9,50.0,1017.5,False,22.1,0,0.0,Bahrain,2024
0 days 02:13:14.314000,17.8,51.0,1017.5,False,22.1,0,0.5,Bahrain,2024
0 days 02:14:14.301000,17.8,51.0,1017.5,False,22.0,270,0.0,Bahrain,2024
0 days 02:15:14.294000,17.8,51.0,1017.5,False,22.0,140,0.3,Bahrain,2024
0 days 02:16:14.296000,17.8,51.0,1017.5,False,21.9,0,0.7,Bahrain,2024
0 days 02:17:14.300000,17.8,51.0,1017.4,False,21.9,0,0.6,Bahrain,2024
0 days 02:18:14.299000,17.7,51.0,1017.5,False,22.0,356,0.0,Bahrain,2024
0 days 02:19:14.302000,17.7,51.0,1017.4,False,22.0,0,0.4,Bahrain,2024
0 days 02:20:14.303000,17.7,51.0,1017.4,False,21.9,148,0.5,Bahrain,2024
0 days 02:21:14.295000,17.7,51.0,1017.4,False,21.9,0,0.0,Bahrain,2024
0 days 02:22:14.301000,17.6,51.0,1017.5,False,22.0,340,0.4,Bahrain,2024
0 days 02:23:14.293000,17.6,51.0,1017.5,False,22.0,138,0.4,Bahrain,2024
0 days 02:24:14.299000,17.6,51.0,1017.5,False,21.9,0,0.4,Bahrain,2024
0 days 02:25:14.302000,17.6,51.0,1017.5,False,21.9,254,0.4,Bahrain,2024
0 days 02:26:14.302000,17.6,51.0,1017.5,False,21.9,330,0.0,Bahrain,2024
0 days 02:27:14.309000,17.6,51.0,1017.5,False,21.9,213,0.3,Bahrain,2024
0 days 02:28:14.305000,17.6,51.0,1017.5,False,21.9,0,0.3,Bahrain,2024
0 days 02:29:14.305000,17.6,51.0,1017.5,False,21.9,12,0.0,Bahrain,2024
0 days 02:30:14.302000,17.6,51.0,1017.5,False,21.9,115,0.4,Bahrain,2024
0 days 02:31:14.307000,17.7,51.0,1017.5,False,22.0,96,0.0,Bahrain,2024
0 days 02:32:14.300000,17.6,51.0,1017.5,False,21.9,0,0.7,Bahrain,2024
0 days 02:33:14.300000,17.6,51.0,1017.5,False,21.9,271,0.0,Bahrain,2024
0 days 02:34:14.313000,17.7,51.0,1017.5,False,21.9,0,0.4,Bahrain,2024
0 days 02:35:14.305000,17.6,51.0,1017.5,False,21.9,257,0.0,Bahrain,2024
0 days 02:36:14.319000,17.7,51.0,1017.4,False,21.9,167,0.0,Bahrain,2024
0 days 00:00:08.340000,25.5,67.0,1012.0,False,33.6,342,2.6,Saudi Arabia,2024
0 days 00:01:08.337000,25.5,67.0,1012.0,False,33.6,20,1.9,Saudi Arabia,2024
0 days 00:02:08.335000,25.5,67.0,1012.0,False,33.4,21,2.4,Saudi Arabia,2024
0 days 00:03:08.344000,25.5,67.0,1012.0,False,33.3,22,2.3,Saudi Arabia,2024
0 days 00:04:08.357000,25.5,67.0,1012.0,False,33.3,23,2.6,Saudi Arabia,2024
0 days 00:05:08.362000,25.5,67.0,1012.1,False,33.5,12,2.5,Saudi Arabia,2024
0 days 00:06:08.356000,25.5,67.0,1012.0,False,33.5,5,1.9,Saudi Arabia,2024
0 days 00:07:08.373000,25.5,67.0,1012.0,False,33.4,13,1.8,Saudi Arabia,2024
0 days 00:08:08.380000,25.5,67.0,1012.0,False,33.4,26,2.1,Saudi Arabia,2024
0 days 00:09:08.380000,25.5,65.0,1012.1,False,33.4,10,2.3,Saudi Arabia,2024
0 days 00:10:08.384000,25.5,66.0,1012.2,False,33.3,343,2.1,Saudi Arabia,2024
0 days 00:11:08.374000,25.5,65.0,1012.1,False,33.1,334,1.7,Saudi Arabia,2024
0 days 00:12:08.379000,25.5,65.0,1012.1,False,33.2,0,1.9,Saudi Arabia,2024
0 days 00:13:08.381000,25.5,66.0,1012.1,False,33.2,5,1.4,Saudi Arabia,2024
0 days 00:14:08.382000,25.5,64.0,1012.2,False,33.4,22,1.1,Saudi Arabia,2024
0 days 00:15:08.385000,25.6,63.0,1012.2,False,33.4,10,1.3,Saudi Arabia,2024
0 days 00:16:08.376000,25.5,63.0,1012.2,False,33.4,23,1.0,Saudi Arabia,2024
0 days 00:17:08.391000,25.5,61.0,1012.3,False,33.1,30,1.0,Saudi Arabia,2024
0 days 00:18:08.385000,25.5,62.0,1012.2,False,33.2,6,1.4,Saudi Arabia,2024
0 days 00:19:08.398000,25.5,61.0,1012.2,False,33.2,2,1.9,Saudi Arabia,2024
0 days 00:20:08.388000,25.5,61.0,1012.3,False,33.1,2,1.6,Saudi Arabia,2024
0 days 00:21:08.387000,25.6,60.0,1012.3,False,33.2,21,1.2,Saudi Arabia,2024
0 days 00:22:08.381000,25.7,60.0,1012.4,False,33.1,27,0.9,Saudi Arabia,2024
0 days 00:23:08.394000,25.7,59.0,1012.3,False,32.9,33,1.0,Saudi Arabia,2024
0 days 00:24:08.392000,25.8,59.0,1012.4,False,32.8,6,1.1,Saudi Arabia,2024
0 days 00:25:08.393000,25.8,58.0,1012.4,False,32.8,18,1.3,Saudi Arabia,2024
0 days 00:26:08.393000,25.8,58.0,1012.4,False,32.9,12,1.0,Saudi Arabia,2024
0 days 00:27:08.394000,25.9,57.0,1012.4,False,33.3,18,0.9,Saudi Arabia,2024
0 days 00:28:08.388000,25.9,57.0,1012.5,False,32.9,33,1.3,Saudi Arabia,2024
0 days 00:29:08.392000,25.9,57.0,1012.5,False,32.6,32,0.9,Saudi Arabia,2024
0 days 00:30:08.392000,25.9,57.0,1012.4,False,32.5,2,1.1,Saudi Arabia,2024
0 days 00:31:08.396000,25.9,57.0,1012.5,False,32.5,23,1.2,Saudi Arabia,2024
0 days 00:32:08.396000,25.8,57.0,1012.5,False,32.4,41,1.4,Saudi Arabia,2024
0 days 00:33:08.398000,25.7,57.0,1012.5,False,32.2,3,1.3,Saudi Arabia,2024
0 days 00:34:08.383000,25.7,58.0,1012.5,False,32.2,25,1.3,Saudi Arabia,2024
0 days 00:35:08.397000,25.6,58.0,1012.5,False,32.2,25,1.5,Saudi Arabia,2024
0 days 00:36:08.388000,25.6,57.0,1012.4,False,32.3,0,2.2,Saudi Arabia,2024
0 days 00:37:08.398000,25.6,58.0,1012.5,False,32.3,33,2.0,Saudi Arabia,2024
0 days 00:38:08.403000,25.6,58.0,1012.5,False,31.9,13,2.2,Saudi Arabia,2024
0 days 00:39:08.399000,25.6,58.0,1012.3,False,31.9,13,2.4,Saudi Arabia,2024
0 days 00:40:08.381000,25.6,59.0,1012.4,False,32.0,25,2.3,Saudi Arabia,2024
0 days 00:41:08.410000,25.5,59.0,1012.4,False,32.0,14,2.4,Saudi Arabia,2024
0 days 00:42:08.404000,25.5,59.0,1012.5,False,31.9,14,2.3,Saudi Arabia,2024
0 days 00:43:08.414000,25.5,59.0,1012.4,False,31.9,19,2.1,Saudi Arabia,2024
0 days 00:44:08.413000,25.5,60.0,1012.5,False,31.7,26,2.0,Saudi Arabia,2024
0 days 00:45:08.434000,25.5,60.0,1012.5,False,32.0,0,1.9,Saudi Arabia,2024
0 days 00:46:08.449000,25.5,60.0,1012.4,False,32.0,22,1.8,Saudi Arabia,2024
0 days 00:47:08.470000,25.5,60.0,1012.4,False,32.0,2,1.7,Saudi Arabia,2024
0 days 00:48:08.482000,25.4,60.0,1012.5,False,31.9,2,1.9,Saudi Arabia,2024
0 days 00:49:08.475000,25.5,61.0,1012.6,False,32.0,7,2.1,Saudi Arabia,2024
0 days 00:50:08.521000,25.5,61.0,1012.4,False,31.9,354,2.3,Saudi Arabia,2024
0 days 00:51:08.501000,25.4,61.0,1012.5,False,31.7,22,2.4,Saudi Arabia,2024
0 days 00:52:08.506000,25.4,62.0,1012.5,False,31.7,346,2.2,Saudi Arabia,2024
0 days 00:53:08.503000,25.4,62.0,1012.4,False,31.7,1,2.2,Saudi Arabia,2024
0 days 00:54:08.500000,25.4,62.0,1012.5,False,31.7,7,1.9,Saudi Arabia,2024
0 days 00:55:08.507000,25.4,62.0,1012.5,False,31.7,353,2.0,Saudi Arabia,2024
0 days 00:56:08.494000,25.4,63.0,1012.6,False,31.9,11,1.5,Saudi Arabia,2024
0 days 00:57:08.493000,25.3,62.0,1012.6,False,31.7,55,1.4,Saudi Arabia,2024
0 days 00:58:08.506000,25.3,62.0,1012.5,False,31.7,26,1.0,Saudi Arabia,2024
0 days 00:59:08.506000,25.3,62.0,1012.5,False,31.5,331,1.8,Saudi Arabia,2024
0 days 01:00:08.558000,25.4,62.0,1012.5,False,31.5,358,1.3,Saudi Arabia,2024
0 days 01:01:08.543000,25.4,62.0,1012.5,False,31.5,342,1.7,Saudi Arabia,2024
0 days 01:02:08.539000,25.4,62.0,1012.6,False,31.5,301,1.2,Saudi Arabia,2024
0 days 01:03:08.540000,25.4,62.0,1012.6,False,31.7,172,1.0,Saudi Arabia,2024
0 days 01:04:08.530000,25.4,62.0,1012.6,False,31.7,36,1.5,Saudi Arabia,2024
0 days 01:05:08.561000,25.5,61.0,1012.6,False,31.7,342,0.8,Saudi Arabia,2024
0 days 01:06:08.554000,25.6,61.0,1012.6,False,31.7,9,1.3,Saudi Arabia,2024
0 days 01:07:08.580000,25.6,62.0,1012.6,False,31.7,45,0.7,Saudi Arabia,2024
0 days 01:08:08.576000,25.7,61.0,1012.6,False,32.2,161,1.0,Saudi Arabia,2024
0 days 01:09:08.587000,25.7,61.0,1012.6,False,31.5,1,1.0,Saudi Arabia,2024
0 days 01:10:08.603000,25.7,61.0,1012.6,False,31.4,357,1.2,Saudi Arabia,2024
0 days 01:11:08.608000,25.7,61.0,1012.7,False,31.4,330,1.0,Saudi Arabia,2024
0 days 01:12:08.624000,25.7,61.0,1012.6,False,31.5,349,0.8,Saudi Arabia,2024
0 days 01:13:08.640000,25.7,61.0,1012.7,False,31.5,0,1.1,Saudi Arabia,2024
0 days 01:14:08.656000,25.7,61.0,1012.7,False,31.5,1,0.7,Saudi Arabia,2024
0 days 01:15:08.664000,25.7,61.0,1012.7,False,31.5,317,0.8,Saudi Arabia,2024
0 days 01:16:08.670000,25.6,62.0,1012.8,False,31.4,328,1.6,Saudi Arabia,2024
0 days 01:17:08.664000,25.5,62.0,1012.7,False,31.4,356,0.8,Saudi Arabia,2024
0 days 01:18:08.674000,25.5,62.0,1012.8,False,31.5,356,0.4,Saudi Arabia,2024
0 days 01:19:08.681000,25.4,62.0,1012.8,False,31.5,264,1.1,Saudi Arabia,2024
0 days 01:20:08.678000,25.5,62.0,1012.8,False,31.7,25,1.1,Saudi Arabia,2024
0 days 01:21:08.674000,25.5,62.0,1012.9,False,31.4,3,1.2,Saudi Arabia,2024
0 days 01:22:08.679000,25.5,62.0,1012.8,False,31.2,180,1.3,Saudi Arabia,2024
0 days 01:23:08.715000,25.5,62.0,1012.9,False,31.6,344,1.6,Saudi Arabia,2024
0 days 01:24:08.716000,25.5,62.0,1012.9,False,31.7,0,0.8,Saudi Arabia,2024
0 days 01:25:08.722000,25.6,61.0,1012.9,False,31.6,177,1.1,Saudi Arabia,2024
0 days 01:26:08.726000,25.6,62.0,1012.9,False,31.3,50,0.8,Saudi Arabia,2024
0 days 01:27:08.724000,25.6,61.0,1012.9,False,31.6,312,1.3,Saudi Arabia,2024
0 days 01:28:08.732000,25.6,61.0,1012.9,False,31.1,0,0.8,Saudi Arabia,2024
0 days 01:29:08.726000,25.6,62.0,1012.8,False,30.9,348,0.4,Saudi Arabia,2024
0 days 01:30:08.724000,25.6,61.0,1012.9,False,31.1,314,1.0,Saudi Arabia,2024
0 days 01:31:08.735000,25.6,62.0,1012.9,False,30.8,355,1.8,Saudi Arabia,2024
0 days 01:32:08.723000,25.6,62.0,1012.8,False,30.9,351,1.5,Saudi Arabia,2024
0 days 01:33:08.723000,25.6,62.0,1012.9,False,30.9,337,1.5,Saudi Arabia,2024
0 days 01:34:08.733000,25.6,62.0,1012.9,False,30.6,335,1.6,Saudi Arabia,2024
0 days 01:35:08.732000,25.6,62.0,1012.9,False,30.9,342,1.5,Saudi Arabia,2024
0 days 01:36:08.717000,25.5,62.0,1012.9,False,30.7,49,0.9,Saudi Arabia,2024
0 days 01:37:08.726000,25.5,62.0,1013.0,False,30.7,314,0.5,Saudi Arabia,2024
0 days 01:38:08.737000,25.5,62.0,1013.0,False,30.8,261,1.0,Saudi Arabia,2024
0 days 01:39:08.742000,25.6,62.0,1013.0,False,30.8,35,1.0,Saudi Arabia,2024
0 days 01:40:08.759000,25.6,62.0,1013.0,False,31.3,18,0.7,Saudi Arabia,2024
0 days 01:41:08.774000,25.6,62.0,1013.0,False,31.4,0,1.2,Saudi Arabia,2024
0 days 01:42:08.770000,25.6,62.0,1013.1,False,31.2,50,0.8,Saudi Arabia,2024
0 days 01:43:08.800000,25.6,62.0,1013.1,False,31.2,7,1.2,Saudi Arabia,2024
0 days 01:44:08.802000,25.6,62.0,1013.1,False,31.2,10,1.7,Saudi Arabia,2024
0 days 01:45:08.817000,25.6,63.0,1013.1,False,30.7,36,0.7,Saudi Arabia,2024
0 days 01:46:08.813000,25.6,62.0,1013.1,False,31.2,355,1.0,Saudi Arabia,2024
0 days 01:47:08.813000,25.6,63.0,1013.1,False,31.0,344,1.3,Saudi Arabia,2024
0 days 01:48:08.815000,25.5,63.0,1013.1,False,31.0,353,0.6,Saudi Arabia,2024
0 days 01:49:08.834000,25.6,63.0,1013.0,False,30.8,338,1.0,Saudi Arabia,2024
0 days 01:50:08.818000,25.6,63.0,1013.0,False,30.9,339,0.9,Saudi Arabia,2024
0 days 01:51:08.834000,25.5,63.0,1013.0,False,31.1,28,1.0,Saudi Arabia,2024
0 days 01:52:08.814000,25.5,63.0,1013.0,False,31.1,335,1.1,Saudi Arabia,2024
0 days 01:53:08.821000,25.5,63.0,1013.0,False,31.1,38,1.2,Saudi Arabia,2024
0 days 01:54:08.817000,25.5,64.0,1013.0,False,30.9,106,0.4,Saudi Arabia,2024
0 days 01:55:08.824000,25.5,63.0,1013.0,False,30.9,0,1.0,Saudi Arabia,2024
0 days 01:56:08.807000,25.5,64.0,1013.0,False,30.9,27,0.5,Saudi Arabia,2024
0 days 01:57:08.816000,25.5,64.0,1013.0,False,31.0,346,0.7,Saudi Arabia,2024
0 days 01:58:08.823000,25.5,64.0,1013.1,False,30.8,305,0.4,Saudi Arabia,2024
0 days 01:59:08.830000,25.5,64.0,1013.0,False,30.8,7,0.7,Saudi Arabia,2024
0 days 02:00:08.828000,25.5,64.0,1013.0,False,30.4,352,0.6,Saudi Arabia,2024
0 days 02:01:08.825000,25.5,64.0,1013.0,False,30.4,321,1.1,Saudi Arabia,2024
0 days 02:02:08.843000,25.5,64.0,1013.0,False,30.4,0,0.0,Saudi Arabia,2024
0 days 02:03:08.826000,25.5,64.0,1013.0,False,30.4,29,0.9,Saudi Arabia,2024
0 days 02:04:08.829000,25.5,64.0,1013.0,False,30.4,0,0.7,Saudi Arabia,2024
0 days 02:05:08.814000,25.4,65.0,1013.0,False,30.7,0,0.7,Saudi Arabia,2024
0 days 02:06:08.830000,25.4,65.0,1013.1,False,30.4,6,0.6,Saudi Arabia,2024
0 days 02:07:08.832000,25.5,65.0,1013.1,False,30.2,334,0.9,Saudi Arabia,2024
0 days 02:08:08.835000,25.4,65.0,1013.1,False,30.2,202,1.4,Saudi Arabia,2024
0 days 02:09:08.831000,25.4,65.0,1013.1,False,30.2,333,1.0,Saudi Arabia,2024
0 days 02:10:08.832000,25.4,65.0,1013.0,False,29.9,31,0.9,Saudi Arabia,2024
0 days 02:11:08.826000,25.4,65.0,1013.1,False,30.0,164,0.7,Saudi Arabia,2024
0 days 02:12:08.832000,25.4,65.0,1013.2,False,30.2,48,1.3,Saudi Arabia,2024
0 days 02:13:08.832000,25.4,65.0,1013.1,False,30.2,59,1.0,Saudi Arabia,2024
0 days 02:14:08.832000,25.4,65.0,1013.1,False,30.3,135,0.7,Saudi Arabia,2024
0 days 02:15:08.834000,25.4,65.0,1013.1,False,30.4,18,0.5,Saudi Arabia,2024
0 days 02:16:08.835000,25.4,65.0,1013.1,False,30.4,7,1.3,Saudi Arabia,2024
0 days 02:17:08.837000,25.4,66.0,1013.2,False,30.2,359,1.3,Saudi Arabia,2024
0 days 02:18:08.842000,25.3,66.0,1013.0,False,30.2,313,1.0,Saudi Arabia,2024
0 days 02:19:08.835000,25.3,66.0,1013.1,False,30.0,184,1.5,Saudi Arabia,2024
0 days 02:20:08.840000,25.3,66.0,1013.0,False,30.0,357,1.2,Saudi Arabia,2024
0 days 02:21:08.843000,25.3,66.0,1013.1,False,29.8,346,0.4,Saudi Arabia,2024
0 days 02:22:08.841000,25.3,66.0,1013.1,False,29.8,0,1.0,Saudi Arabia,2024
0 days 02:23:08.858000,25.3,66.0,1013.1,False,29.7,24,0.9,Saudi Arabia,2024
0 days 02:24:08.877000,25.3,66.0,1013.2,False,29.1,320,1.2,Saudi Arabia,2024
0 days 02:25:08.869000,25.2,67.0,1013.1,False,29.1,28,1.4,Saudi Arabia,2024
0 days 00:00:08.798000,19.0,49.0,1021.6,False,37.0,306,0.4,Australia,2024
0 days 00:01:08.796000,19.0,48.0,1021.6,False,37.0,0,0.5,Australia,2024
0 days 00:02:08.800000,19.0,48.0,1021.5,False,37.0,93,0.7,Australia,2024
0 days 00:03:08.799000,19.0,49.0,1021.5,False,37.7,127,0.7,Australia,2024
0 days 00:04:08.821000,19.0,49.0,1021.5,False,38.0,207,1.1,Australia,2024
0 days 00:05:08.809000,19.1,49.0,1021.6,False,37.9,44,1.2,Australia,2024
0 days 00:06:08.826000,19.1,48.0,1021.7,False,37.8,302,1.0,Australia,2024
0 days 00:07:08.835000,19.2,48.0,1021.6,False,37.5,298,0.5,Australia,2024
0 days 00:08:08.835000,19.3,48.0,1021.5,False,37.3,0,0.7,Australia,2024
0 days 00:09:08.840000,19.4,49.0,1021.5,False,37.6,77,0.9,Australia,2024
0 days 00:10:08.831000,19.4,49.0,1021.6,False,37.6,0,0.7,Australia,2024
0 days 00:11:08.838000,19.4,48.0,1021.5,False,38.1,259,0.7,Australia,2024
0 days 00:12:08.840000,19.4,47.0,1021.5,False,38.1,220,0.8,Australia,2024
0 days 00:13:08.837000,19.5,46.0,1021.5,False,37.9,180,0.9,Australia,2024
0 days 00:14:08.840000,19.5,46.0,1021.4,False,37.9,242,0.5,Australia,2024
0 days 00:15:08.832000,19.3,46.0,1021.4,False,37.9,303,0.8,Australia,2024
0 days 00:16:08.840000,19.3,46.0,1021.4,False,38.0,316,1.6,Australia,2024
0 days 00:17:08.842000,19.3,48.0,1021.3,False,38.2,150,1.4,Australia,2024
0 days 00:18:08.841000,19.2,47.0,1021.3,False,39.2,249,0.6,Australia,2024
0 days 00:19:08.846000,19.4,47.0,1021.3,False,39.2,249,0.6,Australia,2024
0 days 00:20:08.836000,19.5,46.0,1021.4,False,39.2,18,1.0,Australia,2024
0 days 00:21:08.840000,19.6,45.0,1021.4,False,39.2,307,1.2,Australia,2024
0 days 00:22:08.841000,19.6,46.0,1021.3,False,38.5,145,0.8,Australia,2024
0 days 00:23:08.844000,19.5,47.0,1021.3,False,38.3,196,0.0,Australia,2024
0 days 00:24:08.853000,19.7,46.0,1021.2,False,38.5,293,0.5,Australia,2024
0 days 00:25:08.856000,19.8,46.0,1021.2,False,39.0,304,1.0,Australia,2024
0 days 00:26:08.854000,19.6,46.0,1021.1,False,36.9,304,2.2,Australia,2024
0 days 00:27:08.845000,19.5,47.0,1021.2,False,36.7,301,1.2,Australia,2024
0 days 00:28:08.854000,19.5,47.0,1021.1,False,37.4,239,1.2,Australia,2024
0 days 00:29:08.873000,19.5,47.0,1021.1,False,38.5,299,1.0,Australia,2024
0 days 00:30:08.844000,19.6,47.0,1021.0,False,38.5,0,0.4,Australia,2024
0 days 00:31:08.860000,19.7,46.0,1021.1,False,38.8,225,0.9,Australia,2024
0 days 00:32:08.857000,19.7,46.0,1021.0,False,38.8,198,0.7,Australia,2024
0 days 00:33:08.855000,19.7,47.0,1021.0,False,38.8,244,1.4,Australia,2024
0 days 00:34:08.858000,19.8,47.0,1020.9,False,38.7,159,0.0,Australia,2024
0 days 00:35:08.866000,19.9,46.0,1020.9,False,39.2,36,0.3,Australia,2024
0 days 00:36:08.845000,20.0,45.0,1020.8,False,39.2,5,0.0,Australia,2024
0 days 00:37:08.857000,20.1,45.0,1020.9,False,39.2,166,0.4,Australia,2024
0 days 00:38:08.866000,20.2,45.0,1020.9,False,39.3,213,1.2,Australia,2024
0 days 00:39:08.845000,20.2,45.0,1020.9,False,39.6,281,0.7,Australia,2024
0 days 00:40:08.861000,20.2,46.0,1020.9,False,39.5,202,1.0,Australia,2024
0 days 00:41:08.865000,20.3,45.0,1021.0,False,38.7,172,1.0,Australia,2024
0 days 00:42:08.890000,20.2,45.0,1020.9,False,38.7,0,1.4,Australia,2024
0 days 00:43:08.893000,20.2,45.0,1020.9,False,38.7,222,0.0,Australia,2024
0 days 00:44:08.913000,20.2,45.0,1020.9,False,38.1,167,0.7,Australia,2024
0 days 00:45:08.915000,20.3,44.0,1020.9,False,37.1,29,0.8,Australia,2024
0 days 00:46:08.921000,20.3,44.0,1020.9,False,37.5,188,0.9,Australia,2024
0 days 00:47:08.938000,20.3,45.0,1020.8,False,38.0,203,0.4,Australia,2024
0 days 00:48:08.960000,20.3,45.0,1020.9,False,38.6,0,0.6,Australia,2024
0 days 00:49:08.966000,20.3,44.0,1020.9,False,38.7,272,0.8,Australia,2024
0 days 00:50:08.966000,20.2,44.0,1020.8,False,38.7,0,0.7,Australia,2024
0 days 00:51:08.982000,20.2,44.0,1020.8,False,38.2,27,0.9,Australia,2024
0 days 00:52:08.984000,20.3,44.0,1020.9,False,38.1,346,0.8,Australia,2024
0 days 00:53:08.992000,20.4,45.0,1020.9,False,38.7,303,1.0,Australia,2024
0 days 00:54:08.992000,20.4,45.0,1020.9,False,39.2,332,1.2,Australia,2024
0 days 00:55:08.995000,20.4,45.0,1020.8,False,39.2,341,0.7,Australia,2024
0 days 00:56:09.002000,20.5,44.0,1020.8,False,39.1,151,0.7,Australia,2024
0 days 00:57:08.993000,20.4,44.0,1020.9,False,39.1,299,0.9,Australia,2024
0 days 00:58:09.002000,20.3,44.0,1020.8,False,39.0,171,0.8,Australia,2024
0 days 00:59:09.003000,20.4,45.0,1020.9,False,38.8,322,1.1,Australia,2024
0 days 01:00:09.008000,20.5,45.0,1020.7,False,39.0,304,1.8,Australia,2024
0 days 01:01:09.008000,20.5,45.0,1020.8,False,39.0,88,0.9,Australia,2024
0 days 01:02:09.005000,20.6,44.0,1020.7,False,39.3,168,0.8,Australia,2024
0 days 01:03:09.018000,20.6,46.0,1020.8,False,39.3,258,2.3,Australia,2024
0 days 01:04:09.031000,20.7,45.0,1020.7,False,39.1,163,1.6,Australia,2024
0 days 01:05:09.005000,20.6,45.0,1020.8,False,38.9,132,1.0,Australia,2024
0 days 01:06:09.011000,20.6,45.0,1020.7,False,39.3,19,0.5,Australia,2024
0 days 01:07:09.008000,20.5,44.0,1020.7,False,39.3,2,0.6,Australia,2024
0 days 01:08:09.013000,20.6,44.0,1020.7,False,39.3,67,0.5,Australia,2024
0 days 01:09:09.052000,20.5,43.0,1020.7,False,38.9,164,0.8,Australia,2024
0 days 01:10:09.018000,20.5,43.0,1020.7,False,39.1,24,1.0,Australia,2024
0 days 01:11:09.053000,20.7,43.0,1020.6,False,39.1,141,1.7,Australia,2024
0 days 01:12:09.067000,20.8,43.0,1020.6,False,39.0,150,1.5,Australia,2024
0 days 01:13:09.062000,20.7,44.0,1020.7,False,38.8,158,1.3,Australia,2024
0 days 01:14:09.071000,20.8,44.0,1020.6,False,38.9,120,0.6,Australia,2024
0 days 01:15:09.082000,20.9,43.0,1020.5,False,39.1,107,0.5,Australia,2024
0 days 01:16:09.082000,20.9,43.0,1020.5,False,39.1,132,1.1,Australia,2024
0 days 01:17:09.105000,20.8,42.0,1020.5,False,39.1,0,0.6,Australia,2024
0 days 01:18:09.120000,20.9,43.0,1020.5,False,39.1,144,1.2,Australia,2024
0 days 01:19:09.113000,20.8,43.0,1020.4,False,39.2,102,0.7,Australia,2024
0 days 01:20:09.108000,21.0,43.0,1020.4,False,39.1,144,1.0,Australia,2024
0 days 01:21:09.134000,21.0,43.0,1020.3,False,38.9,144,1.4,Australia,2024
0 days 01:22:09.143000,21.0,43.0,1020.3,False,38.8,149,1.4,Australia,2024
0 days 01:23:09.152000,21.0,43.0,1020.4,False,38.6,108,0.6,Australia,2024
0 days 01:24:09.152000,20.9,43.0,1020.3,False,38.6,0,0.5,Australia,2024
0 days 01:25:09.150000,21.0,44.0,1020.3,False,39.1,357,0.8,Australia,2024
0 days 01:26:09.150000,21.0,43.0,1020.2,False,39.1,94,1.0,Australia,2024
0 days 01:27:09.157000,21.0,43.0,1020.2,False,39.0,133,0.6,Australia,2024
0 days 01:28:09.165000,21.0,43.0,1020.3,False,38.7,142,1.3,Australia,2024
0 days 01:29:09.148000,21.0,43.0,1020.2,False,38.6,161,1.3,Australia,2024
0 days 01:30:09.159000,21.1,44.0,1020.2,False,38.7,154,1.2,Australia,2024
0 days 01:31:09.167000,21.0,44.0,1020.3,False,38.8,153,1.4,Australia,2024
0 days 01:32:09.168000,21.1,44.0,1020.1,False,38.9,101,0.9,Australia,2024
0 days 01:33:09.168000,21.1,44.0,1020.1,False,38.9,133,0.6,Australia,2024
0 days 01:34:09.207000,21.3,43.0,1020.2,False,38.9,150,0.9,Australia,2024
0 days 01:35:09.186000,21.4,43.0,1020.2,False,38.9,144,1.2,Australia,2024
0 days 01:36:09.204000,21.5,43.0,1020.2,False,38.9,154,1.1,Australia,2024
0 days 01:37:09.224000,21.4,43.0,1020.2,False,39.1,218,0.7,Australia,2024
0 days 01:38:09.222000,21.3,44.0,1020.2,False,38.9,147,2.0,Australia,2024
0 days 01:39:09.215000,21.3,43.0,1020.3,False,38.9,153,1.5,Australia,2024
0 days 01:40:09.221000,21.2,42.0,1020.2,False,38.8,147,0.7,Australia,2024
0 days 01:41:09.238000,21.2,43.0,1020.3,False,38.4,195,1.9,Australia,2024
0 days 01:42:09.258000,21.1,44.0,1020.3,False,38.4,50,0.9,Australia,2024
0 days 01:43:09.254000,21.2,43.0,1020.3,False,38.7,171,0.5,Australia,2024
0 days 01:44:09.261000,21.2,43.0,1020.3,False,38.6,297,1.8,Australia,2024
0 days 01:45:09.281000,21.2,44.0,1020.3,False,38.5,13,0.4,Australia,2024
0 days 01:46:09.276000,21.2,43.0,1020.3,False,38.6,140,0.0,Australia,2024
0 days 01:47:09.282000,21.2,43.0,1020.3,False,38.5,186,0.8,Australia,2024
0 days 01:48:09.284000,21.3,43.0,1020.3,False,38.2,116,1.0,Australia,2024
0 days 01:49:09.302000,21.4,43.0,1020.2,False,38.2,149,0.5,Australia,2024
0 days 01:50:09.304000,21.5,42.0,1020.1,False,38.4,145,1.8,Australia,2024
0 days 01:51:09.301000,21.4,43.0,1020.2,False,38.2,0,1.1,Australia,2024
0 days 01:52:09.289000,21.3,43.0,1020.1,False,38.0,151,1.0,Australia,2024
0 days 01:53:09.301000,21.3,44.0,1020.1,False,38.2,175,1.0,Australia,2024
0 days 01:54:09.292000,21.4,44.0,1020.0,False,38.5,151,1.4,Australia,2024
0 days 01:55:09.302000,21.5,43.0,1020.0,False,38.5,102,1.5,Australia,2024
0 days 01:56:09.304000,21.6,43.0,1020.1,False,38.0,157,0.9,Australia,2024
0 days 01:57:09.302000,21.7,43.0,1020.0,False,38.0,0,1.4,Australia,2024
0 days 01:58:09.306000,21.8,43.0,1020.0,False,38.0,157,0.7,Australia,2024
0 days 01:59:09.306000,21.8,43.0,1020.0,False,37.9,150,1.4,Australia,2024
0 days 02:00:09.324000,21.8,43.0,1020.1,False,37.9,164,1.2,Australia,2024
0 days 02:01:09.341000,21.7,44.0,1019.9,False,38.1,0,1.1,Australia,2024
0 days 02:02:09.348000,21.6,43.0,1019.9,False,38.2,39,0.3,Australia,2024
0 days 02:03:09.360000,21.6,43.0,1019.9,False,38.2,229,0.5,Australia,2024
0 days 02:04:09.361000,21.6,43.0,1019.9,False,37.6,152,2.2,Australia,2024
0 days 02:05:09.353000,21.7,42.0,1019.9,False,37.9,99,1.1,Australia,2024
0 days 02:06:09.360000,21.6,42.0,1019.8,False,37.9,154,0.9,Australia,2024
0 days 02:07:09.358000,21.7,44.0,1019.8,False,37.9,0,1.1,Australia,2024
0 days 02:08:09.360000,21.7,43.0,1019.9,False,37.9,147,0.8,Australia,2024
0 days 02:09:09.358000,21.8,42.0,1019.8,False,37.9,132,0.8,Australia,2024
0 days 02:10:09.351000,21.8,43.0,1019.9,False,37.9,148,0.6,Australia,2024
0 days 02:11:09.369000,21.9,42.0,1019.8,False,38.1,146,1.3,Australia,2024
0 days 02:12:09.351000,21.8,43.0,1019.8,False,38.0,0,0.9,Australia,2024
0 days 02:13:09.372000,21.9,42.0,1019.8,False,37.7,144,1.1,Australia,2024
0 days 02:14:09.372000,22.0,42.0,1019.8,False,37.5,161,1.5,Australia,2024
0 days 02:15:09.371000,21.9,42.0,1019.9,False,37.2,157,1.5,Australia,2024
0 days 02:16:09.361000,21.8,43.0,1019.8,False,37.2,184,1.9,Australia,2024
0 days 02:17:09.364000,21.6,43.0,1019.8,False,37.4,56,1.4,Australia,2024
0 days 02:18:09.369000,21.6,43.0,1019.8,False,37.4,162,1.3,Australia,2024
0 days 02:19:09.369000,21.5,43.0,1019.8,False,37.6,50,0.7,Australia,2024
0 days 02:20:09.378000,21.5,43.0,1019.8,False,36.9,154,0.9,Australia,2024
0 days 02:21:09.369000,21.5,42.0,1019.8,False,36.9,148,0.8,Australia,2024
0 days 02:22:09.384000,21.5,43.0,1019.9,False,36.9,163,1.0,Australia,2024
0 days 02:23:09.402000,21.5,44.0,1019.8,False,36.9,164,0.5,Australia,2024
0 days 00:00:54.094000,21.1,69.0,1019.1,False,49.4,27,1.1,Monaco,2024
0 days 00:01:54.088000,21.1,68.0,1019.1,False,49.5,2,0.8,Monaco,2024
0 days 00:02:54.095000,21.0,68.0,1019.2,False,50.0,3,0.9,Monaco,2024
0 days 00:03:54.083000,21.0,68.0,1019.1,False,48.3,8,0.7,Monaco,2024
0 days 00:04:54.095000,20.9,66.0,1019.1,False,48.4,107,1.2,Monaco,2024
0 days 00:05:54.092000,21.0,66.0,1019.1,False,48.4,1,0.4,Monaco,2024
0 days 00:06:54.098000,21.1,67.0,1019.1,False,48.0,329,1.3,Monaco,2024
0 days 00:07:54.090000,21.0,67.0,1019.1,False,47.8,38,1.4,Monaco,2024
0 days 00:08:54.117000,21.0,66.0,1019.0,False,48.0,9,1.0,Monaco,2024
0 days 00:09:54.110000,21.2,66.0,1019.1,False,48.0,22,1.1,Monaco,2024
0 days 00:10:54.129000,21.1,66.0,1019.0,False,48.0,353,1.3,Monaco,2024
0 days 00:11:54.124000,21.1,68.0,1018.9,False,48.4,352,1.1,Monaco,2024
0 days 00:12:54.123000,21.1,67.0,1019.0,False,48.0,348,1.0,Monaco,2024
0 days 00:13:54.175000,21.1,67.0,1019.1,False,48.3,6,0.8,Monaco,2024
0 days 00:14:54.163000,21.1,68.0,1019.0,False,48.1,27,1.1,Monaco,2024
0 days 00:15:54.181000,21.1,68.0,1019.1,False,48.3,329,1.1,Monaco,2024
0 days 00:16:54.191000,21.1,67.0,1019.0,False,48.3,22,1.0,Monaco,2024
0 days 00:17:54.203000,21.2,67.0,1019.0,False,48.1,357,1.4,Monaco,2024
0 days 00:18:54.199000,21.1,67.0,1019.0,False,48.1,210,1.1,Monaco,2024
0 days 00:19:54.200000,21.2,66.0,1018.9,False,48.7,215,2.2,Monaco,2024
0 days 00:20:54.224000,21.3,66.0,1019.0,False,48.7,0,1.4,Monaco,2024
0 days 00:21:54.231000,21.3,66.0,1019.0,False,48.5,333,0.7,Monaco,2024
0 days 00:22:54.229000,21.3,67.0,1019.0,False,48.5,210,0.6,Monaco,2024
0 days 00:23:54.221000,21.2,67.0,1019.0,False,45.8,228,1.1,Monaco,2024
0 days 00:24:54.224000,21.2,68.0,1019.1,False,45.8,19,0.7,Monaco,2024
0 days 00:25:54.231000,21.3,68.0,1019.0,False,45.8,233,0.7,Monaco,2024
0 days 00:26:54.229000,21.3,69.0,1019.0,False,46.4,237,0.8,Monaco,2024
0 days 00:27:54.238000,21.3,69.0,1019.1,False,46.6,213,1.5,Monaco,2024
0 days 00:28:54.230000,21.2,69.0,1019.0,False,46.6,0,2.3,Monaco,2024
0 days 00:29:54.230000,21.2,69.0,1019.0,False,47.3,0,0.6,Monaco,2024
0 days 00:30:54.232000,21.2,68.0,1019.0,False,47.9,225,0.0,Monaco,2024
0 days 00:31:54.231000,21.2,68.0,1018.9,False,47.3,9,0.4,Monaco,2024
0 days 00:32:54.228000,21.4,67.0,1018.9,False,47.4,7,1.9,Monaco,2024
0 days 00:33:54.237000,21.3,67.0,1019.0,False,47.4,358,1.1,Monaco,2024
0 days 00:34:54.239000,21.3,67.0,1019.0,False,47.7,355,0.7,Monaco,2024
0 days 00:35:54.235000,21.3,67.0,1019.0,False,48.6,213,0.9,Monaco,2024
0 days 00:36:54.240000,21.2,67.0,1018.9,False,49.2,337,0.9,Monaco,2024
0 days 00:37:54.234000,21.3,67.0,1019.0,False,48.9,204,0.7,Monaco,2024
0 days 00:38:54.242000,21.3,68.0,1019.0,False,48.5,229,0.9,Monaco,2024
0 days 00:39:54.241000,21.4,68.0,1018.9,False,48.7,211,0.8,Monaco,2024
0 days 00:40:54.231000,21.5,67.0,1018.9,False,48.7,343,0.6,Monaco,2024
0 days 00:41:54.246000,21.6,67.0,1018.9,False,48.8,0,0.5,Monaco,2024
0 days 00:42:54.245000,21.4,66.0,1018.9,False,48.4,21,0.4,Monaco,2024
0 days 00:43:54.245000,21.5,66.0,1018.8,False,48.3,56,1.1,Monaco,2024
0 days 00:44:54.248000,21.5,66.0,1018.8,False,48.0,56,1.0,Monaco,2024
0 days 00:45:54.241000,21.4,66.0,1018.8,False,48.0,20,1.2,Monaco,2024
0 days 00:46:54.254000,21.4,67.0,1018.9,False,47.4,209,1.1,Monaco,2024
0 days 00:47:54.271000,21.4,66.0,1018.9,False,47.0,324,0.8,Monaco,2024
0 days 00:48:54.261000,21.4,67.0,1019.0,False,47.6,333,0.7,Monaco,2024
0 days 00:49:54.257000,21.3,67.0,1019.1,False,47.0,202,0.4,Monaco,2024
0 days 00:50:54.286000,21.2,68.0,1018.9,False,46.9,238,0.9,Monaco,2024
0 days 00:51:54.300000,21.2,68.0,1019.0,False,47.0,0,0.8,Monaco,2024
0 days 00:52:54.299000,21.3,67.0,1018.9,False,47.3,11,0.5,Monaco,2024
0 days 00:53:54.300000,21.5,67.0,1018.8,False,48.1,9,1.5,Monaco,2024
0 days 00:54:54.301000,21.6,66.0,1018.9,False,48.4,0,0.9,Monaco,2024
0 days 00:55:54.299000,21.6,66.0,1018.9,False,48.4,255,0.6,Monaco,2024
0 days 00:56:54.341000,21.6,64.0,1018.9,False,48.0,328,0.4,Monaco,2024
0 days 00:57:54.329000,21.7,65.0,1018.9,False,48.3,7,1.3,Monaco,2024
0 days 00:58:54.353000,21.6,65.0,1018.8,False,48.3,222,1.2,Monaco,2024
0 days 00:59:54.346000,21.6,65.0,1018.9,False,48.1,207,2.0,Monaco,2024
0 days 01:00:54.358000,21.6,68.0,1018.9,False,47.7,214,2.5,Monaco,2024
0 days 01:01:54.372000,21.3,69.0,1018.9,False,47.7,212,1.2,Monaco,2024
0 days 01:02:54.377000,21.3,68.0,1018.9,False,48.1,216,1.4,Monaco,2024
0 days 01:03:54.373000,21.4,67.0,1018.9,False,47.9,0,0.5,Monaco,2024
0 days 01:04:54.424000,21.4,69.0,1018.9,False,47.2,49,0.5,Monaco,2024
0 days 01:05:54.381000,21.5,69.0,1018.8,False,47.1,125,0.9,Monaco,2024
0 days 01:06:54.383000,21.4,68.0,1018.8,False,47.3,15,0.4,Monaco,2024
0 days 01:07:54.375000,21.3,68.0,1018.8,False,47.5,6,1.2,Monaco,2024
0 days 01:08:54.382000,21.3,68.0,1018.9,False,47.7,203,1.3,Monaco,2024
0 days 01:09:54.382000,21.2,69.0,1018.8,False,48.2,5,1.7,Monaco,2024
0 days 01:10:54.386000,21.3,69.0,1018.9,False,49.3,48,1.0,Monaco,2024
0 days 01:11:54.381000,21.3,69.0,1018.8,False,49.5,329,0.8,Monaco,2024
0 days 01:12:54.386000,21.3,67.0,1018.9,False,49.5,0,0.7,Monaco,2024
0 days 01:13:54.384000,21.4,67.0,1018.9,False,49.4,34,0.3,Monaco,2024
0 days 01:14:54.382000,21.3,68.0,1018.8,False,49.2,327,1.2,Monaco,2024
0 days 01:15:54.395000,21.3,67.0,1018.9,False,49.4,20,0.8,Monaco,2024
0 days 01:16:54.395000,21.3,67.0,1018.8,False,49.9,314,0.8,Monaco,2024
0 days 01:17:54.382000,21.3,68.0,1018.8,False,49.5,189,0.8,Monaco,2024
0 days 01:18:54.433000,21.4,67.0,1018.9,False,49.8,223,0.4,Monaco,2024
0 days 01:19:54.411000,21.5,67.0,1018.9,False,49.6,16,1.2,Monaco,2024
0 days 01:20:54.404000,21.5,68.0,1018.8,False,49.6,323,0.7,Monaco,2024
0 days 01:21:54.421000,21.5,67.0,1018.8,False,49.9,350,1.5,Monaco,2024
0 days 01:22:54.431000,21.6,65.0,1018.8,False,49.7,10,0.9,Monaco,2024
0 days 01:23:54.453000,21.6,65.0,1018.8,False,49.1,13,1.7,Monaco,2024
0 days 01:24:54.436000,21.7,66.0,1018.8,False,48.4,10,1.3,Monaco,2024
0 days 01:25:54.487000,21.7,65.0,1018.8,False,48.8,16,1.4,Monaco,2024
0 days 01:26:54.466000,21.6,64.0,1018.7,False,49.5,17,1.1,Monaco,2024
0 days 01:27:54.455000,21.6,64.0,1018.8,False,49.0,26,1.2,Monaco,2024
0 days 01:28:54.479000,21.6,65.0,1018.8,False,48.6,25,1.6,Monaco,2024
0 days 01:29:54.480000,21.5,64.0,1018.9,False,48.5,357,1.7,Monaco,2024
0 days 01:30:54.496000,21.5,64.0,1018.9,False,48.5,19,0.5,Monaco,2024
0 days 01:31:54.491000,21.5,62.0,1018.8,False,49.4,330,0.8,Monaco,2024
0 days 01:32:54.501000,21.5,63.0,1018.9,False,49.4,347,1.2,Monaco,2024
0 days 01:33:54.516000,21.5,64.0,1018.9,False,49.4,0,1.5,Monaco,2024
0 days 01:34:54.525000,21.5,64.0,1018.9,False,49.3,342,1.5,Monaco,2024
0 days 01:35:54.524000,21.5,64.0,1018.9,False,49.3,348,1.5,Monaco,2024
0 days 01:36:54.533000,21.5,65.0,1018.9,False,48.1,9,0.8,Monaco,2024
0 days 01:37:54.533000,21.5,66.0,1018.9,False,48.1,231,0.7,Monaco,2024
0 days 01:38:54.534000,21.6,66.0,1018.7,False,48.6,356,1.4,Monaco,2024
0 days 01:39:54.540000,21.6,65.0,1018.8,False,49.2,0,0.6,Monaco,2024
0 days 01:40:54.540000,21.7,63.0,1018.9,False,49.2,0,0.6,Monaco,2024
0 days 01:41:54.532000,21.7,63.0,1018.8,False,48.8,57,0.6,Monaco,2024
0 days 01:42:54.539000,21.6,64.0,1018.9,False,48.2,353,2.0,Monaco,2024
0 days 01:43:54.538000,21.6,63.0,1018.8,False,48.2,0,1.0,Monaco,2024
0 days 01:44:54.534000,21.8,64.0,1018.9,False,48.7,6,0.4,Monaco,2024
0 days 01:45:54.536000,21.8,64.0,1018.9,False,48.0,104,1.4,Monaco,2024
0 days 01:46:54.538000,21.9,63.0,1018.9,False,47.9,253,0.9,Monaco,2024
0 days 01:47:54.523000,22.0,64.0,1018.8,False,47.9,340,1.1,Monaco,2024
0 days 01:48:54.541000,22.1,65.0,1018.8,False,47.4,289,0.7,Monaco,2024
0 days 01:49:54.529000,22.1,63.0,1018.8,False,47.9,187,0.9,Monaco,2024
0 days 01:50:54.531000,22.2,61.0,1018.9,False,47.9,9,1.3,Monaco,2024
0 days 01:51:54.544000,22.3,63.0,1018.8,False,47.3,2,0.6,Monaco,2024
0 days 01:52:54.535000,22.1,64.0,1018.8,False,47.2,208,1.2,Monaco,2024
0 days 01:53:54.550000,22.0,62.0,1018.8,False,47.1,0,1.2,Monaco,2024
0 days 01:54:54.541000,22.0,63.0,1018.7,False,47.1,22,0.5,Monaco,2024
0 days 01:55:54.537000,22.0,62.0,1018.8,False,47.1,351,1.1,Monaco,2024
0 days 01:56:54.541000,22.0,64.0,1018.7,False,46.0,154,0.5,Monaco,2024
0 days 01:57:54.549000,21.8,64.0,1018.8,False,46.1,8,1.3,Monaco,2024
0 days 01:58:54.543000,21.6,64.0,1018.7,False,46.7,38,1.1,Monaco,2024
0 days 01:59:54.551000,21.7,63.0,1018.7,False,47.2,101,0.8,Monaco,2024
0 days 02:00:54.548000,21.8,61.0,1018.6,False,46.7,221,0.7,Monaco,2024
0 days 02:01:54.547000,21.9,61.0,1018.8,False,46.6,36,1.3,Monaco,2024
0 days 02:02:54.542000,21.9,62.0,1018.8,False,45.8,337,0.9,Monaco,2024
0 days 02:03:54.543000,21.9,64.0,1018.7,False,45.8,0,1.3,Monaco,2024
0 days 02:04:54.544000,21.8,65.0,1018.8,False,45.9,273,1.6,Monaco,2024
0 days 02:05:54.554000,21.8,65.0,1018.8,False,45.9,198,0.5,Monaco,2024
0 days 02:06:54.543000,21.7,63.0,1018.7,False,46.1,356,1.1,Monaco,2024
0 days 02:07:54.545000,21.8,64.0,1018.7,False,46.3,272,1.4,Monaco,2024
0 days 02:08:54.553000,21.7,63.0,1018.7,False,45.7,183,0.9,Monaco,2024
0 days 02:09:54.562000,21.7,62.0,1018.6,False,45.7,325,1.3,Monaco,2024
0 days 02:10:54.559000,21.8,64.0,1018.5,False,46.0,23,0.7,Monaco,2024
0 days 02:11:54.558000,21.9,63.0,1018.6,False,46.0,296,0.6,Monaco,2024
0 days 02:12:54.548000,21.9,62.0,1018.6,False,46.0,213,1.0,Monaco,2024
0 days 02:13:54.560000,22.0,63.0,1018.5,False,45.6,215,1.7,Monaco,2024
0 days 02:14:54.551000,22.0,62.0,1018.5,False,45.9,220,0.9,Monaco,2024
0 days 02:15:54.549000,22.0,61.0,1018.6,False,46.4,265,0.6,Monaco,2024
0 days 02:16:54.551000,22.1,61.0,1018.6,False,45.5,217,0.4,Monaco,2024
0 days 02:17:54.557000,22.0,61.0,1018.6,False,45.5,237,0.9,Monaco,2024
0 days 02:18:54.573000,21.9,62.0,1018.5,False,45.6,245,1.0,Monaco,2024
0 days 02:19:54.575000,21.9,62.0,1018.6,False,45.9,269,0.9,Monaco,2024
0 days 02:20:54.594000,22.0,61.0,1018.5,False,45.9,268,1.0,Monaco,2024
0 days 02:21:54.610000,22.0,62.0,1018.6,False,45.1,0,0.9,Monaco,2024
0 days 02:22:54.602000,21.9,65.0,1018.6,False,44.5,358,0.6,Monaco,2024
0 days 02:23:54.612000,21.8,64.0,1018.5,False,44.4,234,1.2,Monaco,2024
0 days 02:24:54.613000,21.7,63.0,1018.5,False,44.4,305,1.5,Monaco,2024
0 days 02:25:54.617000,21.8,63.0,1018.5,False,44.5,271,1.0,Monaco,2024
0 days 02:26:54.635000,21.8,62.0,1018.6,False,44.8,169,0.7,Monaco,2024
0 days 02:27:54.648000,21.8,62.0,1018.6,False,44.7,0,0.5,Monaco,2024
0 days 02:28:54.646000,21.9,61.0,1018.6,False,44.4,269,0.8,Monaco,2024
0 days 02:29:54.675000,22.0,60.0,1018.5,False,44.4,111,0.8,Monaco,2024
0 days 02:30:54.676000,22.0,62.0,1018.4,False,44.4,30,0.5,Monaco,2024
0 days 02:31:54.677000,21.9,61.0,1018.5,False,44.7,0,0.5,Monaco,2024
0 days 02:32:54.683000,21.9,59.0,1018.5,False,44.8,0,0.9,Monaco,2024
0 days 02:33:54.684000,21.9,59.0,1018.6,False,44.8,227,1.0,Monaco,2024
0 days 02:34:54.708000,22.0,58.0,1018.5,False,44.5,192,0.5,Monaco,2024
0 days 02:35:54.692000,22.0,58.0,1018.5,False,44.2,206,0.8,Monaco,2024
0 days 02:36:54.696000,21.9,57.0,1018.3,False,44.5,203,1.8,Monaco,2024
0 days 02:37:54.700000,22.0,58.0,1018.4,False,44.5,276,1.8,Monaco,2024
0 days 02:38:54.736000,22.0,57.0,1018.5,False,43.8,205,0.7,Monaco,2024
0 days 02:39:54.713000,22.0,58.0,1018.4,False,43.8,218,1.1,Monaco,2024
0 days 02:40:54.715000,22.0,57.0,1018.4,False,43.7,0,1.7,Monaco,2024
0 days 02:41:54.711000,21.9,58.0,1018.5,False,43.7,354,1.0,Monaco,2024
0 days 02:42:54.715000,21.9,58.0,1018.5,False,43.7,89,1.1,Monaco,2024
0 days 02:43:54.736000,21.8,58.0,1018.6,False,43.0,200,0.7,Monaco,2024
0 days 02:44:54.744000,21.8,57.0,1018.5,False,43.2,52,1.0,Monaco,2024
0 days 02:45:54.756000,21.9,58.0,1018.5,False,43.2,321,0.8,Monaco,2024
0 days 02:46:54.745000,21.9,59.0,1018.6,False,43.0,228,1.1,Monaco,2024
0 days 02:47:54.762000,21.9,59.0,1018.4,False,42.8,236,1.4,Monaco,2024
0 days 02:48:54.750000,21.7,59.0,1018.4,False,42.5,0,1.1,Monaco,2024
0 days 02:49:54.749000,21.7,60.0,1018.4,False,42.4,59,0.9,Monaco,2024
0 days 02:50:54.764000,21.6,60.0,1018.4,False,42.2,140,0.8,Monaco,2024
0 days 02:51:54.774000,21.7,59.0,1018.5,False,42.4,0,0.6,Monaco,2024
0 days 02:52:54.793000,21.8,60.0,1018.5,False,42.2,30,1.2,Monaco,2024
0 days 02:53:54.807000,21.6,61.0,1018.4,False,41.9,9,1.1,Monaco,2024
0 days 02:54:54.803000,21.5,61.0,1018.5,False,42.3,284,0.5,Monaco,2024
0 days 02:55:54.798000,21.6,60.0,1018.4,False,42.3,222,0.6,Monaco,2024
0 days 02:56:54.806000,21.6,60.0,1018.4,False,42.0,241,0.9,Monaco,2024
0 days 02:57:54.815000,21.8,59.0,1018.4,False,42.0,264,1.2,Monaco,2024
0 days 02:58:54.835000,22.0,60.0,1018.5,False,42.0,284,0.8,Monaco,2024
0 days 02:59:54.845000,21.9,60.0,1018.3,False,41.2,47,0.8,Monaco,2024
0 days 03:00:54.842000,21.9,60.0,1018.4,False,42.0,215,0.9,Monaco,2024
0 days 03:01:54.848000,21.9,59.0,1018.4,False,41.7,283,1.2,Monaco,2024
0 days 03:02:54.840000,22.0,59.0,1018.3,False,41.7,325,1.7,Monaco,2024
0 days 03:03:54.830000,22.0,60.0,1018.3,False,41.6,58,1.0,Monaco,2024
0 days 03:04:54.832000,21.8,60.0,1018.4,False,40.9,14,0.7,Monaco,2024
0 days 03:05:54.842000,21.7,61.0,1018.4,False,41.1,229,0.8,Monaco,2024
0 days 03:06:54.847000,21.8,60.0,1018.5,False,41.6,224,0.8,Monaco,2024
0 days 03:07:54.840000,21.8,60.0,1018.4,False,41.6,209,1.0,Monaco,2024
0 days 03:08:54.838000,21.7,60.0,1018.4,False,41.1,0,0.4,Monaco,2024
0 days 03:09:54.843000,21.6,61.0,1018.4,False,41.0,58,0.7,Monaco,2024
0 days 03:10:54.846000,21.6,62.0,1018.4,False,40.5,214,0.9,Monaco,2024
0 days 03:11:54.852000,21.6,61.0,1018.4,False,40.5,209,0.5,Monaco,2024
0 days 03:12:54.846000,21.7,61.0,1018.4,False,40.8,293,1.1,Monaco,2024
0 days 03:13:54.853000,21.7,61.0,1018.4,False,40.8,214,0.7,Monaco,2024
0 days 03:14:54.871000,21.7,61.0,1018.4,False,40.6,353,0.6,Monaco,2024
0 days 03:15:54.885000,21.7,61.0,1018.4,False,40.6,224,0.9,Monaco,2024
0 days 03:16:54.899000,21.8,61.0,1018.4,False,40.9,219,1.2,Monaco,2024
0 days 03:17:54.901000,21.8,61.0,1018.4,False,40.9,284,0.8,Monaco,2024
0 days 03:18:54.896000,21.8,62.0,1018.4,False,40.2,0,0.8,Monaco,2024
0 days 03:19:54.900000,21.7,62.0,1018.5,False,40.3,168,0.6,Monaco,2024
0 days 00:00:50.446000,31.0,74.0,1006.9,False,37.6,0,0.6,Singapore,2024
0 days 00:01:50.493000,30.9,74.0,1007.0,False,37.7,258,0.0,Singapore,2024
0 days 00:02:50.435000,30.9,74.0,1007.0,False,37.9,300,1.1,Singapore,2024
0 days 00:03:50.452000,30.9,75.0,1007.0,False,37.9,28,0.8,Singapore,2024
0 days 00:04:50.454000,30.8,75.0,1007.1,False,38.0,287,0.3,Singapore,2024
0 days 00:05:50.469000,30.8,75.0,1007.1,False,38.5,219,0.8,Singapore,2024
0 days 00:06:50.497000,30.8,74.0,1007.0,False,38.2,217,1.0,Singapore,2024
0 days 00:07:50.489000,30.8,75.0,1007.1,False,37.6,167,0.7,Singapore,2024
0 days 00:08:50.513000,30.7,75.0,1007.1,False,37.5,0,0.6,Singapore,2024
0 days 00:09:50.519000,30.7,75.0,1007.1,False,37.3,269,0.0,Singapore,2024
0 days 00:10:50.528000,30.7,75.0,1007.1,False,37.4,282,0.5,Singapore,2024
0 days 00:11:50.541000,30.7,75.0,1007.1,False,37.7,135,0.5,Singapore,2024
0 days 00:12:50.545000,30.8,75.0,1007.1,False,37.7,110,0.6,Singapore,2024
0 days 00:13:50.554000,30.7,75.0,1007.1,False,38.3,208,0.7,Singapore,2024
0 days 00:14:50.563000,30.7,75.0,1007.2,False,38.5,138,0.6,Singapore,2024
0 days 00:15:50.571000,30.8,75.0,1007.3,False,38.2,204,1.0,Singapore,2024
0 days 00:16:50.573000,30.7,75.0,1007.2,False,37.8,212,0.8,Singapore,2024
0 days 00:17:50.592000,30.9,74.0,1007.2,False,38.2,179,0.9,Singapore,2024
0 days 00:18:50.585000,31.0,74.0,1007.2,False,38.5,179,0.7,Singapore,2024
0 days 00:19:50.609000,31.0,73.0,1007.2,False,38.1,154,0.5,Singapore,2024
0 days 00:20:50.622000,31.0,74.0,1007.3,False,37.9,0,0.8,Singapore,2024
0 days 00:21:50.637000,31.0,74.0,1007.2,False,37.9,163,0.7,Singapore,2024
0 days 00:22:50.664000,31.1,74.0,1007.2,False,37.9,218,0.8,Singapore,2024
0 days 00:23:50.661000,31.1,74.0,1007.2,False,37.8,180,1.0,Singapore,2024
0 days 00:24:50.674000,31.1,74.0,1007.2,False,38.1,161,0.9,Singapore,2024
0 days 00:25:50.664000,31.1,74.0,1007.2,False,37.6,231,1.0,Singapore,2024
0 days 00:26:50.667000,31.0,75.0,1007.3,False,37.4,244,0.5,Singapore,2024
0 days 00:27:50.668000,31.0,75.0,1007.3,False,37.5,249,0.9,Singapore,2024
0 days 00:28:50.682000,31.0,75.0,1007.3,False,37.2,267,0.7,Singapore,2024
0 days 00:29:50.664000,30.9,75.0,1007.3,False,37.0,201,0.8,Singapore,2024
0 days 00:30:50.667000,30.8,76.0,1007.3,False,37.2,0,0.7,Singapore,2024
0 days 00:31:50.659000,30.8,76.0,1007.4,False,37.2,62,0.4,Singapore,2024
0 days 00:32:50.674000,30.8,76.0,1007.3,False,37.3,226,0.7,Singapore,2024
0 days 00:33:50.662000,30.7,76.0,1007.3,False,37.6,206,0.5,Singapore,2024
0 days 00:34:50.660000,30.7,76.0,1007.4,False,37.9,0,0.4,Singapore,2024
0 days 00:35:50.664000,30.7,75.0,1007.4,False,37.6,217,0.0,Singapore,2024
0 days 00:36:50.659000,30.7,75.0,1007.4,False,37.5,229,0.9,Singapore,2024
0 days 00:37:50.668000,30.6,76.0,1007.4,False,37.3,0,1.0,Singapore,2024
0 days 00:38:50.673000,30.6,76.0,1007.5,False,37.0,0,0.3,Singapore,2024
0 days 00:39:50.677000,30.6,76.0,1007.5,False,37.2,0,0.5,Singapore,2024
0 days 00:40:50.670000,30.7,76.0,1007.5,False,37.2,287,0.5,Singapore,2024
0 days 00:41:50.676000,30.6,76.0,1007.5,False,37.2,270,1.1,Singapore,2024
0 days 00:42:50.667000,30.6,76.0,1007.5,False,37.3,36,0.7,Singapore,2024
0 days 00:43:50.673000,30.7,76.0,1007.6,False,37.3,305,0.6,Singapore,2024
0 days 00:44:50.676000,30.6,76.0,1007.5,False,37.0,282,0.0,Singapore,2024
0 days 00:45:50.677000,30.6,76.0,1007.5,False,37.3,280,0.5,Singapore,2024
0 days 00:46:50.681000,30.6,76.0,1007.6,False,37.6,295,0.6,Singapore,2024
0 days 00:47:50.675000,30.6,76.0,1007.6,False,37.0,320,0.6,Singapore,2024
0 days 00:48:50.680000,30.6,76.0,1007.6,False,37.0,82,0.9,Singapore,2024
0 days 00:49:50.682000,30.6,76.0,1007.6,False,37.1,0,0.4,Singapore,2024
0 days 00:50:50.678000,30.6,76.0,1007.6,False,37.1,0,0.0,Singapore,2024
0 days 00:51:50.670000,30.7,76.0,1007.6,False,37.7,213,0.0,Singapore,2024
0 days 00:52:50.678000,30.7,75.0,1007.7,False,37.7,232,0.6,Singapore,2024
0 days 00:53:50.687000,30.7,75.0,1007.7,False,37.6,298,0.4,Singapore,2024
0 days 00:54:50.686000,30.7,76.0,1007.6,False,37.3,329,0.7,Singapore,2024
0 days 00:55:50.683000,30.7,75.0,1007.7,False,37.3,213,0.8,Singapore,2024
0 days 00:56:50.685000,30.7,76.0,1007.7,False,37.3,216,0.6,Singapore,2024
0 days 00:57:50.688000,30.8,75.0,1007.7,False,37.3,0,0.4,Singapore,2024
0 days 00:58:50.691000,30.8,75.0,1007.7,False,37.3,239,0.3,Singapore,2024
0 days 00:59:50.693000,30.8,75.0,1007.7,False,37.4,192,0.9,Singapore,2024
0 days 01:00:50.691000,30.8,75.0,1007.7,False,37.4,200,0.8,Singapore,2024
0 days 01:01:50.691000,30.9,75.0,1007.8,False,37.4,217,1.4,Singapore,2024
0 days 01:02:50.685000,31.0,74.0,1007.8,False,37.2,203,1.1,Singapore,2024
0 days 01:03:50.707000,31.1,75.0,1007.7,False,37.0,218,0.7,Singapore,2024
0 days 01:04:50.724000,31.1,74.0,1007.8,False,36.6,195,1.4,Singapore,2024
0 days 01:05:50.741000,31.1,75.0,1007.8,False,36.8,155,1.3,Singapore,2024
0 days 01:06:50.757000,31.1,75.0,1007.9,False,36.5,180,0.7,Singapore,2024
0 days 01:07:50.766000,31.1,75.0,1007.9,False,36.5,228,1.0,Singapore,2024
0 days 01:08:50.785000,31.1,76.0,1007.8,False,36.5,0,0.4,Singapore,2024
0 days 01:09:50.791000,31.0,75.0,1007.9,False,36.9,155,0.9,Singapore,2024
0 days 01:10:50.778000,31.1,75.0,1007.8,False,37.0,251,0.8,Singapore,2024
0 days 01:11:50.805000,31.1,75.0,1007.9,False,37.1,219,1.1,Singapore,2024
0 days 01:12:50.813000,31.1,75.0,1008.0,False,37.0,245,0.8,Singapore,2024
0 days 01:13:50.824000,31.1,75.0,1008.0,False,36.9,221,1.1,Singapore,2024
0 days 01:14:50.822000,31.1,75.0,1007.9,False,36.8,183,0.7,Singapore,2024
0 days 01:15:50.820000,31.1,75.0,1008.0,False,36.8,196,1.6,Singapore,2024
0 days 01:16:50.821000,31.1,74.0,1008.0,False,36.8,220,1.1,Singapore,2024
0 days 01:17:50.831000,31.1,74.0,1008.0,False,36.3,216,1.1,Singapore,2024
0 days 01:18:51,31.1,75.0,1008.1,False,36.3,195,1.8,Singapore,2024
0 days 01:19:50.957000,31.2,74.0,1008.0,False,36.3,275,1.1,Singapore,2024
0 days 01:20:50.976000,31.2,75.0,1008.0,False,36.4,192,1.1,Singapore,2024
0 days 01:21:50.989000,31.1,74.0,1008.0,False,36.5,228,1.1,Singapore,2024
0 days 01:22:51.014000,31.1,74.0,1008.0,False,36.0,224,1.0,Singapore,2024
0 days 01:23:51.037000,31.1,74.0,1008.0,False,35.9,191,1.4,Singapore,2024
0 days 01:24:51.048000,31.0,75.0,1007.9,False,35.7,161,1.1,Singapore,2024
0 days 01:25:51.045000,31.0,75.0,1008.0,False,35.8,217,1.3,Singapore,2024
0 days 01:26:51.046000,31.0,75.0,1008.1,False,35.8,179,1.3,Singapore,2024
0 days 01:27:51.064000,30.9,75.0,1008.1,False,36.1,257,1.1,Singapore,2024
0 days 01:28:51.070000,30.9,75.0,1008.2,False,36.1,215,1.0,Singapore,2024
0 days 01:29:51.073000,30.8,75.0,1008.2,False,35.8,209,1.5,Singapore,2024
0 days 01:30:51.085000,30.8,76.0,1008.3,False,36.4,218,1.6,Singapore,2024
0 days 01:31:51.092000,30.8,75.0,1008.3,False,36.6,217,1.3,Singapore,2024
0 days 01:32:51.096000,30.8,74.0,1008.4,False,36.4,198,1.2,Singapore,2024
0 days 01:33:51.100000,30.8,74.0,1008.4,False,36.0,218,1.3,Singapore,2024
0 days 01:34:51.121000,30.8,75.0,1008.3,False,36.0,184,1.4,Singapore,2024
0 days 01:35:51.133000,30.8,74.0,1008.4,False,36.0,231,1.2,Singapore,2024
0 days 01:36:51.155000,30.8,75.0,1008.4,False,36.1,223,1.2,Singapore,2024
0 days 01:37:51.171000,30.8,75.0,1008.4,False,36.1,186,2.0,Singapore,2024
0 days 01:38:51.143000,30.8,75.0,1008.4,False,36.1,190,1.4,Singapore,2024
0 days 01:39:51.177000,30.8,75.0,1008.4,False,36.1,202,1.3,Singapore,2024
0 days 01:40:51.163000,30.8,75.0,1008.4,False,35.9,245,1.6,Singapore,2024
0 days 01:41:51.183000,30.8,75.0,1008.4,False,35.5,239,0.7,Singapore,2024
0 days 01:42:51.199000,30.8,76.0,1008.4,False,35.9,214,0.7,Singapore,2024
0 days 01:43:51.211000,30.8,74.0,1008.3,False,35.8,227,1.2,Singapore,2024
0 days 01:44:51.219000,30.8,74.0,1008.3,False,35.7,183,1.1,Singapore,2024
0 days 01:45:51.217000,30.7,74.0,1008.3,False,35.8,207,1.4,Singapore,2024
0 days 01:46:51.233000,30.6,74.0,1008.3,False,35.8,215,1.1,Singapore,2024
0 days 01:47:51.250000,30.7,74.0,1008.3,False,35.8,234,0.8,Singapore,2024
0 days 01:48:51.273000,30.6,74.0,1008.3,False,35.8,159,1.3,Singapore,2024
0 days 01:49:51.275000,30.7,74.0,1008.4,False,35.8,204,1.2,Singapore,2024
0 days 01:50:51.273000,30.8,74.0,1008.4,False,36.1,185,1.0,Singapore,2024
0 days 01:51:51.284000,30.8,73.0,1008.4,False,36.1,228,1.3,Singapore,2024
0 days 01:52:51.324000,30.8,74.0,1008.4,False,35.5,193,0.7,Singapore,2024
0 days 01:53:51.317000,30.8,74.0,1008.5,False,35.5,212,1.1,Singapore,2024
0 days 01:54:51.319000,30.8,74.0,1008.5,False,36.0,223,1.1,Singapore,2024
0 days 01:55:51.326000,30.7,74.0,1008.5,False,35.8,212,1.7,Singapore,2024
0 days 01:56:51.328000,30.7,74.0,1008.4,False,35.8,210,1.2,Singapore,2024
0 days 01:57:51.322000,30.8,74.0,1008.4,False,35.7,225,1.3,Singapore,2024
0 days 01:58:51.325000,30.8,74.0,1008.4,False,35.5,183,1.1,Singapore,2024
0 days 01:59:51.342000,30.8,73.0,1008.5,False,35.5,187,1.2,Singapore,2024
0 days 02:00:51.347000,30.8,74.0,1008.5,False,35.5,192,1.3,Singapore,2024
0 days 02:01:51.334000,30.8,74.0,1008.6,False,35.5,207,1.6,Singapore,2024
0 days 02:02:51.327000,30.8,74.0,1008.5,False,35.5,214,1.5,Singapore,2024
0 days 02:03:51.348000,30.8,74.0,1008.5,False,35.2,164,1.3,Singapore,2024
0 days 02:04:51.335000,30.8,74.0,1008.6,False,35.3,192,1.5,Singapore,2024
0 days 02:05:51.385000,30.8,74.0,1008.7,False,35.4,209,1.6,Singapore,2024
0 days 02:06:51.381000,30.8,74.0,1008.6,False,35.5,197,1.2,Singapore,2024
0 days 02:07:51.380000,30.7,74.0,1008.6,False,35.5,213,1.5,Singapore,2024
0 days 02:08:51.372000,30.7,74.0,1008.5,False,35.2,0,1.1,Singapore,2024
0 days 02:09:51.388000,30.6,74.0,1008.6,False,34.9,230,0.7,Singapore,2024
0 days 02:10:51.402000,30.6,75.0,1008.7,False,34.9,218,0.9,Singapore,2024
0 days 02:11:51.419000,30.6,75.0,1008.8,False,35.0,196,1.0,Singapore,2024
0 days 02:12:51.426000,30.7,75.0,1008.6,False,35.2,164,1.5,Singapore,2024
0 days 02:13:51.424000,30.7,74.0,1008.6,False,35.2,186,0.9,Singapore,2024
0 days 02:14:51.442000,30.6,74.0,1008.8,False,35.2,216,1.2,Singapore,2024
0 days 02:15:51.464000,30.7,75.0,1008.7,False,35.3,202,1.0,Singapore,2024
0 days 02:16:51.483000,30.6,74.0,1008.8,False,35.2,277,0.9,Singapore,2024
0 days 02:17:51.504000,30.6,74.0,1008.8,False,35.1,174,1.1,Singapore,2024
0 days 02:18:51.495000,30.6,74.0,1008.9,False,35.0,228,1.0,Singapore,2024
0 days 02:19:51.485000,30.6,74.0,1008.8,False,35.0,185,1.1,Singapore,2024
0 days 02:20:51.501000,30.6,74.0,1008.8,False,35.0,233,0.9,Singapore,2024
0 days 02:21:51.498000,30.6,74.0,1008.9,False,35.0,216,1.0,Singapore,2024
0 days 02:22:51.491000,30.5,74.0,1009.0,False,34.9,190,1.2,Singapore,2024
0 days 02:23:51.502000,30.5,73.0,1009.0,False,34.9,224,1.0,Singapore,2024
0 days 02:24:51.492000,30.5,74.0,1009.0,False,35.2,221,1.5,Singapore,2024
0 days 02:25:51.503000,30.5,74.0,1008.9,False,35.3,187,1.3,Singapore,2024
0 days 02:26:51.500000,30.6,74.0,1008.9,False,35.5,214,1.3,Singapore,2024
0 days 02:27:51.503000,30.5,74.0,1009.1,False,34.9,288,1.0,Singapore,2024
0 days 02:28:51.496000,30.5,74.0,1009.0,False,34.9,178,0.3,Singapore,2024
0 days 02:29:51.504000,30.5,74.0,1009.0,False,35.0,192,1.0,Singapore,2024
0 days 02:30:51.495000,30.5,74.0,1009.0,False,35.0,300,0.6,Singapore,2024
0 days 02:31:51.507000,30.5,75.0,1009.0,False,34.4,155,1.1,Singapore,2024
0 days 02:32:51.496000,30.5,74.0,1009.1,False,34.4,72,1.0,Singapore,2024
0 days 02:33:51.503000,30.5,74.0,1009.1,False,35.0,226,1.1,Singapore,2024
0 days 02:34:51.509000,30.6,74.0,1009.0,False,35.0,199,1.4,Singapore,2024
0 days 02:35:51.502000,30.6,74.0,1009.1,False,35.0,205,1.6,Singapore,2024
0 days 02:36:51.501000,30.5,74.0,1009.0,False,35.0,200,1.4,Singapore,2024
0 days 02:37:51.514000,30.5,73.0,1009.1,False,34.9,189,1.2,Singapore,2024
0 days 02:38:51.522000,30.4,74.0,1009.1,False,34.7,198,1.3,Singapore,2024
0 days 02:39:51.556000,30.4,74.0,1009.1,False,34.7,262,1.4,Singapore,2024
0 days 00:00:14.052000,21.0,52.0,978.1,False,42.1,217,0.5,Belgium,2024
0 days 00:01:14.050000,20.6,53.0,978.0,False,42.1,0,1.1,Belgium,2024
0 days 00:02:14.047000,20.6,52.0,978.0,False,42.2,284,0.7,Belgium,2024
0 days 00:03:14.053000,20.7,51.0,978.1,False,42.0,244,1.4,Belgium,2024
0 days 00:04:14.057000,20.7,51.0,978.1,False,41.1,13,1.2,Belgium,2024
0 days 00:05:14.062000,20.6,51.0,978.1,False,41.1,328,1.5,Belgium,2024
0 days 00:06:14.052000,20.8,50.0,978.1,False,40.5,21,1.8,Belgium,2024
0 days 00:07:14.075000,20.9,50.0,978.1,False,39.9,328,1.3,Belgium,2024
0 days 00:08:14.092000,20.9,51.0,978.2,False,40.1,314,1.3,Belgium,2024
0 days 00:09:14.123000,20.9,51.0,978.1,False,40.5,285,0.9,Belgium,2024
0 days 00:10:14.108000,21.0,51.0,978.2,False,40.9,203,1.2,Belgium,2024
0 days 00:11:14.106000,20.9,50.0,978.1,False,41.5,204,0.9,Belgium,2024
0 days 00:12:14.098000,20.8,51.0,978.0,False,41.5,177,0.9,Belgium,2024
0 days 00:13:14.124000,20.8,51.0,978.1,False,41.5,127,0.9,Belgium,2024
0 days 00:14:14.127000,20.9,51.0,978.0,False,41.8,152,1.4,Belgium,2024
0 days 00:15:14.146000,21.0,50.0,978.1,False,41.9,219,1.4,Belgium,2024
0 days 00:16:14.145000,21.0,53.0,978.1,False,41.9,349,1.2,Belgium,2024
0 days 00:17:14.141000,21.0,50.0,978.1,False,42.3,4,2.6,Belgium,2024
0 days 00:18:14.143000,21.1,49.0,978.2,False,42.4,345,2.4,Belgium,2024
0 days 00:19:14.145000,21.2,50.0,978.2,False,42.3,12,1.7,Belgium,2024
0 days 00:20:14.150000,21.3,51.0,978.2,False,42.4,15,1.0,Belgium,2024
0 days 00:21:14.146000,21.5,51.0,978.2,False,42.4,355,1.2,Belgium,2024
0 days 00:22:14.152000,21.4,50.0,978.2,False,42.3,345,0.8,Belgium,2024
0 days 00:23:14.145000,21.4,51.0,978.2,False,42.3,4,1.5,Belgium,2024
0 days 00:24:14.150000,21.4,52.0,978.1,False,42.4,258,0.8,Belgium,2024
0 days 00:25:14.150000,21.3,51.0,978.1,False,42.6,267,0.7,Belgium,2024
0 days 00:26:14.145000,21.2,52.0,978.1,False,42.6,6,1.8,Belgium,2024
0 days 00:27:14.149000,21.2,50.0,978.2,False,42.6,30,2.3,Belgium,2024
0 days 00:28:14.155000,21.0,51.0,978.2,False,42.6,358,1.3,Belgium,2024
0 days 00:29:14.156000,20.9,50.0,978.2,False,42.2,319,2.0,Belgium,2024
0 days 00:30:14.156000,20.7,51.0,978.2,False,40.1,19,1.7,Belgium,2024
0 days 00:31:14.159000,20.6,51.0,978.2,False,39.4,279,2.5,Belgium,2024
0 days 00:32:14.151000,20.6,52.0,978.2,False,39.7,223,0.8,Belgium,2024
0 days 00:33:14.161000,20.8,53.0,978.1,False,40.9,1,0.9,Belgium,2024
0 days 00:34:14.162000,21.0,51.0,978.3,False,41.6,348,0.9,Belgium,2024
0 days 00:35:14.165000,21.0,50.0,978.2,False,41.2,19,2.2,Belgium,2024
0 days 00:36:14.162000,21.0,51.0,978.3,False,40.2,22,1.6,Belgium,2024
0 days 00:37:14.165000,20.8,52.0,978.2,False,39.8,20,2.1,Belgium,2024
0 days 00:38:14.157000,20.7,52.0,978.1,False,39.1,329,2.0,Belgium,2024
0 days 00:39:14.167000,20.7,51.0,978.2,False,38.2,17,2.6,Belgium,2024
0 days 00:40:14.162000,20.8,51.0,978.2,False,38.0,352,2.3,Belgium,2024
0 days 00:41:14.164000,20.8,51.0,978.2,False,37.8,15,2.6,Belgium,2024
0 days 00:42:14.162000,20.8,51.0,978.2,False,37.7,29,2.2,Belgium,2024
0 days 00:43:14.161000,20.9,52.0,978.2,False,37.7,47,1.9,Belgium,2024
0 days 00:44:14.168000,20.9,51.0,978.2,False,39.5,17,1.6,Belgium,2024
0 days 00:45:14.182000,21.0,52.0,978.2,False,40.4,30,0.8,Belgium,2024
0 days 00:46:14.171000,21.0,52.0,978.2,False,40.9,15,1.1,Belgium,2024
0 days 00:47:14.169000,21.1,49.0,978.1,False,41.5,30,2.7,Belgium,2024
0 days 00:48:14.163000,21.1,49.0,978.2,False,42.0,34,2.9,Belgium,2024
0 days 00:49:14.163000,20.9,49.0,978.2,False,42.0,1,3.1,Belgium,2024
0 days 00:50:14.223000,20.9,50.0,978.2,False,42.0,3,2.6,Belgium,2024
0 days 00:51:14.175000,20.8,50.0,978.1,False,42.3,42,1.5,Belgium,2024
0 days 00:52:14.165000,20.9,50.0,978.1,False,42.4,31,1.6,Belgium,2024
0 days 00:53:14.169000,20.9,49.0,978.2,False,42.4,15,2.2,Belgium,2024
0 days 00:54:14.202000,20.9,49.0,978.1,False,42.3,33,2.2,Belgium,2024
0 days 00:55:14.198000,20.9,50.0,978.3,False,42.3,318,2.0,Belgium,2024
0 days 00:56:14.218000,21.0,49.0,978.2,False,42.6,321,1.3,Belgium,2024
0 days 00:57:14.232000,21.0,48.0,978.1,False,42.4,311,1.8,Belgium,2024
0 days 00:58:14.233000,21.0,48.0,978.1,False,42.4,311,1.8,Belgium,2024
0 days 00:59:14.234000,21.0,49.0,978.2,False,42.4,238,0.7,Belgium,2024
0 days 01:00:14.256000,21.2,49.0,978.2,False,42.6,149,1.2,Belgium,2024
0 days 01:01:14.274000,21.3,47.0,978.2,False,42.7,2,0.6,Belgium,2024
0 days 01:02:14.283000,21.3,48.0,978.2,False,42.7,8,2.2,Belgium,2024
0 days 01:03:14.276000,21.1,48.0,978.1,False,42.6,52,1.3,Belgium,2024
0 days 01:04:14.291000,21.0,49.0,978.2,False,42.4,3,1.2,Belgium,2024
0 days 01:05:14.298000,21.1,50.0,978.2,False,42.7,69,1.4,Belgium,2024
0 days 01:06:14.314000,21.3,50.0,978.3,False,42.7,287,1.1,Belgium,2024
0 days 01:07:14.316000,21.3,50.0,978.1,False,42.7,59,1.3,Belgium,2024
0 days 01:08:14.309000,21.4,49.0,978.0,False,42.6,342,0.6,Belgium,2024
0 days 01:09:14.325000,21.5,48.0,978.0,False,42.7,6,2.8,Belgium,2024
0 days 01:10:14.346000,21.5,48.0,978.0,False,42.9,359,2.9,Belgium,2024
0 days 01:11:14.361000,21.4,49.0,978.1,False,43.1,335,3.3,Belgium,2024
0 days 01:12:14.353000,21.5,48.0,978.0,False,43.1,12,2.9,Belgium,2024
0 days 01:13:14.365000,21.4,49.0,978.0,False,43.3,36,2.2,Belgium,2024
0 days 01:14:14.396000,21.4,49.0,977.9,False,43.3,40,1.9,Belgium,2024
0 days 01:15:14.365000,21.6,51.0,978.0,False,43.3,2,2.3,Belgium,2024
0 days 01:16:14.434000,21.4,50.0,978.1,False,42.9,40,3.2,Belgium,2024
0 days 01:17:14.415000,21.5,51.0,978.1,False,42.9,1,2.4,Belgium,2024
0 days 01:18:14.411000,21.6,52.0,978.1,False,42.9,328,2.0,Belgium,2024
0 days 01:19:14.406000,21.6,51.0,978.1,False,42.8,354,1.4,Belgium,2024
0 days 01:20:14.407000,21.6,50.0,978.1,False,42.6,0,2.2,Belgium,2024
0 days 01:21:14.421000,21.7,50.0,978.1,False,43.0,21,1.1,Belgium,2024
0 days 01:22:14.429000,21.7,50.0,978.1,False,43.0,21,1.1,Belgium,2024
0 days 01:23:14.429000,21.7,48.0,978.1,False,43.0,358,2.0,Belgium,2024
0 days 01:24:14.445000,21.8,48.0,978.1,False,42.8,319,1.5,Belgium,2024
0 days 01:25:14.445000,21.8,48.0,978.1,False,42.8,319,1.5,Belgium,2024
0 days 01:26:14.447000,21.9,49.0,978.1,False,43.3,192,1.2,Belgium,2024
0 days 01:27:14.452000,22.0,49.0,978.1,False,43.3,192,1.2,Belgium,2024
0 days 01:28:14.447000,22.0,50.0,978.0,False,43.3,49,1.7,Belgium,2024
0 days 01:29:14.464000,22.0,49.0,978.0,False,43.2,123,0.6,Belgium,2024
0 days 01:30:14.447000,22.0,47.0,978.0,False,42.8,147,1.4,Belgium,2024
0 days 01:31:14.452000,21.7,48.0,978.1,False,42.6,15,0.4,Belgium,2024
0 days 01:32:14.446000,21.6,48.0,977.8,False,42.7,46,1.0,Belgium,2024
0 days 01:33:14.447000,21.5,47.0,977.9,False,43.0,7,1.6,Belgium,2024
0 days 01:34:14.446000,21.7,48.0,978.0,False,43.4,270,1.7,Belgium,2024
0 days 01:35:14.455000,21.7,47.0,978.0,False,43.3,339,1.5,Belgium,2024
0 days 01:36:14.456000,21.8,47.0,978.0,False,43.5,320,0.8,Belgium,2024
0 days 01:37:14.454000,21.8,47.0,978.0,False,43.3,15,1.4,Belgium,2024
0 days 01:38:14.525000,21.8,48.0,978.0,False,43.5,0,2.1,Belgium,2024
0 days 01:39:14.451000,21.7,47.0,977.9,False,43.5,2,3.1,Belgium,2024
0 days 01:40:14.459000,21.6,49.0,978.0,False,43.5,338,1.3,Belgium,2024
0 days 01:41:14.466000,21.5,50.0,977.9,False,43.4,2,0.6,Belgium,2024
0 days 01:42:14.461000,21.6,50.0,978.0,False,44.1,36,1.4,Belgium,2024
0 days 01:43:14.461000,21.8,49.0,977.9,False,44.1,331,2.4,Belgium,2024
0 days 01:44:14.452000,21.9,50.0,978.0,False,43.5,6,1.9,Belgium,2024
0 days 01:45:14.461000,21.9,49.0,978.0,False,43.4,12,1.6,Belgium,2024
0 days 01:46:14.460000,21.7,49.0,978.0,False,43.5,250,2.2,Belgium,2024
0 days 01:47:14.453000,21.4,49.0,978.0,False,43.6,4,1.1,Belgium,2024
0 days 01:48:14.459000,21.3,49.0,978.0,False,43.7,16,1.9,Belgium,2024
0 days 01:49:14.547000,21.3,49.0,978.1,False,43.8,10,2.6,Belgium,2024
0 days 01:50:14.469000,21.5,48.0,977.9,False,44.0,20,2.6,Belgium,2024
0 days 01:51:14.466000,21.7,49.0,978.0,False,44.1,18,3.2,Belgium,2024
0 days 01:52:14.476000,21.8,49.0,977.9,False,44.0,0,2.1,Belgium,2024
0 days 01:53:14.467000,21.9,50.0,978.0,False,44.0,3,2.2,Belgium,2024
0 days 01:54:14.467000,21.9,50.0,977.9,False,43.6,25,2.1,Belgium,2024
0 days 01:55:14.444000,21.9,50.0,978.0,False,43.5,18,2.8,Belgium,2024
0 days 01:56:14.463000,21.9,50.0,978.0,False,43.4,22,1.9,Belgium,2024
0 days 01:57:14.463000,21.8,50.0,978.1,False,42.4,9,2.2,Belgium,2024
0 days 01:58:14.462000,21.8,49.0,978.1,False,41.7,19,2.2,Belgium,2024
0 days 01:59:14.523000,21.6,49.0,978.1,False,41.8,355,1.8,Belgium,2024
0 days 02:00:14.462000,21.5,48.0,978.1,False,42.5,13,1.9,Belgium,2024
0 days 02:01:14.498000,21.3,49.0,978.1,False,42.8,25,1.2,Belgium,2024
0 days 02:02:14.472000,21.4,49.0,978.1,False,42.9,251,1.4,Belgium,2024
0 days 02:03:14.469000,21.7,48.0,978.1,False,43.2,3,0.5,Belgium,2024
0 days 02:04:14.466000,21.9,47.0,978.2,False,43.1,335,1.4,Belgium,2024
0 days 02:05:14.479000,21.9,48.0,978.1,False,43.1,18,1.4,Belgium,2024
0 days 02:06:14.483000,21.9,47.0,978.1,False,43.2,332,2.4,Belgium,2024
0 days 02:07:14.483000,22.1,48.0,978.1,False,43.2,315,1.9,Belgium,2024
0 days 02:08:14.483000,22.0,49.0,978.0,False,42.6,334,2.0,Belgium,2024
0 days 02:09:14.488000,22.0,49.0,978.2,False,42.8,5,2.0,Belgium,2024
0 days 02:10:14.484000,22.0,48.0,978.1,False,42.6,335,1.6,Belgium,2024
0 days 02:11:14.498000,21.8,47.0,978.2,False,42.3,336,1.7,Belgium,2024
0 days 02:12:14.511000,21.6,48.0,978.0,False,42.3,343,1.2,Belgium,2024
0 days 02:13:14.530000,21.5,48.0,978.1,False,42.5,2,1.7,Belgium,2024
0 days 02:14:14.523000,21.4,48.0,978.0,False,42.6,8,1.6,Belgium,2024
0 days 02:15:14.532000,21.4,48.0,978.1,False,42.9,352,1.9,Belgium,2024
0 days 02:16:14.544000,21.4,46.0,978.1,False,42.9,322,1.5,Belgium,2024
0 days 00:00:40.658000,22.2,44.0,1012.5,False,39.4,179,2.1,Japan,2024
0 days 00:01:40.661000,22.1,44.0,1012.5,False,39.3,181,1.8,Japan,2024
0 days 00:02:40.659000,22.0,45.0,1012.4,False,39.2,170,1.8,Japan,2024
0 days 00:03:40.660000,22.0,45.0,1012.4,False,39.3,182,2.1,Japan,2024
0 days 00:04:40.660000,22.0,44.0,1012.4,False,39.1,196,2.2,Japan,2024
0 days 00:05:40.668000,22.0,44.0,1012.4,False,38.9,172,2.5,Japan,2024
0 days 00:06:40.662000,22.0,45.0,1012.4,False,38.9,171,2.7,Japan,2024
0 days 00:07:40.663000,22.1,45.0,1012.5,False,39.4,172,1.7,Japan,2024
0 days 00:08:40.668000,22.2,45.0,1012.4,False,39.4,172,2.0,Japan,2024
0 days 00:09:40.665000,22.0,44.0,1012.4,False,39.5,177,1.7,Japan,2024
0 days 00:10:40.670000,22.0,44.0,1012.4,False,39.5,167,1.7,Japan,2024
0 days 00:11:40.667000,22.1,45.0,1012.4,False,39.8,154,1.8,Japan,2024
0 days 00:12:40.667000,22.1,45.0,1012.4,False,39.7,169,1.4,Japan,2024
0 days 00:13:40.667000,22.2,45.0,1012.3,False,39.4,186,2.2,Japan,2024
0 days 00:14:40.668000,22.3,43.0,1012.5,False,39.4,193,2.4,Japan,2024
0 days 00:15:40.668000,22.1,43.0,1012.5,False,39.0,180,2.2,Japan,2024
0 days 00:16:40.670000,21.9,44.0,1012.4,False,39.1,192,2.2,Japan,2024
0 days 00:17:40.669000,22.0,42.0,1012.4,False,39.4,147,1.5,Japan,2024
0 days 00:18:40.670000,22.0,43.0,1012.3,False,39.4,185,1.7,Japan,2024
0 days 00:19:40.672000,22.0,42.0,1012.3,False,39.3,200,2.4,Japan,2024
0 days 00:20:40.673000,22.2,43.0,1012.3,False,39.5,191,2.1,Japan,2024
0 days 00:21:40.715000,22.2,43.0,1012.3,False,39.5,174,1.6,Japan,2024
0 days 00:22:40.676000,22.2,43.0,1012.3,False,39.8,191,2.3,Japan,2024
0 days 00:23:40.667000,22.1,43.0,1012.3,False,39.9,186,2.2,Japan,2024
0 days 00:24:40.679000,22.1,42.0,1012.4,False,39.7,194,2.1,Japan,2024
0 days 00:25:40.674000,22.0,41.0,1012.3,False,39.5,193,1.4,Japan,2024
0 days 00:26:40.675000,22.0,43.0,1012.3,False,39.3,201,1.5,Japan,2024
0 days 00:27:40.677000,22.1,42.0,1012.2,False,39.8,176,1.2,Japan,2024
0 days 00:28:40.677000,22.3,42.0,1012.1,False,40.0,167,1.3,Japan,2024
0 days 00:29:40.725000,22.3,41.0,1012.2,False,40.2,164,1.5,Japan,2024
0 days 00:30:40.680000,22.2,41.0,1012.2,False,40.2,146,1.5,Japan,2024
0 days 00:31:40.722000,22.2,40.0,1012.2,False,40.2,165,0.9,Japan,2024
0 days 00:32:40.682000,22.3,39.0,1012.1,False,39.7,168,1.8,Japan,2024
0 days 00:33:40.682000,22.1,38.0,1012.2,False,39.6,178,1.6,Japan,2024
0 days 00:34:40.681000,22.1,39.0,1012.1,False,39.6,212,1.5,Japan,2024
0 days 00:35:40.681000,22.2,41.0,1012.1,False,40.0,194,2.3,Japan,2024
0 days 00:36:40.683000,22.3,39.0,1012.1,False,39.9,203,2.9,Japan,2024
0 days 00:37:40.682000,22.1,39.0,1012.1,False,39.5,149,1.7,Japan,2024
0 days 00:38:40.686000,22.1,41.0,1012.1,False,39.5,205,1.2,Japan,2024
0 days 00:39:40.685000,22.2,42.0,1012.1,False,39.9,226,1.8,Japan,2024
0 days 00:40:40.684000,22.3,41.0,1012.1,False,39.9,183,1.0,Japan,2024
0 days 00:41:40.684000,22.4,42.0,1012.1,False,39.9,200,2.3,Japan,2024
0 days 00:42:40.686000,22.4,41.0,1012.1,False,40.4,201,3.4,Japan,2024
0 days 00:43:40.687000,22.2,41.0,1012.1,False,39.9,185,2.4,Japan,2024
0 days 00:44:40.688000,22.1,41.0,1012.1,False,40.4,183,2.2,Japan,2024
0 days 00:45:40.687000,22.1,40.0,1012.1,False,40.0,195,1.4,Japan,2024
0 days 00:46:40.688000,22.2,42.0,1012.0,False,40.2,179,1.8,Japan,2024
0 days 00:47:40.688000,22.3,42.0,1012.1,False,40.2,189,2.2,Japan,2024
0 days 00:48:40.689000,22.5,41.0,1012.1,False,39.7,173,1.4,Japan,2024
0 days 00:49:40.692000,22.4,41.0,1012.1,False,39.7,173,1.4,Japan,2024
0 days 00:50:40.692000,22.5,41.0,1012.0,False,39.7,147,1.4,Japan,2024
0 days 00:51:40.692000,22.5,41.0,1012.1,False,40.1,183,1.9,Japan,2024
0 days 00:52:40.692000,22.5,37.0,1012.1,False,40.3,199,1.8,Japan,2024
0 days 00:53:40.693000,22.5,39.0,1012.1,False,40.2,205,3.0,Japan,2024
0 days 00:54:40.693000,22.4,40.0,1012.1,False,40.4,197,2.1,Japan,2024
0 days 00:55:40.701000,22.2,40.0,1012.1,False,40.5,195,2.5,Japan,2024
0 days 00:56:40.695000,22.3,39.0,1012.1,False,40.3,209,2.3,Japan,2024
0 days 00:57:40.701000,22.3,40.0,1012.1,False,40.3,201,2.6,Japan,2024
0 days 00:58:40.695000,22.3,41.0,1012.1,False,40.3,217,3.3,Japan,2024
0 days 00:59:40.699000,22.3,39.0,1012.0,False,40.1,191,2.1,Japan,2024
0 days 01:00:40.699000,22.2,43.0,1012.0,False,40.1,171,1.9,Japan,2024
0 days 01:01:40.699000,22.1,43.0,1012.1,False,39.8,171,2.0,Japan,2024
0 days 01:02:40.698000,22.3,42.0,1012.1,False,40.0,181,1.5,Japan,2024
0 days 01:03:40.699000,22.5,42.0,1012.1,False,40.0,168,1.7,Japan,2024
0 days 01:04:40.699000,22.5,40.0,1012.1,False,40.0,193,1.4,Japan,2024
0 days 01:05:40.703000,22.5,39.0,1012.1,False,39.9,196,2.1,Japan,2024
0 days 01:06:40.702000,22.6,39.0,1012.2,False,39.9,166,2.6,Japan,2024
0 days 01:07:40.703000,22.6,38.0,1012.1,False,40.0,195,2.2,Japan,2024
0 days 01:08:40.703000,22.5,37.0,1012.0,False,39.9,195,2.4,Japan,2024
0 days 01:09:40.703000,22.4,40.0,1012.1,False,39.6,162,1.9,Japan,2024
0 days 01:10:40.706000,22.4,37.0,1012.1,False,39.7,162,1.1,Japan,2024
0 days 01:11:40.720000,22.5,35.0,1012.2,False,39.7,197,2.0,Japan,2024
0 days 01:12:40.725000,22.6,36.0,1012.1,False,39.5,187,2.3,Japan,2024
0 days 01:13:40.737000,22.5,37.0,1012.1,False,39.4,206,1.7,Japan,2024
0 days 01:14:40.754000,22.5,36.0,1012.1,False,39.4,197,2.9,Japan,2024
0 days 01:15:40.754000,22.5,37.0,1012.2,False,39.3,213,2.4,Japan,2024
0 days 01:16:40.754000,22.5,38.0,1012.0,False,39.5,194,1.8,Japan,2024
0 days 01:17:40.756000,22.5,38.0,1012.1,False,39.5,172,1.9,Japan,2024
0 days 01:18:40.757000,22.5,38.0,1012.0,False,39.7,192,2.1,Japan,2024
0 days 01:19:40.773000,22.6,37.0,1012.1,False,39.5,181,2.5,Japan,2024
0 days 01:20:40.794000,22.7,38.0,1012.2,False,39.2,211,2.5,Japan,2024
0 days 01:21:40.808000,22.7,39.0,1012.2,False,39.7,191,2.7,Japan,2024
0 days 01:22:40.804000,22.6,39.0,1012.2,False,39.7,191,2.7,Japan,2024
0 days 01:23:40.805000,22.5,36.0,1012.1,False,39.7,202,3.6,Japan,2024
0 days 01:24:40.813000,22.4,37.0,1012.2,False,39.5,198,3.3,Japan,2024
0 days 01:25:40.806000,22.5,38.0,1012.1,False,39.5,193,2.4,Japan,2024
0 days 01:26:40.807000,22.6,37.0,1012.2,False,39.1,185,2.6,Japan,2024
0 days 01:27:40.823000,22.7,36.0,1012.2,False,39.5,192,2.7,Japan,2024
0 days 01:28:40.841000,22.7,36.0,1012.2,False,39.5,201,3.0,Japan,2024
0 days 01:29:40.850000,22.6,33.0,1012.2,False,39.8,196,3.6,Japan,2024
0 days 01:30:40.842000,22.6,33.0,1012.2,False,39.5,191,3.1,Japan,2024
0 days 01:31:40.840000,22.6,32.0,1012.3,False,39.3,203,3.3,Japan,2024
0 days 01:32:40.841000,22.5,34.0,1012.2,False,39.1,199,3.5,Japan,2024
0 days 01:33:40.843000,22.5,35.0,1012.2,False,38.8,191,3.5,Japan,2024
0 days 01:34:40.846000,22.5,36.0,1012.3,False,38.8,220,2.9,Japan,2024
0 days 01:35:40.844000,22.4,37.0,1012.3,False,38.9,208,2.6,Japan,2024
0 days 01:36:40.844000,22.5,37.0,1012.2,False,39.0,216,3.1,Japan,2024
0 days 01:37:40.845000,22.5,37.0,1012.1,False,39.0,204,4.2,Japan,2024
0 days 01:38:40.848000,22.5,38.0,1012.3,False,39.0,195,3.0,Japan,2024
0 days 01:39:40.948000,22.5,39.0,1012.2,False,38.8,201,3.1,Japan,2024
0 days 01:40:40.862000,22.4,40.0,1012.2,False,38.8,201,2.8,Japan,2024
0 days 01:41:40.847000,22.3,40.0,1012.2,False,38.7,204,3.5,Japan,2024
0 days 01:42:40.850000,22.4,40.0,1012.1,False,38.7,207,3.6,Japan,2024
0 days 01:43:40.850000,22.3,38.0,1012.2,False,38.8,206,4.1,Japan,2024
0 days 01:44:40.855000,22.2,39.0,1012.2,False,38.9,212,4.1,Japan,2024
0 days 01:45:40.850000,22.1,40.0,1012.3,False,39.0,208,3.1,Japan,2024
0 days 01:46:40.852000,22.2,39.0,1012.3,False,39.0,196,3.2,Japan,2024
0 days 01:47:40.858000,22.1,38.0,1012.3,False,38.5,199,2.6,Japan,2024
0 days 01:48:40.853000,22.0,39.0,1012.2,False,37.8,185,2.9,Japan,2024
0 days 01:49:40.853000,21.9,40.0,1012.3,False,37.1,176,2.0,Japan,2024
0 days 01:50:40.854000,21.7,39.0,1012.2,False,36.7,173,2.6,Japan,2024
0 days 01:51:40.859000,21.6,40.0,1012.3,False,36.3,156,2.3,Japan,2024
0 days 01:52:40.856000,21.6,41.0,1012.4,False,36.6,173,1.7,Japan,2024
0 days 01:53:40.863000,21.6,40.0,1012.3,False,36.2,135,2.1,Japan,2024
0 days 01:54:40.876000,21.6,41.0,1012.3,False,36.1,183,1.4,Japan,2024
0 days 01:55:40.889000,21.5,41.0,1012.4,False,36.0,188,2.0,Japan,2024
0 days 01:56:40.908000,21.5,41.0,1012.4,False,35.2,168,2.3,Japan,2024
0 days 01:57:40.906000,21.3,42.0,1012.4,False,35.0,199,3.0,Japan,2024
0 days 01:58:40.905000,21.2,43.0,1012.3,False,34.9,170,2.4,Japan,2024
0 days 01:59:40.906000,21.1,43.0,1012.4,False,34.8,184,2.2,Japan,2024
0 days 02:00:40.907000,21.3,43.0,1012.4,False,34.6,152,2.2,Japan,2024
0 days 02:01:40.909000,21.2,43.0,1012.5,False,34.8,187,2.1,Japan,2024
0 days 02:02:40.927000,21.2,42.0,1012.5,False,34.5,197,2.7,Japan,2024
0 days 02:03:40.924000,21.1,44.0,1012.5,False,34.2,192,3.7,Japan,2024
0 days 02:04:40.927000,21.1,45.0,1012.6,False,34.3,201,3.3,Japan,2024
0 days 02:05:40.926000,21.0,45.0,1012.7,False,34.4,197,2.5,Japan,2024
0 days 02:06:40.929000,21.2,46.0,1012.6,False,35.2,195,3.3,Japan,2024
0 days 02:07:40.943000,21.2,46.0,1012.5,False,35.3,191,2.5,Japan,2024
0 days 02:08:40.959000,21.1,46.0,1012.5,False,35.4,204,2.1,Japan,2024
0 days 02:09:40.959000,21.0,46.0,1012.5,False,35.6,198,2.5,Japan,2024
0 days 02:10:40.968000,21.0,47.0,1012.5,False,35.6,186,2.1,Japan,2024
0 days 02:11:40.961000,21.1,46.0,1012.6,False,36.0,148,2.3,Japan,2024
0 days 02:12:40.978000,21.1,47.0,1012.6,False,36.0,182,2.0,Japan,2024
0 days 02:13:40.980000,21.3,46.0,1012.5,False,35.7,195,2.4,Japan,2024
0 days 02:14:40.978000,21.4,46.0,1012.5,False,35.5,186,2.8,Japan,2024
0 days 02:15:40.994000,21.4,47.0,1012.5,False,35.7,190,3.0,Japan,2024
0 days 02:16:40.996000,21.4,47.0,1012.4,False,36.3,185,3.5,Japan,2024
0 days 02:17:41.002000,21.5,47.0,1012.5,False,36.2,180,3.2,Japan,2024
0 days 02:18:40.996000,21.4,48.0,1012.5,False,36.4,191,1.6,Japan,2024
0 days 02:19:40.999000,21.4,48.0,1012.5,False,36.5,186,1.9,Japan,2024
0 days 02:20:40.999000,21.3,47.0,1012.5,False,36.5,199,2.0,Japan,2024
0 days 02:21:41.005000,21.3,47.0,1012.6,False,36.3,192,2.4,Japan,2024
0 days 02:22:41.009000,21.3,46.0,1012.6,False,36.5,156,2.3,Japan,2024
0 days 02:23:40.990000,21.4,47.0,1012.5,False,36.5,192,2.4,Japan,2024
0 days 02:24:41.007000,21.3,47.0,1012.6,False,36.7,191,2.1,Japan,2024
0 days 02:25:41.005000,21.2,47.0,1012.6,False,36.5,197,2.3,Japan,2024
0 days 02:26:41.006000,21.2,47.0,1012.7,False,36.2,185,2.9,Japan,2024
0 days 02:27:41.003000,21.0,48.0,1012.7,False,35.5,163,1.4,Japan,2024
0 days 02:28:41.005000,21.0,48.0,1012.7,False,35.1,191,1.4,Japan,2024
0 days 02:29:41.006000,20.9,48.0,1012.7,False,34.9,174,1.4,Japan,2024
0 days 02:30:41.025000,20.9,48.0,1012.7,False,34.6,164,1.6,Japan,2024
0 days 02:31:41.007000,20.9,48.0,1012.7,False,34.5,186,1.3,Japan,2024
0 days 02:32:41.001000,20.8,49.0,1012.7,False,34.5,145,1.5,Japan,2024
0 days 02:33:41.008000,20.6,50.0,1012.7,False,34.2,172,1.3,Japan,2024
0 days 02:34:41.008000,20.6,50.0,1012.7,False,34.0,206,1.8,Japan,2024
0 days 02:35:41.009000,20.6,51.0,1012.8,False,34.0,197,1.7,Japan,2024
0 days 02:36:41.023000,20.4,51.0,1012.8,False,33.1,194,2.6,Japan,2024
0 days 02:37:41.027000,20.4,52.0,1012.8,False,33.1,137,1.9,Japan,2024
0 days 02:38:41.042000,20.3,52.0,1012.8,False,33.3,166,1.2,Japan,2024
0 days 02:39:41.043000,20.3,52.0,1012.8,False,33.3,176,1.9,Japan,2024
0 days 02:40:41.057000,20.3,52.0,1012.7,False,33.1,188,1.3,Japan,2024
0 days 02:41:41.060000,20.1,52.0,1012.8,False,33.0,186,2.2,Japan,2024
0 days 02:42:41.060000,20.1,53.0,1012.8,False,32.9,185,2.1,Japan,2024
0 days 02:43:41.075000,20.0,53.0,1012.9,False,32.6,146,2.3,Japan,2024
0 days 02:44:41.091000,20.0,54.0,1012.8,False,32.5,197,2.0,Japan,2024
0 days 02:45:41.092000,19.9,54.0,1012.8,False,32.3,188,3.0,Japan,2024
0 days 02:46:41.110000,19.9,56.0,1012.8,False,32.2,197,1.7,Japan,2024
0 days 02:47:41.111000,19.8,56.0,1012.8,False,32.2,197,1.7,Japan,2024
0 days 02:48:41.114000,19.7,55.0,1012.9,False,32.7,192,0.9,Japan,2024
0 days 02:49:41.111000,19.8,54.0,1012.9,False,31.9,165,2.6,Japan,2024
0 days 02:50:41.114000,19.8,55.0,1012.9,False,31.8,177,2.1,Japan,2024
0 days 02:51:41.117000,19.8,56.0,1012.9,False,32.0,173,2.3,Japan,2024
0 days 02:52:41.144000,19.8,56.0,1012.9,False,32.0,203,2.2,Japan,2024
0 days 02:53:41.146000,19.8,56.0,1012.8,False,31.7,191,2.2,Japan,2024
0 days 02:54:41.144000,19.7,56.0,1012.9,False,31.3,182,1.7,Japan,2024
0 days 02:55:41.148000,19.6,56.0,1012.9,False,31.3,199,2.4,Japan,2024
0 days 02:56:41.150000,19.6,56.0,1012.9,False,31.3,196,2.6,Japan,2024
0 days 02:57:41.150000,19.5,57.0,1012.8,False,31.5,155,1.8,Japan,2024
0 days 02:58:41.149000,19.5,57.0,1012.8,False,31.5,155,1.8,Japan,2024
0 days 02:59:41.150000,19.5,56.0,1012.8,False,31.5,184,2.2,Japan,2024
0 days 03:00:41.150000,19.5,56.0,1012.9,False,31.8,181,2.7,Japan,2024
0 days 00:00:26.141000,33.2,38.0,993.8,False,52.1,318,0.7,Monza,2024
0 days 00:01:26.139000,33.2,37.0,993.9,False,52.1,207,1.0,Monza,2024
0 days 00:02:26.141000,33.2,37.0,993.9,False,52.8,230,1.3,Monza,2024
0 days 00:03:26.146000,33.2,36.0,993.8,False,52.8,200,0.7,Monza,2024
0 days 00:04:26.151000,33.3,36.0,993.8,False,52.8,182,0.8,Monza,2024
0 days 00:05:26.168000,33.3,36.0,993.8,False,53.0,318,0.8,Monza,2024
0 days 00:06:26.187000,33.3,35.0,993.9,False,53.0,349,1.5,Monza,2024
0 days 00:07:26.203000,33.4,35.0,993.8,False,52.7,0,1.7,Monza,2024
0 days 00:08:26.205000,33.3,35.0,993.8,False,53.0,230,0.4,Monza,2024
0 days 00:09:26.214000,33.3,34.0,993.8,False,53.3,229,1.6,Monza,2024
0 days 00:10:26.225000,33.4,34.0,993.8,False,53.2,177,1.6,Monza,2024
0 days 00:11:26.228000,33.3,34.0,993.7,False,53.2,198,1.6,Monza,2024
0 days 00:12:26.230000,33.3,34.0,993.8,False,53.4,177,3.2,Monza,2024
0 days 00:13:26.237000,33.4,34.0,993.8,False,53.4,233,0.7,Monza,2024
0 days 00:14:26.223000,33.4,34.0,993.9,False,53.2,40,0.8,Monza,2024
0 days 00:15:26.221000,33.4,33.0,993.8,False,53.5,225,0.7,Monza,2024
0 days 00:16:26.234000,33.3,34.0,993.8,False,53.4,220,1.1,Monza,2024
0 days 00:17:26.255000,33.2,35.0,993.8,False,53.4,214,1.5,Monza,2024
0 days 00:18:26.243000,33.1,34.0,993.8,False,54.2,195,2.7,Monza,2024
0 days 00:19:26.249000,33.3,33.0,993.7,False,54.2,202,2.5,Monza,2024
0 days 00:20:26.246000,33.6,33.0,993.7,False,54.0,232,1.3,Monza,2024
0 days 00:21:26.248000,33.7,33.0,993.6,False,53.3,226,1.4,Monza,2024
0 days 00:22:26.251000,33.5,32.0,993.7,False,53.0,200,1.6,Monza,2024
0 days 00:23:26.258000,33.5,33.0,993.7,False,52.0,196,0.9,Monza,2024
0 days 00:24:26.270000,33.5,33.0,993.6,False,51.8,222,0.9,Monza,2024
0 days 00:25:26.295000,33.7,32.0,993.6,False,52.2,163,1.6,Monza,2024
0 days 00:26:26.289000,33.6,32.0,993.7,False,52.8,195,1.4,Monza,2024
0 days 00:27:26.299000,33.5,32.0,993.5,False,52.7,195,0.8,Monza,2024
0 days 00:28:26.307000,33.5,32.0,993.4,False,53.0,181,0.7,Monza,2024
0 days 00:29:26.335000,33.6,31.0,993.4,False,53.5,243,0.9,Monza,2024
0 days 00:30:26.329000,33.8,31.0,993.5,False,53.5,350,1.2,Monza,2024
0 days 00:31:26.352000,33.7,31.0,993.5,False,53.5,312,1.6,Monza,2024
0 days 00:32:26.369000,33.6,31.0,993.5,False,53.8,324,0.7,Monza,2024
0 days 00:33:26.362000,33.6,31.0,993.4,False,53.8,156,1.4,Monza,2024
0 days 00:34:26.360000,33.7,32.0,993.4,False,53.7,119,1.7,Monza,2024
0 days 00:35:26.354000,33.6,32.0,993.4,False,53.7,121,1.4,Monza,2024
0 days 00:36:26.361000,33.8,33.0,993.5,False,53.6,198,1.3,Monza,2024
0 days 00:37:26.365000,33.9,33.0,993.5,False,52.9,239,1.7,Monza,2024
0 days 00:38:26.374000,33.8,34.0,993.4,False,52.8,215,1.7,Monza,2024
0 days 00:39:26.372000,33.7,33.0,993.4,False,52.9,185,2.0,Monza,2024
0 days 00:40:26.375000,33.6,34.0,993.5,False,53.8,206,2.3,Monza,2024
0 days 00:41:26.365000,33.9,32.0,993.4,False,54.0,202,1.3,Monza,2024
0 days 00:42:26.369000,33.9,33.0,993.5,False,53.8,0,0.9,Monza,2024
0 days 00:43:26.375000,33.9,33.0,993.5,False,53.3,214,0.6,Monza,2024
0 days 00:44:26.364000,34.0,33.0,993.4,False,53.8,220,1.9,Monza,2024
0 days 00:45:26.378000,34.1,33.0,993.4,False,53.9,240,1.1,Monza,2024
0 days 00:46:26.377000,34.0,32.0,993.3,False,54.1,265,1.1,Monza,2024
0 days 00:47:26.371000,33.9,32.0,993.3,False,53.9,352,0.6,Monza,2024
0 days 00:48:26.382000,33.7,32.0,993.3,False,53.7,270,0.8,Monza,2024
0 days 00:49:26.378000,33.7,33.0,993.2,False,53.7,205,1.5,Monza,2024
0 days 00:50:26.385000,33.8,33.0,993.2,False,54.4,196,2.4,Monza,2024
0 days 00:51:26.384000,33.7,33.0,993.2,False,54.4,201,2.4,Monza,2024
0 days 00:52:26.377000,33.8,33.0,993.2,False,54.6,198,2.1,Monza,2024
0 days 00:53:26.386000,33.8,33.0,993.2,False,53.5,190,2.0,Monza,2024
0 days 00:54:26.375000,33.8,33.0,993.2,False,52.4,192,2.8,Monza,2024
0 days 00:55:26.380000,33.8,33.0,993.3,False,51.7,194,2.2,Monza,2024
0 days 00:56:26.384000,33.8,32.0,993.2,False,51.3,191,1.9,Monza,2024
0 days 00:57:26.393000,33.9,31.0,993.2,False,50.5,218,1.4,Monza,2024
0 days 00:58:26.388000,33.8,30.0,993.2,False,50.4,183,0.7,Monza,2024
0 days 00:59:26.375000,33.7,30.0,993.3,False,50.6,185,2.3,Monza,2024
0 days 01:00:26.383000,33.7,31.0,993.2,False,50.6,201,1.9,Monza,2024
0 days 01:01:26.378000,33.7,30.0,993.2,False,50.7,192,2.3,Monza,2024
0 days 01:02:26.388000,33.7,31.0,993.2,False,50.6,194,1.8,Monza,2024
0 days 01:03:26.395000,33.5,31.0,993.1,False,50.2,192,2.0,Monza,2024
0 days 01:04:26.396000,33.5,32.0,993.1,False,49.6,170,2.1,Monza,2024
0 days 01:05:26.429000,33.4,32.0,993.1,False,49.5,0,0.6,Monza,2024
0 days 01:06:26.407000,33.3,32.0,993.1,False,49.5,200,1.0,Monza,2024
0 days 01:07:26.408000,33.3,31.0,993.1,False,49.0,239,1.7,Monza,2024
0 days 01:08:26.411000,33.3,31.0,993.1,False,48.7,219,1.2,Monza,2024
0 days 01:09:26.416000,33.3,31.0,993.0,False,48.6,196,1.8,Monza,2024
0 days 01:10:26.425000,33.2,31.0,993.1,False,48.4,197,1.5,Monza,2024
0 days 01:11:26.432000,33.2,31.0,993.2,False,47.7,232,1.6,Monza,2024
0 days 01:12:26.439000,33.1,32.0,993.1,False,47.6,183,1.0,Monza,2024
0 days 01:13:26.449000,33.0,31.0,993.0,False,47.6,177,1.3,Monza,2024
0 days 01:14:26.449000,33.0,31.0,993.1,False,47.5,188,2.3,Monza,2024
0 days 01:15:26.447000,32.9,31.0,993.0,False,48.0,197,2.3,Monza,2024
0 days 01:16:26.443000,32.9,31.0,993.0,False,47.9,197,1.9,Monza,2024
0 days 01:17:26.454000,32.8,31.0,993.0,False,47.9,197,2.0,Monza,2024
0 days 01:18:26.459000,32.8,30.0,993.1,False,47.8,195,1.9,Monza,2024
0 days 01:19:26.473000,32.9,31.0,993.0,False,47.5,178,1.4,Monza,2024
0 days 01:20:26.496000,32.9,31.0,993.0,False,47.2,195,1.7,Monza,2024
0 days 01:21:26.502000,32.8,31.0,993.0,False,47.0,200,1.3,Monza,2024
0 days 01:22:26.501000,32.8,31.0,993.0,False,46.8,192,1.1,Monza,2024
0 days 01:23:26.498000,32.8,31.0,993.0,False,46.6,200,1.6,Monza,2024
0 days 01:24:26.555000,32.8,31.0,993.0,False,46.5,183,2.2,Monza,2024
0 days 01:25:26.495000,32.8,32.0,993.0,False,46.3,196,1.8,Monza,2024
0 days 01:26:26.504000,32.7,31.0,992.9,False,46.2,188,1.8,Monza,2024
0 days 01:27:26.519000,32.7,31.0,993.0,False,46.1,177,1.5,Monza,2024
0 days 01:28:26.518000,32.6,31.0,993.0,False,45.9,190,1.2,Monza,2024
0 days 01:29:26.514000,32.6,31.0,993.0,False,45.7,198,1.6,Monza,2024
0 days 01:30:26.537000,32.6,32.0,993.0,False,45.8,194,1.8,Monza,2024
0 days 01:31:26.540000,32.6,31.0,993.0,False,45.8,190,1.7,Monza,2024
0 days 01:32:26.532000,32.7,31.0,993.0,False,45.5,191,2.2,Monza,2024
0 days 01:33:26.532000,32.6,31.0,992.9,False,45.5,212,2.2,Monza,2024
0 days 01:34:26.533000,32.5,31.0,992.9,False,45.3,187,1.8,Monza,2024
0 days 01:35:26.539000,32.5,31.0,992.9,False,45.3,180,1.5,Monza,2024
0 days 01:36:26.543000,32.5,32.0,992.9,False,46.2,178,2.4,Monza,2024
0 days 01:37:26.543000,32.5,32.0,992.9,False,46.1,189,1.9,Monza,2024
0 days 01:38:26.544000,32.5,32.0,992.9,False,46.1,205,2.1,Monza,2024
0 days 01:39:26.535000,32.4,32.0,992.9,False,45.9,196,1.3,Monza,2024
0 days 01:40:26.538000,32.5,32.0,992.9,False,45.9,194,1.4,Monza,2024
0 days 01:41:26.542000,32.5,32.0,993.0,False,45.7,198,1.4,Monza,2024
0 days 01:42:26.545000,32.7,32.0,993.0,False,45.7,192,1.3,Monza,2024
0 days 01:43:26.546000,32.7,32.0,992.9,False,45.5,202,1.7,Monza,2024
0 days 01:44:26.535000,32.7,31.0,993.0,False,45.5,186,1.5,Monza,2024
0 days 01:45:26.534000,32.6,32.0,993.0,False,45.4,201,1.3,Monza,2024
0 days 01:46:26.548000,32.5,32.0,992.9,False,45.4,200,1.2,Monza,2024
0 days 01:47:26.554000,32.5,32.0,992.9,False,45.2,202,1.1,Monza,2024
0 days 01:48:26.546000,32.5,31.0,993.0,False,45.2,187,1.5,Monza,2024
0 days 01:49:26.539000,32.5,31.0,992.9,False,45.0,196,1.4,Monza,2024
0 days 01:50:26.549000,32.5,31.0,993.0,False,44.9,195,1.7,Monza,2024
0 days 01:51:26.562000,32.5,32.0,992.9,False,44.9,218,1.2,Monza,2024
0 days 01:52:26.557000,32.5,32.0,993.0,False,44.7,195,1.5,Monza,2024
0 days 01:53:26.549000,32.5,32.0,992.9,False,44.7,201,1.6,Monza,2024
0 days 01:54:26.556000,32.4,32.0,993.0,False,44.5,180,1.3,Monza,2024
0 days 01:55:26.571000,32.5,32.0,992.9,False,45.0,167,1.6,Monza,2024
0 days 01:56:26.548000,32.5,32.0,992.9,False,44.9,197,1.1,Monza,2024
0 days 01:57:26.561000,32.4,32.0,992.9,False,44.9,168,1.5,Monza,2024
0 days 01:58:26.549000,32.4,32.0,993.0,False,44.6,205,1.5,Monza,2024
0 days 01:59:26.560000,32.3,33.0,992.9,False,44.6,199,1.6,Monza,2024
0 days 02:00:26.556000,32.3,32.0,992.9,False,44.6,222,1.3,Monza,2024
0 days 02:01:26.549000,32.4,32.0,992.9,False,44.4,192,1.3,Monza,2024
0 days 02:02:26.552000,32.4,32.0,992.9,False,44.2,185,1.6,Monza,2024
0 days 02:03:26.564000,32.3,32.0,992.9,False,44.2,200,1.8,Monza,2024
0 days 02:04:26.563000,32.3,33.0,992.9,False,44.2,190,1.1,Monza,2024
0 days 02:05:26.557000,32.3,32.0,992.8,False,44.1,205,1.6,Monza,2024
0 days 02:06:26.564000,32.3,32.0,992.9,False,44.1,196,1.6,Monza,2024
0 days 02:07:26.593000,32.3,33.0,992.8,False,44.1,200,1.2,Monza,2024
0 days 02:08:26.615000,32.2,33.0,992.7,False,43.9,213,1.4,Monza,2024
0 days 02:09:26.629000,32.2,32.0,992.9,False,43.8,207,1.7,Monza,2024
0 days 02:10:26.648000,32.2,32.0,992.8,False,43.8,218,1.8,Monza,2024
0 days 02:11:26.663000,32.2,32.0,992.7,False,43.6,220,1.6,Monza,2024
0 days 02:12:26.670000,32.2,32.0,992.8,False,43.5,229,1.9,Monza,2024
